product_category,fault_type,purchase_date,claim_date,fault_date,repair_date,warranty_months,damage_type,receipt_present,registered_serial,evidence_serial,invoice_number,prior_claim_invoice,prior_claim_id,repair_count,authorized_repair,missing_document_count,scenario_reason,warranty_expiry_date,product_age_days,remaining_warranty_days,fault_claim_gap_days,repair_purchase_gap_days,serial_match,duplicate_indicator,contradiction_indicator,claim_class,claim_id
Phone,Display fault,2026-07-21,2026-09-23,2026-09-15,2026-08-12,12,None,1,SNUAYUM6FG,SNUAYUM6FG,INV597255126,,,1,0.0,0,unauthorized_repair,2027-07-21,64,301,8,22.0,1,0,0,Invalid Claim,AX-00001
Appliance,Motor fault,2026-03-21,2026-09-23,2026-09-13,2026-07-14,36,None,1,SNAGV9TTKX,SNAGV9TTKX,INV600126526,INV600126526,PRIOR-INV600126526,1,1.0,0,duplicate,2029-03-21,186,910,10,115.0,1,1,0,Manual Review,AX-00002
Laptop,Display fault,2025-12-12,2026-09-23,2026-09-09,2026-02-20,12,None,1,SN7LP7DFJC,SN7LP7DFJC,INV475367614,,,1,1.0,0,covered_fault,2026-12-12,285,80,14,70.0,1,0,0,Valid Claim,AX-00003
Laptop,Battery fault,2024-12-23,2026-09-23,2026-09-12,2024-11-28,24,None,1,SN6T9BX8MG,SN6T9BX8MG,INV481406417,,,1,1.0,0,repair_before_purchase,2026-12-23,639,91,11,-25.0,1,0,1,Manual Review,AX-00004
Phone,Battery fault,2026-06-22,2026-09-23,2026-09-13,2026-08-26,12,None,1,SN8XB8FYKD,SN8XB8FYKD,INV182980252,,,1,1.0,0,covered_fault,2027-06-22,93,272,10,65.0,1,0,0,Valid Claim,AX-00005
Phone,Display fault,2023-01-15,2026-09-23,2026-09-09,,36,None,1,SN9FEEJFBJ,SN9FEEJFBJ,INV618867340,,,0,,0,expired,2026-01-15,1347,-251,14,,1,0,0,Invalid Claim,AX-00006
Laptop,Display fault,2025-09-23,2026-09-23,2026-09-22,,36,None,1,SN6TJ4KPSZ,SN6TJ4KPSZ,INV825179450,,,0,,0,covered_fault,2028-09-23,365,731,1,,1,0,0,Valid Claim,AX-00007
Laptop,Power fault,2026-06-15,2026-09-23,2026-09-22,,12,None,0,SNJM86SAHQ,SNJM86SAHQ,,,,0,,2,missing_proof,2027-06-15,100,265,1,,1,0,0,Manual Review,AX-00008
Appliance,Motor fault,2025-12-23,2026-09-23,2026-09-13,2026-07-13,12,None,1,SNP229WP9N,SNP229WP9N,INV893665631,,,1,1.0,0,covered_fault,2026-12-23,274,91,10,202.0,1,0,0,Valid Claim,AX-00009
Appliance,Power fault,2025-04-21,2026-09-23,2026-09-12,2026-06-12,36,None,1,SN2Z5NSYQF,SN2Z5NSYQF,INV943250988,,,1,0.0,0,unauthorized_repair,2028-04-21,520,576,11,417.0,1,0,0,Invalid Claim,AX-00010
Appliance,Motor fault,2025-02-15,2026-09-23,2026-09-13,2025-02-03,36,None,1,SNNKU78RTJ,SNNKU78RTJ,INV471201302,,,1,1.0,0,repair_before_purchase,2028-02-15,585,510,10,-12.0,1,0,1,Manual Review,AX-00011
Appliance,Motor fault,2025-08-11,2026-09-23,2026-09-17,,36,None,1,SN4BPYLZ2Q,SN4BPYLZ2Q,INV839820926,,,0,,0,covered_fault,2028-08-11,408,688,6,,1,0,0,Valid Claim,AX-00012
Appliance,Motor fault,2026-06-13,2026-09-23,2026-09-18,2026-07-20,36,None,1,SN9LX3SKKF,SN9LX3SKKF,INV516525718,,,1,0.0,0,unauthorized_repair,2029-06-13,102,994,5,37.0,1,0,0,Invalid Claim,AX-00013
Laptop,Power fault,2026-01-16,2026-09-23,2026-09-14,2026-06-20,24,None,1,SNRFC9VC5S,SNRFC9VC5X,INV383888708,,,1,1.0,0,serial_mismatch,2028-01-16,250,480,9,155.0,0,0,0,Manual Review,AX-00014
Laptop,Power fault,2025-01-11,2026-09-23,2026-09-09,,36,Impact,1,SNJT37SPGN,SNJT37SPGN,INV005325285,,,0,,0,excluded_damage,2028-01-11,620,475,14,,1,0,0,Invalid Claim,AX-00015
Laptop,Display fault,2024-10-14,2026-09-23,2026-09-09,2026-01-14,12,None,1,SNSKP4ZSW8,SNSKP4ZSW8,INV270037680,,,1,1.0,0,expired,2025-10-14,709,-344,14,457.0,1,0,0,Invalid Claim,AX-00016
Laptop,Battery fault,2024-12-15,2026-09-23,2026-09-24,,24,None,1,SNUTQRKLJQ,SNUTQRKLJQ,INV202169756,,,0,,0,fault_after_claim,2026-12-15,647,83,-1,,1,0,1,Manual Review,AX-00017
Laptop,Power fault,2026-02-11,2026-09-23,2026-09-10,2026-09-07,12,None,1,SNY2FPR7G5,SNY2FPR7G5,INV463156663,,,1,0.0,0,unauthorized_repair,2027-02-11,224,141,13,208.0,1,0,0,Invalid Claim,AX-00018
Appliance,Motor fault,2025-11-12,2026-09-23,2026-09-21,,12,None,1,SNKWBBHMNS,SNKWBBHMNX,INV023562644,,,0,,0,serial_mismatch,2026-11-12,315,50,2,,0,0,0,Manual Review,AX-00019
Phone,Display fault,2026-04-16,2026-09-23,2026-09-20,2026-03-19,36,None,1,SNUXKMG4DU,SNUXKMG4DU,INV550239760,,,1,1.0,0,repair_before_purchase,2029-04-16,160,936,3,-28.0,1,0,1,Manual Review,AX-00020
Appliance,Mechanical fault,2026-02-12,2026-09-23,2026-09-09,2026-05-23,24,None,1,SNEXK4MD7X,SNEXK4MD7X,INV987009163,,,1,1.0,0,authorized_repair,2028-02-12,223,507,14,100.0,1,0,0,Valid Claim,AX-00021
Phone,Power fault,2026-06-23,2026-09-23,2026-09-09,2026-09-05,12,None,1,SN9A7LNJZX,SN9A7LNJZX,INV966964732,,,1,1.0,0,authorized_repair,2027-06-23,92,273,14,74.0,1,0,0,Valid Claim,AX-00022
Laptop,Power fault,2026-07-18,2026-09-23,2026-10-01,2026-08-03,12,None,1,SNAZ8XFBUG,SNAZ8XFBUG,INV304411106,,,1,1.0,0,fault_after_claim,2027-07-18,67,298,-8,16.0,1,0,1,Manual Review,AX-00023
Appliance,Mechanical fault,2026-02-15,2026-09-23,2026-09-22,2026-06-20,12,None,1,SNRHD4U94S,SNRHD4U94S,INV110374792,,,1,1.0,0,authorized_repair,2027-02-15,220,145,1,125.0,1,0,0,Valid Claim,AX-00024
Laptop,Display fault,2024-04-13,2026-09-23,2026-09-21,2026-02-16,36,None,1,SNGJA3JTWB,SNGJA3JTWB,INV770832098,,,1,1.0,0,covered_fault,2027-04-13,893,202,2,674.0,1,0,0,Valid Claim,AX-00025
Laptop,Battery fault,2024-06-21,2026-09-23,2026-09-11,2025-03-13,36,None,1,SNX6DRGX2G,SNX6DRGX2X,INV362665265,,,1,1.0,0,serial_mismatch,2027-06-21,824,271,12,265.0,0,0,0,Manual Review,AX-00026
Laptop,Battery fault,2024-07-15,2026-09-23,2026-09-09,,24,None,1,SND3HAUX66,SND3HAUX66,INV310113230,,,0,,0,expired,2026-07-15,800,-70,14,,1,0,0,Invalid Claim,AX-00027
Laptop,Display fault,2026-02-21,2026-09-23,2026-10-02,,12,None,1,SNXW45RCCB,SNXW45RCCB,INV359859596,,,0,,0,fault_after_claim,2027-02-21,214,151,-9,,1,0,1,Manual Review,AX-00028
Appliance,Motor fault,2025-03-16,2026-09-23,2026-09-10,2026-05-28,24,None,1,SN2ZY88VF9,SN2ZY88VFX,INV698767693,,,1,1.0,0,serial_mismatch,2027-03-16,556,174,13,438.0,0,0,0,Manual Review,AX-00029
Phone,Battery fault,2025-11-12,2026-09-23,2026-09-10,,36,None,1,SN35KWK685,SN35KWK685,INV690810535,,,0,,0,covered_fault,2028-11-12,315,781,13,,1,0,0,Valid Claim,AX-00030
Phone,Power fault,2026-02-22,2026-09-23,2026-09-10,2026-05-03,36,None,0,SNWK3FHB7A,SNWK3FHB7A,,,,1,1.0,2,missing_proof,2029-02-22,213,883,13,70.0,1,0,0,Manual Review,AX-00031
Appliance,Mechanical fault,2025-08-20,2026-09-23,2026-09-29,,24,None,1,SN848YGD7W,SN848YGD7W,INV039322398,,,0,,0,fault_after_claim,2027-08-20,399,331,-6,,1,0,1,Manual Review,AX-00032
Laptop,Display fault,2026-06-21,2026-09-23,2026-09-12,,36,None,1,SNLGB793YH,SNLGB793YH,INV851604909,,,0,,0,covered_fault,2029-06-21,94,1002,11,,1,0,0,Valid Claim,AX-00033
Phone,Power fault,2024-04-19,2026-09-23,2026-09-18,2026-05-04,36,None,1,SNU5DL5MQP,SNU5DL5MQX,INV557330055,,,1,1.0,0,serial_mismatch,2027-04-19,887,208,5,745.0,0,0,0,Manual Review,AX-00034
Phone,Power fault,2025-11-12,2026-09-23,2026-09-19,2026-05-22,12,None,1,SNFQ9BPF3R,SNFQ9BPF3R,INV753242965,,,1,1.0,0,covered_fault,2026-11-12,315,50,4,191.0,1,0,0,Valid Claim,AX-00035
Phone,Display fault,2026-05-21,2026-09-23,2026-09-18,2026-06-16,12,None,1,SNRD8QJMV8,SNRD8QJMV8,INV771359593,,,1,1.0,0,covered_fault,2027-05-21,125,240,5,26.0,1,0,0,Valid Claim,AX-00036
Laptop,Power fault,2026-05-15,2026-09-23,2026-09-11,2026-07-06,12,None,1,SNUP22KZ9N,SNUP22KZ9N,INV539132128,,,1,1.0,0,covered_fault,2027-05-15,131,234,12,52.0,1,0,0,Valid Claim,AX-00037
Phone,Power fault,2025-04-12,2026-09-23,2026-09-08,2025-11-28,24,None,1,SNFNMAX49E,SNFNMAX49E,INV914023767,,,1,1.0,0,authorized_repair,2027-04-12,529,201,15,230.0,1,0,0,Valid Claim,AX-00038
Laptop,Battery fault,2025-12-12,2026-09-23,2026-09-09,,12,None,1,SNFNYS43C5,SNFNYS43C5,INV009855741,,,0,,0,covered_fault,2026-12-12,285,80,14,,1,0,0,Valid Claim,AX-00039
Appliance,Motor fault,2025-04-13,2026-09-23,2026-09-19,,24,None,0,SNVC8H4CGU,SNVC8H4CGU,,,,0,,1,missing_proof,2027-04-13,528,202,4,,1,0,0,Manual Review,AX-00040
Phone,Battery fault,2026-02-13,2026-09-23,2026-09-12,2026-06-25,12,None,1,SN92JGJTH3,SN92JGJTH3,INV356009420,,,1,0.0,0,unauthorized_repair,2027-02-13,222,143,11,132.0,1,0,0,Invalid Claim,AX-00041
Phone,Display fault,2024-07-13,2026-09-23,2026-09-17,2024-08-27,36,None,1,SN6VMVLC84,SN6VMVLC84,INV167124306,,,1,1.0,0,authorized_repair,2027-07-13,802,293,6,45.0,1,0,0,Valid Claim,AX-00042
Appliance,Mechanical fault,2026-06-23,2026-09-23,2026-09-18,2026-07-03,12,None,1,SNN2W3FDFK,SNN2W3FDFK,INV604976672,,,1,1.0,0,authorized_repair,2027-06-23,92,273,5,10.0,1,0,0,Valid Claim,AX-00043
Appliance,Power fault,2025-01-11,2026-09-23,2026-09-29,,24,None,1,SNFSFYTK6L,SNFSFYTK6L,INV002685847,,,0,,0,fault_after_claim,2027-01-11,620,110,-6,,1,0,1,Manual Review,AX-00044
Phone,Power fault,2025-11-14,2026-09-23,2026-10-12,,12,None,1,SNB7GQXCXW,SNB7GQXCXW,INV857094311,,,0,,0,fault_after_claim,2026-11-14,313,52,-19,,1,0,1,Manual Review,AX-00045
Phone,Display fault,2022-05-15,2026-09-23,2026-09-13,,36,None,1,SN8E6ESSCJ,SN8E6ESSCJ,INV312961392,,,0,,0,expired,2025-05-15,1592,-496,10,,1,0,0,Invalid Claim,AX-00046
Phone,Power fault,2025-04-21,2026-09-23,2026-09-22,,36,None,1,SN6DD5JAMS,SN6DD5JAMX,INV353121332,,,0,,0,serial_mismatch,2028-04-21,520,576,1,,0,0,0,Manual Review,AX-00047
Appliance,Motor fault,2024-05-17,2026-09-23,2026-09-15,,12,None,1,SNSJYP98HB,SNSJYP98HB,INV447945155,,,0,,0,expired,2025-05-17,859,-494,8,,1,0,0,Invalid Claim,AX-00048
Phone,Battery fault,2025-09-12,2026-09-23,2026-09-12,,36,None,1,SNE56E7862,SNE56E7862,INV657060061,INV657060061,PRIOR-INV657060061,0,,0,duplicate,2028-09-12,376,720,11,,1,1,0,Manual Review,AX-00049
Laptop,Power fault,2025-08-22,2026-09-23,2026-10-04,,24,None,1,SNQ3KQCS2S,SNQ3KQCS2S,INV928364320,,,0,,0,fault_after_claim,2027-08-22,397,333,-11,,1,0,1,Manual Review,AX-00050
Laptop,Power fault,2026-01-13,2026-09-23,2026-09-28,,12,None,1,SNM4MULPB7,SNM4MULPB7,INV992271532,,,0,,0,fault_after_claim,2027-01-13,253,112,-5,,1,0,1,Manual Review,AX-00051
Phone,Power fault,2026-04-24,2026-09-23,2026-09-10,2026-07-29,24,None,1,SNZQXRYKY8,SNZQXRYKYX,INV729067597,,,1,1.0,0,serial_mismatch,2028-04-24,152,579,13,96.0,0,0,0,Manual Review,AX-00052
Laptop,Battery fault,2026-03-17,2026-09-23,2026-09-21,2026-08-12,36,None,1,SNMAL7N9EP,SNMAL7N9EP,INV739283861,,,1,1.0,0,authorized_repair,2029-03-17,190,906,2,148.0,1,0,0,Valid Claim,AX-00053
Phone,Battery fault,2025-01-17,2026-09-23,2026-09-18,2025-09-22,24,None,1,SNBNBPR8AA,SNBNBPR8AA,INV599503427,,,1,0.0,0,unauthorized_repair,2027-01-17,614,116,5,248.0,1,0,0,Invalid Claim,AX-00054
Appliance,Mechanical fault,2023-11-18,2026-09-23,2026-09-13,,24,None,1,SN5X9EZRAF,SN5X9EZRAF,INV221991900,,,0,,0,expired,2025-11-18,1040,-309,10,,1,0,0,Invalid Claim,AX-00055
Laptop,Power fault,2026-04-16,2026-09-23,2026-09-22,2026-07-01,24,None,1,SNJZ8WTR6H,SNJZ8WTR6H,INV171632614,,,1,0.0,0,unauthorized_repair,2028-04-16,160,571,1,76.0,1,0,0,Invalid Claim,AX-00056
Appliance,Mechanical fault,2025-10-19,2026-09-23,2026-09-18,,24,None,0,SNRSVG5T4H,SNRSVG5T4H,,,,0,,2,missing_proof,2027-10-19,339,391,5,,1,0,0,Manual Review,AX-00057
Laptop,Display fault,2024-06-17,2026-09-23,2026-09-07,,24,None,1,SNJLP6N7F8,SNJLP6N7F8,INV371335819,,,0,,0,expired,2026-06-17,828,-98,16,,1,0,0,Invalid Claim,AX-00058
Phone,Display fault,2025-12-17,2026-09-23,2026-09-07,,12,Impact,1,SNFAY47UF6,SNFAY47UF6,INV995898013,,,0,,0,excluded_damage,2026-12-17,280,85,16,,1,0,0,Invalid Claim,AX-00059
Phone,Display fault,2025-12-14,2026-09-23,2026-09-09,,36,None,1,SNDMKSDKMK,SNDMKSDKMK,INV017493217,,,0,,0,covered_fault,2028-12-14,283,813,14,,1,0,0,Valid Claim,AX-00060
Laptop,Power fault,2025-05-22,2026-09-23,2026-09-22,2025-07-10,24,None,1,SNKR6EXMVY,SNKR6EXMVY,INV478121920,,,1,0.0,0,unauthorized_repair,2027-05-22,489,241,1,49.0,1,0,0,Invalid Claim,AX-00061
Appliance,Motor fault,2026-06-19,2026-09-23,2026-09-16,2026-09-10,12,None,1,SNR6RUP23V,SNR6RUP23V,INV440342614,,,1,1.0,0,covered_fault,2027-06-19,96,269,7,83.0,1,0,0,Valid Claim,AX-00062
Laptop,Power fault,2026-06-12,2026-09-23,2026-09-19,2026-08-02,36,None,1,SNNRR5SR5E,SNNRR5SR5E,INV582945630,INV582945630,PRIOR-INV582945630,1,1.0,0,duplicate,2029-06-12,103,993,4,51.0,1,1,0,Manual Review,AX-00063
Appliance,Power fault,2026-02-12,2026-09-23,2026-09-21,2026-08-18,12,Liquid,1,SN5YJ3P5RZ,SN5YJ3P5RZ,INV890575550,,,1,1.0,0,excluded_damage,2027-02-12,223,142,2,187.0,1,0,0,Invalid Claim,AX-00064
Laptop,Battery fault,2025-11-16,2026-09-23,2026-09-17,2026-04-27,24,None,1,SNU9X4Z3T5,SNU9X4Z3T5,INV187404186,,,1,1.0,0,covered_fault,2027-11-16,311,419,6,162.0,1,0,0,Valid Claim,AX-00065
Laptop,Display fault,2025-04-23,2026-09-23,2026-09-09,2025-07-09,24,None,1,SNHESH259H,SNHESH259H,INV817875195,,,1,1.0,0,covered_fault,2027-04-23,518,212,14,77.0,1,0,0,Valid Claim,AX-00066
Appliance,Power fault,2026-02-10,2026-09-23,2026-09-21,,12,None,1,SN9K23QFAE,SN9K23QFAE,INV830220268,,,0,,0,covered_fault,2027-02-10,225,140,2,,1,0,0,Valid Claim,AX-00067
Appliance,Motor fault,2026-06-17,2026-09-23,2026-09-09,,12,None,1,SN8JYGQHM9,SN8JYGQHM9,INV396029980,,,0,,0,covered_fault,2027-06-17,98,267,14,,1,0,0,Valid Claim,AX-00068
Appliance,Mechanical fault,2025-11-22,2026-09-23,2026-10-09,,12,None,1,SN54Z66MZZ,SN54Z66MZZ,INV399968168,,,0,,0,fault_after_claim,2026-11-22,305,60,-16,,1,0,1,Manual Review,AX-00069
Phone,Display fault,2025-05-23,2026-09-23,2026-09-16,2026-05-17,24,None,1,SNYR6QBEPU,SNYR6QBEPU,INV563020204,,,1,1.0,0,authorized_repair,2027-05-23,488,242,7,359.0,1,0,0,Valid Claim,AX-00070
Laptop,Display fault,2025-01-21,2026-09-23,2026-09-22,2025-01-22,36,None,1,SNRXQE8VXK,SNRXQE8VXK,INV270025034,,,1,1.0,0,covered_fault,2028-01-21,610,485,1,1.0,1,0,0,Valid Claim,AX-00071
Appliance,Motor fault,2024-07-21,2026-09-23,2026-09-13,2026-03-16,36,None,1,SNYBNP3X8B,SNYBNP3X8B,INV728842673,,,1,1.0,0,authorized_repair,2027-07-21,794,301,10,603.0,1,0,0,Valid Claim,AX-00072
Appliance,Motor fault,2025-10-23,2026-09-23,2026-09-17,2025-11-10,36,None,1,SNH4A79P8D,SNH4A79P8D,INV956199859,,,1,0.0,0,unauthorized_repair,2028-10-23,335,761,6,18.0,1,0,0,Invalid Claim,AX-00073
Appliance,Motor fault,2024-06-23,2026-09-23,2026-09-11,2024-12-15,36,None,1,SN3SJXK67X,SN3SJXK67X,INV090078573,,,1,1.0,0,authorized_repair,2027-06-23,822,273,12,175.0,1,0,0,Valid Claim,AX-00074
Phone,Display fault,2026-07-16,2026-09-23,2026-09-21,2026-08-11,12,None,0,SNM8B8YUFJ,SNM8B8YUFJ,,,,1,1.0,1,missing_proof,2027-07-16,69,296,2,26.0,1,0,0,Manual Review,AX-00075
Appliance,Motor fault,2026-06-20,2026-09-23,2026-09-09,2026-08-31,24,None,1,SN2YVUGXVL,SN2YVUGXVL,INV959303403,,,1,1.0,0,authorized_repair,2028-06-20,95,636,14,72.0,1,0,0,Valid Claim,AX-00076
Appliance,Power fault,2026-07-21,2026-09-23,2026-09-13,,12,None,1,SNB86KTERL,SNB86KTERL,INV996566001,,,0,,0,covered_fault,2027-07-21,64,301,10,,1,0,0,Valid Claim,AX-00077
Phone,Display fault,2025-06-22,2026-09-23,2026-09-07,2025-07-01,24,None,1,SNK9XKHPUT,SNK9XKHPUT,INV955447835,,,1,1.0,0,covered_fault,2027-06-22,458,272,16,9.0,1,0,0,Valid Claim,AX-00078
Appliance,Power fault,2026-03-15,2026-09-23,2026-09-20,2026-07-11,12,Liquid,1,SNJQJHMG2K,SNJQJHMG2K,INV878288157,,,1,1.0,0,excluded_damage,2027-03-15,192,173,3,118.0,1,0,0,Invalid Claim,AX-00079
Phone,Power fault,2026-06-18,2026-09-23,2026-09-11,2026-07-25,12,Impact,1,SNCMZTU3AQ,SNCMZTU3AQ,INV223421175,,,1,1.0,0,excluded_damage,2027-06-18,97,268,12,37.0,1,0,0,Invalid Claim,AX-00080
Appliance,Power fault,2024-11-13,2026-09-23,2026-09-19,,36,None,1,SNELRQP94N,SNELRQP94X,INV089370007,,,0,,0,serial_mismatch,2027-11-13,679,416,4,,0,0,0,Manual Review,AX-00081
Laptop,Display fault,2024-08-15,2026-09-23,2026-09-28,2024-11-30,36,None,1,SNNAF5F9P6,SNNAF5F9P6,INV452708854,,,1,1.0,0,fault_after_claim,2027-08-15,769,326,-5,107.0,1,0,1,Manual Review,AX-00082
Phone,Battery fault,2025-08-13,2026-09-23,2026-09-09,2026-03-13,36,None,1,SNTBMWNSYP,SNTBMWNSYP,INV215228140,,,1,1.0,0,authorized_repair,2028-08-13,406,690,14,212.0,1,0,0,Valid Claim,AX-00083
Laptop,Battery fault,2025-11-14,2026-09-23,2026-10-08,2026-05-19,12,None,1,SNS63RG6U4,SNS63RG6U4,INV660416145,,,1,1.0,0,fault_after_claim,2026-11-14,313,52,-15,186.0,1,0,1,Manual Review,AX-00084
Laptop,Power fault,2025-05-13,2026-09-23,2026-09-16,2026-05-13,24,None,1,SNL786GSYC,SNL786GSYC,INV233469298,INV233469298,PRIOR-INV233469298,1,1.0,0,duplicate,2027-05-13,498,232,7,365.0,1,1,0,Manual Review,AX-00085
Appliance,Motor fault,2026-03-12,2026-09-23,2026-09-15,2026-01-28,12,None,1,SN9QYB7UWR,SN9QYB7UWR,INV425677873,,,1,1.0,0,repair_before_purchase,2027-03-12,195,170,8,-43.0,1,0,1,Manual Review,AX-00086
Appliance,Motor fault,2024-01-16,2026-09-23,2026-09-08,,36,None,1,SNMKTFV45E,SNMKTFV45E,INV528000505,,,0,,0,covered_fault,2027-01-16,981,115,15,,1,0,0,Valid Claim,AX-00087
Appliance,Power fault,2024-05-21,2026-09-23,2026-09-12,2025-09-01,36,None,1,SNH7L4UDXB,SNH7L4UDXB,INV250488730,,,1,1.0,0,authorized_repair,2027-05-21,855,240,11,468.0,1,0,0,Valid Claim,AX-00088
Phone,Display fault,2025-12-23,2026-09-23,2026-09-20,2025-11-12,24,None,1,SNYJ497XEH,SNYJ497XEH,INV914839293,,,1,1.0,0,repair_before_purchase,2027-12-23,274,456,3,-41.0,1,0,1,Manual Review,AX-00089
Phone,Power fault,2026-04-23,2026-09-23,2026-09-09,,36,None,1,SNLRXE89FW,SNLRXE89FW,INV846722076,,,0,,0,covered_fault,2029-04-23,153,943,14,,1,0,0,Valid Claim,AX-00090
Phone,Battery fault,2025-10-13,2026-09-23,2026-09-07,,24,None,1,SNGAFKC5KN,SNGAFKC5KN,INV460518342,,,0,,0,covered_fault,2027-10-13,345,385,16,,1,0,0,Valid Claim,AX-00091
Laptop,Power fault,2025-08-19,2026-09-23,2026-09-14,2025-11-03,24,None,1,SNP4GTMCVG,SNP4GTMCVG,INV750678625,,,1,0.0,0,unauthorized_repair,2027-08-19,400,330,9,76.0,1,0,0,Invalid Claim,AX-00092
Appliance,Mechanical fault,2026-05-13,2026-09-23,2026-09-22,2026-07-27,12,None,1,SNKTRPW4GG,SNKTRPW4GG,INV215533603,,,1,0.0,0,unauthorized_repair,2027-05-13,133,232,1,75.0,1,0,0,Invalid Claim,AX-00093
Laptop,Display fault,2024-12-23,2026-09-23,2026-09-16,,24,None,1,SNJ8DL5JMZ,SNJ8DL5JMZ,INV191653206,INV191653206,PRIOR-INV191653206,0,,0,duplicate,2026-12-23,639,91,7,,1,1,0,Manual Review,AX-00094
Appliance,Mechanical fault,2025-08-20,2026-09-23,2026-09-17,,24,None,1,SNJQEVVWR6,SNJQEVVWR6,INV403467295,,,0,,0,covered_fault,2027-08-20,399,331,6,,1,0,0,Valid Claim,AX-00095
Appliance,Mechanical fault,2025-08-21,2026-09-23,2026-09-11,2026-08-07,36,None,1,SNNN4V9GW6,SNNN4V9GW6,INV287470652,,,1,0.0,0,unauthorized_repair,2028-08-21,398,698,12,351.0,1,0,0,Invalid Claim,AX-00096
Appliance,Power fault,2026-06-13,2026-09-23,2026-09-15,,12,None,1,SNN9VC4NKA,SNN9VC4NKX,INV324839753,,,0,,0,serial_mismatch,2027-06-13,102,263,8,,0,0,0,Manual Review,AX-00097
Laptop,Battery fault,2022-03-13,2026-09-23,2026-09-19,,36,None,1,SNC98UYYXZ,SNC98UYYXZ,INV716927181,,,0,,0,expired,2025-03-13,1655,-559,4,,1,0,0,Invalid Claim,AX-00098
Phone,Display fault,2026-06-17,2026-09-23,2026-09-12,,12,None,0,SNJUKURK2C,SNJUKURK2C,,,,0,,2,missing_proof,2027-06-17,98,267,11,,1,0,0,Manual Review,AX-00099
Laptop,Battery fault,2026-03-22,2026-09-23,2026-09-12,,24,None,1,SNCUBNCS2E,SNCUBNCS2E,INV154616720,,,0,,0,covered_fault,2028-03-22,185,546,11,,1,0,0,Valid Claim,AX-00100
Phone,Battery fault,2024-12-17,2026-09-23,2026-09-13,2026-01-04,36,None,1,SNFHPYMZSG,SNFHPYMZSG,INV370882933,,,1,0.0,0,unauthorized_repair,2027-12-17,645,450,10,383.0,1,0,0,Invalid Claim,AX-00101
Appliance,Mechanical fault,2024-10-13,2026-09-23,2026-09-13,,36,None,1,SNNW8CT8CQ,SNNW8CT8CQ,INV761031686,,,0,,0,covered_fault,2027-10-13,710,385,10,,1,0,0,Valid Claim,AX-00102
Laptop,Display fault,2026-01-11,2026-09-23,2026-09-20,,36,None,0,SNNSDP73ZP,SNNSDP73ZP,,,,0,,1,missing_proof,2029-01-11,255,841,3,,1,0,0,Manual Review,AX-00103
Phone,Display fault,2026-04-13,2026-09-23,2026-09-29,2026-06-26,24,None,1,SN25HMDZ2N,SN25HMDZ2N,INV759344185,,,1,1.0,0,fault_after_claim,2028-04-13,163,568,-6,74.0,1,0,1,Manual Review,AX-00104
Laptop,Display fault,2025-03-13,2026-09-23,2026-09-09,2025-02-03,24,None,1,SNQCT26CKP,SNQCT26CKP,INV363492759,,,1,1.0,0,repair_before_purchase,2027-03-13,559,171,14,-38.0,1,0,1,Manual Review,AX-00105
Phone,Battery fault,2025-07-22,2026-09-23,2026-09-21,2026-04-16,36,None,1,SNGZURCTKT,SNGZURCTKT,INV849007018,,,1,1.0,0,covered_fault,2028-07-22,428,668,2,268.0,1,0,0,Valid Claim,AX-00106
Appliance,Power fault,2026-01-18,2026-09-23,2026-09-10,2026-01-03,12,None,1,SNNX3C6XT4,SNNX3C6XT4,INV572768134,,,1,1.0,0,repair_before_purchase,2027-01-18,248,117,13,-15.0,1,0,1,Manual Review,AX-00107
Appliance,Power fault,2026-07-15,2026-09-23,2026-09-16,,12,None,1,SN7ZYYZHZ8,SN7ZYYZHZ8,INV885669685,,,0,,0,covered_fault,2027-07-15,70,295,7,,1,0,0,Valid Claim,AX-00108
Phone,Display fault,2026-07-17,2026-09-23,2026-10-05,,12,None,1,SN2CGWJ9S8,SN2CGWJ9S8,INV579938094,,,0,,0,fault_after_claim,2027-07-17,68,297,-12,,1,0,1,Manual Review,AX-00109
Laptop,Battery fault,2024-03-21,2026-09-23,2026-09-20,2025-05-17,36,None,1,SNLHD33TW2,SNLHD33TW2,INV065660882,,,1,0.0,0,unauthorized_repair,2027-03-21,916,179,3,422.0,1,0,0,Invalid Claim,AX-00110
Laptop,Display fault,2025-08-16,2026-09-23,2026-09-15,,24,None,1,SN7674UBLB,SN7674UBLB,INV678157363,,,0,,0,covered_fault,2027-08-16,403,327,8,,1,0,0,Valid Claim,AX-00111
Phone,Power fault,2024-01-18,2026-09-23,2026-09-09,,36,None,1,SNZ2Z2JD2A,SNZ2Z2JD2A,INV219630605,INV219630605,PRIOR-INV219630605,0,,0,duplicate,2027-01-18,979,117,14,,1,1,0,Manual Review,AX-00112
Phone,Battery fault,2024-04-11,2026-09-23,2026-09-18,,24,None,1,SNTLTX8W39,SNTLTX8W39,INV306810410,,,0,,0,expired,2026-04-11,895,-165,5,,1,0,0,Invalid Claim,AX-00113
Laptop,Power fault,2026-05-18,2026-09-23,2026-09-13,2026-09-03,12,None,1,SNB6GSTS68,SNB6GSTS68,INV011195678,,,1,0.0,0,unauthorized_repair,2027-05-18,128,237,10,108.0,1,0,0,Invalid Claim,AX-00114
Phone,Battery fault,2026-01-18,2026-09-23,2026-09-19,,12,None,1,SN5E27AUMY,SN5E27AUMX,INV402093183,,,0,,0,serial_mismatch,2027-01-18,248,117,4,,0,0,0,Manual Review,AX-00115
Phone,Battery fault,2026-03-21,2026-09-23,2026-09-18,,24,None,1,SNZ25P57W5,SNZ25P57W5,INV221622107,,,0,,0,covered_fault,2028-03-21,186,545,5,,1,0,0,Valid Claim,AX-00116
Laptop,Battery fault,2026-07-24,2026-09-23,2026-09-20,2026-09-07,12,Impact,1,SNFQZ96EGU,SNFQZ96EGU,INV599389134,,,1,1.0,0,excluded_damage,2027-07-24,61,304,3,45.0,1,0,0,Invalid Claim,AX-00117
Laptop,Power fault,2023-06-16,2026-09-23,2026-09-09,2024-06-30,24,None,1,SNCC6XRSH7,SNCC6XRSH7,INV100116554,,,1,1.0,0,expired,2025-06-16,1195,-464,14,380.0,1,0,0,Invalid Claim,AX-00118
Phone,Display fault,2024-06-21,2026-09-23,2026-09-15,2024-06-16,36,None,1,SNBP23UJ4A,SNBP23UJ4A,INV855072976,,,1,1.0,0,repair_before_purchase,2027-06-21,824,271,8,-5.0,1,0,1,Manual Review,AX-00119
Laptop,Display fault,2026-05-15,2026-09-23,2026-09-11,2026-07-21,12,None,1,SNU6Y6FE4A,SNU6Y6FE4A,INV059983231,,,1,0.0,0,unauthorized_repair,2027-05-15,131,234,12,67.0,1,0,0,Invalid Claim,AX-00120
Appliance,Motor fault,2025-03-16,2026-09-23,2026-09-13,2025-11-12,36,None,1,SNWKV5VTCC,SNWKV5VTCC,INV365970609,,,1,0.0,0,unauthorized_repair,2028-03-16,556,540,10,241.0,1,0,0,Invalid Claim,AX-00121
Laptop,Power fault,2024-10-20,2026-09-23,2026-09-20,,36,None,1,SNGDJ7AV4H,SNGDJ7AV4X,INV621716895,,,0,,0,serial_mismatch,2027-10-20,703,392,3,,0,0,0,Manual Review,AX-00122
Phone,Display fault,2025-12-14,2026-09-23,2026-09-21,,24,Impact,1,SNJT7UFF8H,SNJT7UFF8H,INV192013638,,,0,,0,excluded_damage,2027-12-14,283,447,2,,1,0,0,Invalid Claim,AX-00123
Appliance,Power fault,2025-01-21,2026-09-23,2026-09-16,,36,None,1,SNQ95F4V34,SNQ95F4V34,INV162734523,,,0,,0,covered_fault,2028-01-21,610,485,7,,1,0,0,Valid Claim,AX-00124
Laptop,Battery fault,2026-06-14,2026-09-23,2026-09-12,2026-07-24,24,None,1,SNQ6MWSVXZ,SNQ6MWSVXZ,INV572035293,,,1,0.0,0,unauthorized_repair,2028-06-14,101,630,11,40.0,1,0,0,Invalid Claim,AX-00125
Appliance,Power fault,2026-01-10,2026-09-23,2026-09-21,,36,None,1,SNZQEX7A2K,SNZQEX7A2X,INV701146346,,,0,,0,serial_mismatch,2029-01-10,256,840,2,,0,0,0,Manual Review,AX-00126
Phone,Display fault,2025-07-23,2026-09-23,2026-09-15,,24,Impact,1,SNGLVJXQTA,SNGLVJXQTA,INV601274475,,,0,,0,excluded_damage,2027-07-23,427,303,8,,1,0,0,Invalid Claim,AX-00127
Laptop,Battery fault,2023-07-18,2026-09-23,2026-09-22,,24,None,1,SN53N5EMP4,SN53N5EMP4,INV919204214,,,0,,0,expired,2025-07-18,1163,-432,1,,1,0,0,Invalid Claim,AX-00128
Phone,Display fault,2025-12-11,2026-09-23,2026-09-16,2025-12-30,36,None,0,SNWAC9M3YD,SNWAC9M3YD,,,,1,1.0,2,missing_proof,2028-12-11,286,810,7,19.0,1,0,0,Manual Review,AX-00129
Laptop,Power fault,2026-04-17,2026-09-23,2026-10-13,,12,None,1,SNEJPY43Q8,SNEJPY43Q8,INV078816510,,,0,,0,fault_after_claim,2027-04-17,159,206,-20,,1,0,1,Manual Review,AX-00130
Appliance,Motor fault,2026-07-24,2026-09-23,2026-09-14,,36,None,1,SNTKSYP8F7,SNTKSYP8F7,INV526237094,,,0,,0,covered_fault,2029-07-24,61,1035,9,,1,0,0,Valid Claim,AX-00131
Laptop,Display fault,2025-11-12,2026-09-23,2026-10-08,,36,None,1,SNYH683APV,SNYH683APV,INV589107492,,,0,,0,fault_after_claim,2028-11-12,315,781,-15,,1,0,1,Manual Review,AX-00132
Appliance,Power fault,2025-05-19,2026-09-23,2026-09-13,2026-01-18,36,None,1,SNK3YXYSHL,SNK3YXYSHL,INV583078008,,,1,1.0,0,authorized_repair,2028-05-19,492,604,10,244.0,1,0,0,Valid Claim,AX-00133
Laptop,Power fault,2026-03-20,2026-09-23,2026-09-10,2026-05-12,12,None,1,SNZ9KFEQ95,SNZ9KFEQ95,INV280630476,,,1,0.0,0,unauthorized_repair,2027-03-20,187,178,13,53.0,1,0,0,Invalid Claim,AX-00134
Phone,Power fault,2026-01-13,2026-09-23,2026-09-15,,12,None,1,SN6UEUA9BR,SN6UEUA9BR,INV705478425,,,0,,0,covered_fault,2027-01-13,253,112,8,,1,0,0,Valid Claim,AX-00135
Phone,Power fault,2025-12-22,2026-09-23,2026-09-20,2026-01-12,12,None,1,SN8HGXEY9S,SN8HGXEY9S,INV965741269,,,1,1.0,0,authorized_repair,2026-12-22,275,90,3,21.0,1,0,0,Valid Claim,AX-00136
Phone,Battery fault,2026-07-15,2026-09-23,2026-09-09,2026-08-14,12,None,1,SNDZVTWS3X,SNDZVTWS3X,INV827518937,,,1,1.0,0,authorized_repair,2027-07-15,70,295,14,30.0,1,0,0,Valid Claim,AX-00137
Laptop,Battery fault,2026-05-18,2026-09-23,2026-09-07,,12,None,1,SN2T3WCA4X,SN2T3WCA4X,INV638831760,,,0,,0,covered_fault,2027-05-18,128,237,16,,1,0,0,Valid Claim,AX-00138
Appliance,Mechanical fault,2026-01-12,2026-09-23,2026-09-19,2026-02-13,12,None,1,SN86X6Q8SJ,SN86X6Q8SJ,INV683493053,,,1,1.0,0,covered_fault,2027-01-12,254,111,4,32.0,1,0,0,Valid Claim,AX-00139
Laptop,Display fault,2026-01-11,2026-09-23,2026-09-09,2026-02-16,12,None,1,SNEUCGR59C,SNEUCGR59C,INV970494577,,,1,1.0,0,authorized_repair,2027-01-11,255,110,14,36.0,1,0,0,Valid Claim,AX-00140
Laptop,Display fault,2026-06-13,2026-09-23,2026-09-15,,12,None,1,SNFWQUAKBM,SNFWQUAKBM,INV077894284,INV077894284,PRIOR-INV077894284,0,,0,duplicate,2027-06-13,102,263,8,,1,1,0,Manual Review,AX-00141
Laptop,Power fault,2025-02-18,2026-09-23,2026-09-15,2026-02-24,36,Liquid,1,SNL67UMK4S,SNL67UMK4S,INV424678172,,,1,1.0,0,excluded_damage,2028-02-18,582,513,8,371.0,1,0,0,Invalid Claim,AX-00142
Laptop,Battery fault,2024-07-14,2026-09-23,2026-09-10,,24,None,1,SN7KCC49HK,SN7KCC49HK,INV851695745,,,0,,0,expired,2026-07-14,801,-71,13,,1,0,0,Invalid Claim,AX-00143
Appliance,Motor fault,2025-10-12,2026-09-23,2026-09-07,2026-03-02,36,None,1,SN8B2HJHXS,SN8B2HJHXS,INV739806196,,,1,1.0,0,authorized_repair,2028-10-12,346,750,16,141.0,1,0,0,Valid Claim,AX-00144
Appliance,Mechanical fault,2024-04-15,2026-09-23,2026-09-13,2026-06-09,36,None,1,SN7RHCKPEA,SN7RHCKPEA,INV571256472,,,1,1.0,0,authorized_repair,2027-04-15,891,204,10,785.0,1,0,0,Valid Claim,AX-00145
Phone,Display fault,2026-07-16,2026-09-23,2026-09-10,,12,None,1,SNJ38F7K5M,SNJ38F7K5X,INV551186385,,,0,,0,serial_mismatch,2027-07-16,69,296,13,,0,0,0,Manual Review,AX-00146
Appliance,Power fault,2025-06-21,2026-09-23,2026-09-08,2025-05-28,24,None,1,SNL99UJ6SA,SNL99UJ6SA,INV129226473,,,1,1.0,0,repair_before_purchase,2027-06-21,459,271,15,-24.0,1,0,1,Manual Review,AX-00147
Phone,Battery fault,2025-05-14,2026-09-23,2026-09-20,2026-05-12,24,None,1,SNLB57AUKG,SNLB57AUKG,INV436233594,,,1,0.0,0,unauthorized_repair,2027-05-14,497,233,3,363.0,1,0,0,Invalid Claim,AX-00148
Phone,Display fault,2024-03-17,2026-09-23,2026-09-10,,12,None,1,SNA9J52NYX,SNA9J52NYX,INV474779799,,,0,,0,expired,2025-03-17,920,-555,13,,1,0,0,Invalid Claim,AX-00149
Appliance,Power fault,2023-12-11,2026-09-23,2026-09-17,,36,None,1,SN6HKGDQ3Z,SN6HKGDQ3Z,INV264038266,,,0,,0,covered_fault,2026-12-11,1017,79,6,,1,0,0,Valid Claim,AX-00150
Appliance,Mechanical fault,2025-12-16,2026-09-23,2026-09-13,,24,None,1,SN9YL6Y32K,SN9YL6Y32K,INV993474039,INV993474039,PRIOR-INV993474039,0,,0,duplicate,2027-12-16,281,449,10,,1,1,0,Manual Review,AX-00151
Laptop,Power fault,2025-02-16,2026-09-23,2026-09-08,2025-06-15,24,Impact,1,SNK6EBCSTV,SNK6EBCSTV,INV023957094,,,1,1.0,0,excluded_damage,2027-02-16,584,146,15,119.0,1,0,0,Invalid Claim,AX-00152
Appliance,Mechanical fault,2025-09-13,2026-09-23,2026-09-20,,24,None,1,SNEAXZWAZR,SNEAXZWAZR,INV290241808,INV290241808,PRIOR-INV290241808,0,,0,duplicate,2027-09-13,375,355,3,,1,1,0,Manual Review,AX-00153
Phone,Battery fault,2025-07-17,2026-09-23,2026-09-15,2026-07-03,24,None,1,SNUVAS2UCJ,SNUVAS2UCJ,INV405805712,,,1,0.0,0,unauthorized_repair,2027-07-17,433,297,8,351.0,1,0,0,Invalid Claim,AX-00154
Laptop,Power fault,2026-02-10,2026-09-23,2026-09-14,,24,None,0,SNDHAQWPWS,SNDHAQWPWS,,,,0,,2,missing_proof,2028-02-10,225,505,9,,1,0,0,Manual Review,AX-00155
Appliance,Power fault,2026-07-12,2026-09-23,2026-09-12,,24,Liquid,1,SNSXVU3GXH,SNSXVU3GXH,INV069131808,,,0,,0,excluded_damage,2028-07-12,73,658,11,,1,0,0,Invalid Claim,AX-00156
Appliance,Power fault,2026-06-23,2026-09-23,2026-09-18,2026-07-16,12,None,1,SNP5885B6M,SNP5885B6M,INV368736092,,,1,0.0,0,unauthorized_repair,2027-06-23,92,273,5,23.0,1,0,0,Invalid Claim,AX-00157
Appliance,Motor fault,2025-02-13,2026-09-23,2026-09-07,2025-11-27,36,None,1,SNQ4ULH7JQ,SNQ4ULH7JQ,INV756343432,,,1,1.0,0,authorized_repair,2028-02-13,587,508,16,287.0,1,0,0,Valid Claim,AX-00158
Appliance,Motor fault,2024-01-19,2026-09-23,2026-09-18,,36,None,1,SNSPK3NLS8,SNSPK3NLS8,INV053866228,,,0,,0,covered_fault,2027-01-19,978,118,5,,1,0,0,Valid Claim,AX-00159
Appliance,Mechanical fault,2026-05-15,2026-09-23,2026-09-16,2026-09-10,24,None,1,SN6L9DENCH,SN6L9DENCH,INV424982365,,,1,0.0,0,unauthorized_repair,2028-05-15,131,600,7,118.0,1,0,0,Invalid Claim,AX-00160
Phone,Display fault,2026-02-18,2026-09-23,2026-09-16,2026-05-13,12,None,1,SNPL32BZ7F,SNPL32BZ7F,INV741875316,,,1,1.0,0,authorized_repair,2027-02-18,217,148,7,84.0,1,0,0,Valid Claim,AX-00161
Appliance,Mechanical fault,2026-06-16,2026-09-23,2026-09-26,,12,None,1,SNWFK5MGC3,SNWFK5MGC3,INV105051957,,,0,,0,fault_after_claim,2027-06-16,99,266,-3,,1,0,1,Manual Review,AX-00162
Phone,Display fault,2026-03-19,2026-09-23,2026-10-11,2026-09-04,24,None,1,SNFM6P39UG,SNFM6P39UG,INV194777531,,,1,1.0,0,fault_after_claim,2028-03-19,188,543,-18,169.0,1,0,1,Manual Review,AX-00163
Appliance,Mechanical fault,2026-06-17,2026-09-23,2026-09-16,,12,None,1,SN9NWAV4ZB,SN9NWAV4ZX,INV376988932,,,0,,0,serial_mismatch,2027-06-17,98,267,7,,0,0,0,Manual Review,AX-00164
Appliance,Power fault,2025-04-22,2026-09-23,2026-09-17,,36,None,1,SN6AZL7353,SN6AZL7353,INV271882843,,,0,,0,covered_fault,2028-04-22,519,577,6,,1,0,0,Valid Claim,AX-00165
Laptop,Power fault,2026-05-19,2026-09-23,2026-09-21,,12,Impact,1,SNRHAMVT38,SNRHAMVT38,INV438281962,,,0,,0,excluded_damage,2027-05-19,127,238,2,,1,0,0,Invalid Claim,AX-00166
Phone,Battery fault,2024-12-15,2026-09-23,2026-09-18,,12,None,1,SNQAZZF9EZ,SNQAZZF9EZ,INV943162534,,,0,,0,expired,2025-12-15,647,-282,5,,1,0,0,Invalid Claim,AX-00167
Phone,Display fault,2025-09-12,2026-09-23,2026-09-14,,36,Impact,1,SN8YYKK5J2,SN8YYKK5J2,INV382082504,,,0,,0,excluded_damage,2028-09-12,376,720,9,,1,0,0,Invalid Claim,AX-00168
Phone,Display fault,2026-04-19,2026-09-23,2026-09-16,2026-03-29,36,None,1,SN9WWH7Z85,SN9WWH7Z85,INV391381370,,,1,1.0,0,repair_before_purchase,2029-04-19,157,939,7,-21.0,1,0,1,Manual Review,AX-00169
Laptop,Power fault,2025-01-12,2026-09-23,2026-09-25,2026-08-13,24,None,1,SNCRLFFR27,SNCRLFFR27,INV657931732,,,1,1.0,0,fault_after_claim,2027-01-12,619,111,-2,578.0,1,0,1,Manual Review,AX-00170
Appliance,Mechanical fault,2026-06-18,2026-09-23,2026-09-07,,24,None,1,SNUU63RZV2,SNUU63RZV2,INV544483764,,,0,,0,covered_fault,2028-06-18,97,634,16,,1,0,0,Valid Claim,AX-00171
Phone,Battery fault,2026-05-23,2026-09-23,2026-09-21,2026-06-22,24,None,1,SN9X8XZAVR,SN9X8XZAVX,INV245905136,,,1,1.0,0,serial_mismatch,2028-05-23,123,608,2,30.0,0,0,0,Manual Review,AX-00172
Laptop,Power fault,2025-11-16,2026-09-23,2026-09-16,2026-03-18,12,None,1,SNCP6H39FQ,SNCP6H39FQ,INV374355664,,,1,0.0,0,unauthorized_repair,2026-11-16,311,54,7,122.0,1,0,0,Invalid Claim,AX-00173
Phone,Power fault,2026-06-18,2026-09-23,2026-09-15,,12,Liquid,1,SNYFYY6S6U,SNYFYY6S6U,INV953485624,,,0,,0,excluded_damage,2027-06-18,97,268,8,,1,0,0,Invalid Claim,AX-00174
Laptop,Battery fault,2025-11-20,2026-09-23,2026-09-08,2026-01-30,12,None,1,SNWWBMWJ6Q,SNWWBMWJ6Q,INV530987741,,,1,0.0,0,unauthorized_repair,2026-11-20,307,58,15,71.0,1,0,0,Invalid Claim,AX-00175
Phone,Power fault,2023-06-23,2026-09-23,2026-09-18,,24,None,1,SNAUT4WRBX,SNAUT4WRBX,INV761263664,,,0,,0,expired,2025-06-23,1188,-457,5,,1,0,0,Invalid Claim,AX-00176
Laptop,Battery fault,2024-01-12,2026-09-23,2026-10-08,,36,None,1,SNDH2ENDL6,SNDH2ENDL6,INV540250172,,,0,,0,fault_after_claim,2027-01-12,985,111,-15,,1,0,1,Manual Review,AX-00177
Laptop,Display fault,2025-03-23,2026-09-23,2026-09-07,,12,None,1,SNVBYNH3DP,SNVBYNH3DP,INV150046794,,,0,,0,expired,2026-03-23,549,-184,16,,1,0,0,Invalid Claim,AX-00178
Phone,Battery fault,2023-12-11,2026-09-23,2026-09-16,2024-01-04,36,None,1,SNTCEH5PKL,SNTCEH5PKL,INV528510554,,,1,0.0,0,unauthorized_repair,2026-12-11,1017,79,7,24.0,1,0,0,Invalid Claim,AX-00179
Phone,Display fault,2026-06-24,2026-09-23,2026-09-17,2026-07-19,12,None,1,SNWQNXZZK4,SNWQNXZZK4,INV669680118,,,1,1.0,0,covered_fault,2027-06-24,91,274,6,25.0,1,0,0,Valid Claim,AX-00180
Laptop,Display fault,2025-01-19,2026-09-23,2026-09-18,2026-01-15,24,None,1,SNATUZKGHU,SNATUZKGHU,INV259374774,,,1,1.0,0,covered_fault,2027-01-19,612,118,5,361.0,1,0,0,Valid Claim,AX-00181
Phone,Battery fault,2026-07-23,2026-09-23,2026-09-10,,12,None,0,SNSLKD4QJC,SNSLKD4QJC,,,,0,,1,missing_proof,2027-07-23,62,303,13,,1,0,0,Manual Review,AX-00182
Appliance,Mechanical fault,2026-02-15,2026-09-23,2026-10-13,,36,None,1,SNNDNQBVRZ,SNNDNQBVRZ,INV972700338,,,0,,0,fault_after_claim,2029-02-15,220,876,-20,,1,0,1,Manual Review,AX-00183
Laptop,Battery fault,2026-01-14,2026-09-23,2026-09-21,,24,None,1,SNX9EQ9TDA,SNX9EQ9TDA,INV979919556,,,0,,0,covered_fault,2028-01-14,252,478,2,,1,0,0,Valid Claim,AX-00184
Appliance,Power fault,2025-09-14,2026-09-23,2026-09-15,2025-08-27,36,None,1,SNALRR4W5G,SNALRR4W5G,INV403605675,,,1,1.0,0,repair_before_purchase,2028-09-14,374,722,8,-18.0,1,0,1,Manual Review,AX-00185
Appliance,Power fault,2026-03-16,2026-09-23,2026-09-07,2026-02-15,24,None,1,SNMH4FYBVJ,SNMH4FYBVJ,INV544111561,,,1,1.0,0,repair_before_purchase,2028-03-16,191,540,16,-29.0,1,0,1,Manual Review,AX-00186
Laptop,Battery fault,2025-09-21,2026-09-23,2026-09-21,2025-10-31,24,None,1,SNLUPAY23T,SNLUPAY23T,INV363758901,,,1,1.0,0,covered_fault,2027-09-21,367,363,2,40.0,1,0,0,Valid Claim,AX-00187
Appliance,Mechanical fault,2026-01-21,2026-09-23,2026-09-14,,12,None,0,SN7MU5NKYK,SN7MU5NKYK,,,,0,,2,missing_proof,2027-01-21,245,120,9,,1,0,0,Manual Review,AX-00188
Laptop,Power fault,2025-12-15,2026-09-23,2026-09-14,2026-08-19,12,None,1,SN88TALRX4,SN88TALRX4,INV216165591,,,1,0.0,0,unauthorized_repair,2026-12-15,282,83,9,247.0,1,0,0,Invalid Claim,AX-00189
Laptop,Battery fault,2024-11-15,2026-09-23,2026-09-08,,12,None,1,SN7T4SPJ9W,SN7T4SPJ9W,INV414311790,,,0,,0,expired,2025-11-15,677,-312,15,,1,0,0,Invalid Claim,AX-00190
Phone,Battery fault,2026-01-18,2026-09-23,2026-09-19,2026-01-17,12,None,1,SNRCW9HAGJ,SNRCW9HAGJ,INV166419608,,,1,1.0,0,repair_before_purchase,2027-01-18,248,117,4,-1.0,1,0,1,Manual Review,AX-00191
Appliance,Power fault,2026-01-22,2026-09-23,2026-09-20,2026-05-22,12,None,1,SNPFVU4YVK,SNPFVU4YVK,INV876597418,,,1,1.0,0,covered_fault,2027-01-22,244,121,3,120.0,1,0,0,Valid Claim,AX-00192
Laptop,Display fault,2025-12-21,2026-09-23,2026-09-20,2026-06-25,12,None,1,SN62Z68B4J,SN62Z68B4J,INV641784250,,,1,0.0,0,unauthorized_repair,2026-12-21,276,89,3,186.0,1,0,0,Invalid Claim,AX-00193
Phone,Battery fault,2026-04-22,2026-09-23,2026-09-16,,24,None,1,SNSEKU3RRB,SNSEKU3RRB,INV478852857,INV478852857,PRIOR-INV478852857,0,,0,duplicate,2028-04-22,154,577,7,,1,1,0,Manual Review,AX-00194
Laptop,Battery fault,2026-04-22,2026-09-23,2026-09-12,,36,None,0,SNGD83P6EJ,SNGD83P6EJ,,,,0,,2,missing_proof,2029-04-22,154,942,11,,1,0,0,Manual Review,AX-00195
Appliance,Power fault,2024-06-22,2026-09-23,2026-09-10,2025-01-31,12,None,1,SNE4NYJRSM,SNE4NYJRSM,INV937568227,,,1,1.0,0,expired,2025-06-22,823,-458,13,223.0,1,0,0,Invalid Claim,AX-00196
Laptop,Power fault,2024-07-22,2026-09-23,2026-09-10,2025-12-16,12,None,1,SNXXJ6N87Z,SNXXJ6N87Z,INV051924905,,,1,1.0,0,expired,2025-07-22,793,-428,13,512.0,1,0,0,Invalid Claim,AX-00197
Laptop,Display fault,2025-02-12,2026-09-23,2026-09-15,,36,Impact,1,SNXLWU26BN,SNXLWU26BN,INV885718531,,,0,,0,excluded_damage,2028-02-12,588,507,8,,1,0,0,Invalid Claim,AX-00198
Phone,Display fault,2025-05-13,2026-09-23,2026-09-11,2026-02-12,24,None,1,SNPTRTXGH2,SNPTRTXGH2,INV804705055,,,1,1.0,0,covered_fault,2027-05-13,498,232,12,275.0,1,0,0,Valid Claim,AX-00199
Phone,Power fault,2026-06-23,2026-09-23,2026-09-09,,12,None,0,SNWEREHS3R,SNWEREHS3R,,,,0,,2,missing_proof,2027-06-23,92,273,14,,1,0,0,Manual Review,AX-00200
Appliance,Motor fault,2026-04-16,2026-09-23,2026-09-10,,12,None,1,SN33VXBNW3,SN33VXBNW3,INV846023679,,,0,,0,covered_fault,2027-04-16,160,205,13,,1,0,0,Valid Claim,AX-00201
Phone,Display fault,2026-05-19,2026-09-23,2026-09-11,2026-09-05,12,None,1,SN68JZMLDN,SN68JZMLDN,INV486448117,,,1,1.0,0,authorized_repair,2027-05-19,127,238,12,109.0,1,0,0,Valid Claim,AX-00202
Laptop,Power fault,2025-01-18,2026-09-23,2026-09-17,2026-05-24,36,None,1,SNY7W3SDGE,SNY7W3SDGE,INV705385603,,,1,1.0,0,covered_fault,2028-01-18,613,482,6,491.0,1,0,0,Valid Claim,AX-00203
Laptop,Battery fault,2024-12-19,2026-09-23,2026-09-14,2026-09-10,36,None,0,SNZPZGYVCY,SNZPZGYVCY,,,,1,1.0,2,missing_proof,2027-12-19,643,452,9,630.0,1,0,0,Manual Review,AX-00204
Phone,Display fault,2024-07-16,2026-09-23,2026-09-13,,36,None,1,SNP5E9L969,SNP5E9L969,INV181039304,,,0,,0,covered_fault,2027-07-16,799,296,10,,1,0,0,Valid Claim,AX-00205
Laptop,Display fault,2025-06-21,2026-09-23,2026-09-09,2026-07-01,24,None,1,SNRNTDR5WX,SNRNTDR5WX,INV108239013,,,1,1.0,0,authorized_repair,2027-06-21,459,271,14,375.0,1,0,0,Valid Claim,AX-00206
Laptop,Battery fault,2026-04-14,2026-09-23,2026-09-13,,24,Liquid,1,SNQQ8X2GDN,SNQQ8X2GDN,INV192772625,,,0,,0,excluded_damage,2028-04-14,162,569,10,,1,0,0,Invalid Claim,AX-00207
Phone,Battery fault,2025-03-19,2026-09-23,2026-09-13,,24,None,1,SNP8AT48A7,SNP8AT48AX,INV917048571,,,0,,0,serial_mismatch,2027-03-19,553,177,10,,0,0,0,Manual Review,AX-00208
Phone,Power fault,2025-02-13,2026-09-23,2026-09-15,2025-01-22,24,None,1,SN8JRD8SPV,SN8JRD8SPV,INV757322719,,,1,1.0,0,repair_before_purchase,2027-02-13,587,143,8,-22.0,1,0,1,Manual Review,AX-00209
Appliance,Motor fault,2026-07-17,2026-09-23,2026-10-10,2026-09-19,24,None,1,SNJS2M4RMY,SNJS2M4RMY,INV384287238,,,1,1.0,0,fault_after_claim,2028-07-17,68,663,-17,64.0,1,0,1,Manual Review,AX-00210
Appliance,Motor fault,2024-01-21,2026-09-23,2026-09-19,,24,None,1,SNZZPYJGN4,SNZZPYJGN4,INV650412034,,,0,,0,expired,2026-01-21,976,-245,4,,1,0,0,Invalid Claim,AX-00211
Laptop,Battery fault,2024-04-15,2026-09-23,2026-09-22,2025-11-10,36,None,1,SND8YEBMTP,SND8YEBMTP,INV039903663,,,1,1.0,0,authorized_repair,2027-04-15,891,204,1,574.0,1,0,0,Valid Claim,AX-00212
Appliance,Motor fault,2025-11-16,2026-09-23,2026-09-19,2026-08-02,24,None,1,SNSUU37UUB,SNSUU37UUB,INV427986601,,,1,0.0,0,unauthorized_repair,2027-11-16,311,419,4,259.0,1,0,0,Invalid Claim,AX-00213
Appliance,Motor fault,2026-04-15,2026-09-23,2026-09-09,2026-08-20,24,None,1,SN8JC9FNLP,SN8JC9FNLP,INV647386244,,,1,1.0,0,covered_fault,2028-04-15,161,570,14,127.0,1,0,0,Valid Claim,AX-00214
Laptop,Display fault,2024-01-23,2026-09-23,2026-10-05,,36,None,1,SNNPBGPJXG,SNNPBGPJXG,INV547372109,,,0,,0,fault_after_claim,2027-01-23,974,122,-12,,1,0,1,Manual Review,AX-00215
Appliance,Mechanical fault,2026-03-12,2026-09-23,2026-09-16,,12,None,1,SNHY6Q3VNB,SNHY6Q3VNB,INV804483210,,,0,,0,covered_fault,2027-03-12,195,170,7,,1,0,0,Valid Claim,AX-00216
Appliance,Mechanical fault,2025-10-22,2026-09-23,2026-09-08,2026-04-07,36,None,1,SNF993EP9P,SNF993EP9P,INV968299033,,,1,1.0,0,authorized_repair,2028-10-22,336,760,15,167.0,1,0,0,Valid Claim,AX-00217
Phone,Battery fault,2024-03-21,2026-09-23,2026-09-22,,36,Impact,1,SNM9S8JTS2,SNM9S8JTS2,INV620186745,,,0,,0,excluded_damage,2027-03-21,916,179,1,,1,0,0,Invalid Claim,AX-00218
Phone,Power fault,2026-03-13,2026-09-23,2026-09-13,2026-08-07,24,None,1,SNRZQWADBW,SNRZQWADBW,INV611349472,,,1,1.0,0,authorized_repair,2028-03-13,194,537,10,147.0,1,0,0,Valid Claim,AX-00219
Phone,Battery fault,2023-04-15,2026-09-23,2026-09-18,2023-06-08,24,None,1,SNKLCW5YPG,SNKLCW5YPG,INV693264372,,,1,1.0,0,expired,2025-04-15,1257,-526,5,54.0,1,0,0,Invalid Claim,AX-00220
Appliance,Power fault,2024-12-20,2026-09-23,2026-09-14,2026-05-05,36,None,1,SNPA4N4G2J,SNPA4N4G2J,INV060716011,,,1,0.0,0,unauthorized_repair,2027-12-20,642,453,9,501.0,1,0,0,Invalid Claim,AX-00221
Laptop,Power fault,2024-04-21,2026-09-23,2026-09-14,,36,None,1,SN9S9EGVHF,SN9S9EGVHF,INV758843681,,,0,,0,covered_fault,2027-04-21,885,210,9,,1,0,0,Valid Claim,AX-00222
Appliance,Power fault,2025-10-12,2026-09-23,2026-09-20,2026-06-12,24,None,1,SNLU93BDEV,SNLU93BDEV,INV187929801,,,1,0.0,0,unauthorized_repair,2027-10-12,346,384,3,243.0,1,0,0,Invalid Claim,AX-00223
Appliance,Mechanical fault,2023-07-21,2026-09-23,2026-09-19,2025-07-26,36,None,1,SNAM86PSY2,SNAM86PSY2,INV056999368,,,1,1.0,0,expired,2026-07-21,1160,-64,4,736.0,1,0,0,Invalid Claim,AX-00224
Laptop,Display fault,2025-07-13,2026-09-23,2026-09-07,,36,None,1,SN4BYFRUYU,SN4BYFRUYU,INV818532743,INV818532743,PRIOR-INV818532743,0,,0,duplicate,2028-07-13,437,659,16,,1,1,0,Manual Review,AX-00225
Appliance,Mechanical fault,2026-02-18,2026-09-23,2026-09-20,2026-06-09,12,None,1,SNM9RVU9MJ,SNM9RVU9MJ,INV599031672,,,1,0.0,0,unauthorized_repair,2027-02-18,217,148,3,111.0,1,0,0,Invalid Claim,AX-00226
Phone,Power fault,2025-09-15,2026-09-23,2026-09-29,,36,None,1,SNUKDA4W8P,SNUKDA4W8P,INV570713131,,,0,,0,fault_after_claim,2028-09-15,373,723,-6,,1,0,1,Manual Review,AX-00227
Appliance,Motor fault,2026-04-24,2026-09-23,2026-09-17,,24,None,1,SNRNTJJQ9K,SNRNTJJQ9K,INV941848406,,,0,,0,covered_fault,2028-04-24,152,579,6,,1,0,0,Valid Claim,AX-00228
Appliance,Motor fault,2026-01-20,2026-09-23,2026-09-17,2026-09-15,36,None,1,SNTSXTV76T,SNTSXTV76T,INV984683253,,,1,1.0,0,covered_fault,2029-01-20,246,850,6,238.0,1,0,0,Valid Claim,AX-00229
Laptop,Power fault,2025-02-17,2026-09-23,2026-09-16,,36,None,0,SNZX53YFRY,SNZX53YFRY,,,,0,,1,missing_proof,2028-02-17,583,512,7,,1,0,0,Manual Review,AX-00230
Laptop,Battery fault,2024-10-20,2026-09-23,2026-09-21,2024-09-06,36,None,1,SN7Q7XX2NX,SN7Q7XX2NX,INV094134366,,,1,1.0,0,repair_before_purchase,2027-10-20,703,392,2,-44.0,1,0,1,Manual Review,AX-00231
Phone,Power fault,2026-06-20,2026-09-23,2026-09-17,,12,Impact,1,SNV3VWN4QE,SNV3VWN4QE,INV328389310,,,0,,0,excluded_damage,2027-06-20,95,270,6,,1,0,0,Invalid Claim,AX-00232
Appliance,Power fault,2025-02-10,2026-09-23,2026-09-10,2026-01-11,36,None,1,SNMX89SEQD,SNMX89SEQD,INV429078401,,,1,1.0,0,authorized_repair,2028-02-10,590,505,13,335.0,1,0,0,Valid Claim,AX-00233
Phone,Display fault,2024-10-11,2026-09-23,2026-09-21,2026-03-15,36,None,1,SNHC86Y2B9,SNHC86Y2B9,INV956059200,,,1,1.0,0,authorized_repair,2027-10-11,712,383,2,520.0,1,0,0,Valid Claim,AX-00234
Appliance,Mechanical fault,2024-02-15,2026-09-23,2026-09-10,2025-10-26,36,None,0,SND7WGXWAS,SND7WGXWAS,,,,1,1.0,1,missing_proof,2027-02-15,951,145,13,619.0,1,0,0,Manual Review,AX-00235
Phone,Power fault,2025-04-16,2026-09-23,2026-09-19,2025-05-08,24,None,1,SNC5Q4PV9J,SNC5Q4PV9J,INV601615084,,,1,0.0,0,unauthorized_repair,2027-04-16,525,205,4,22.0,1,0,0,Invalid Claim,AX-00236
Appliance,Mechanical fault,2026-06-22,2026-09-23,2026-09-18,2026-07-22,12,None,1,SN42PNXZFU,SN42PNXZFU,INV802804449,,,1,1.0,0,covered_fault,2027-06-22,93,272,5,30.0,1,0,0,Valid Claim,AX-00237
Phone,Power fault,2025-01-18,2026-09-23,2026-09-09,2026-04-28,24,None,1,SNYESYE733,SNYESYE73X,INV883368148,,,1,1.0,0,serial_mismatch,2027-01-18,613,117,14,465.0,0,0,0,Manual Review,AX-00238
Appliance,Mechanical fault,2026-03-13,2026-09-23,2026-09-16,2026-05-07,24,None,1,SNXUKU8MHA,SNXUKU8MHA,INV438132680,,,1,0.0,0,unauthorized_repair,2028-03-13,194,537,7,55.0,1,0,0,Invalid Claim,AX-00239
Phone,Power fault,2026-01-21,2026-09-23,2026-09-18,,24,None,1,SNXGWGH7CY,SNXGWGH7CY,INV405840207,INV405840207,PRIOR-INV405840207,0,,0,duplicate,2028-01-21,245,485,5,,1,1,0,Manual Review,AX-00240
Laptop,Battery fault,2024-12-17,2026-09-23,2026-09-11,,12,None,1,SNQEVB72GG,SNQEVB72GG,INV359399326,,,0,,0,expired,2025-12-17,645,-280,12,,1,0,0,Invalid Claim,AX-00241
Laptop,Battery fault,2026-05-14,2026-09-23,2026-09-18,2026-08-10,36,None,1,SN47RFAFV9,SN47RFAFV9,INV643210828,,,1,0.0,0,unauthorized_repair,2029-05-14,132,964,5,88.0,1,0,0,Invalid Claim,AX-00242
Appliance,Mechanical fault,2025-12-16,2026-09-23,2026-09-17,2026-07-12,24,Liquid,1,SNYYFVB9EK,SNYYFVB9EK,INV547578465,,,1,1.0,0,excluded_damage,2027-12-16,281,449,6,208.0,1,0,0,Invalid Claim,AX-00243
Laptop,Power fault,2026-03-19,2026-09-23,2026-09-20,,12,None,1,SNQ92H3UMY,SNQ92H3UMY,INV611220325,,,0,,0,covered_fault,2027-03-19,188,177,3,,1,0,0,Valid Claim,AX-00244
Appliance,Mechanical fault,2025-12-16,2026-09-23,2026-09-09,,12,Impact,1,SNC9AQW6RY,SNC9AQW6RY,INV039228054,,,0,,0,excluded_damage,2026-12-16,281,84,14,,1,0,0,Invalid Claim,AX-00245
Appliance,Motor fault,2026-05-24,2026-09-23,2026-09-13,,24,None,1,SN8QSSPXE9,SN8QSSPXE9,INV471980292,,,0,,0,covered_fault,2028-05-24,122,609,10,,1,0,0,Valid Claim,AX-00246
Phone,Battery fault,2024-12-20,2026-09-23,2026-09-19,2025-09-25,36,None,1,SNVWNKASZU,SNVWNKASZU,INV321153038,,,1,0.0,0,unauthorized_repair,2027-12-20,642,453,4,279.0,1,0,0,Invalid Claim,AX-00247
Phone,Power fault,2026-04-16,2026-09-23,2026-09-08,,24,Impact,1,SNSRV3MCF3,SNSRV3MCF3,INV520987001,,,0,,0,excluded_damage,2028-04-16,160,571,15,,1,0,0,Invalid Claim,AX-00248
Appliance,Power fault,2024-04-23,2026-09-23,2026-09-22,,12,None,1,SN8BWHYLJB,SN8BWHYLJB,INV182895968,,,0,,0,expired,2025-04-23,883,-518,1,,1,0,0,Invalid Claim,AX-00249
Laptop,Battery fault,2023-07-18,2026-09-23,2026-09-18,2024-10-02,36,None,1,SN9PN75EX5,SN9PN75EX5,INV778719776,,,1,1.0,0,expired,2026-07-18,1163,-67,5,442.0,1,0,0,Invalid Claim,AX-00250
Laptop,Display fault,2024-02-10,2026-09-23,2026-09-14,2024-06-12,36,None,1,SN52M5H4LZ,SN52M5H4LZ,INV481216455,,,1,0.0,0,unauthorized_repair,2027-02-10,956,140,9,123.0,1,0,0,Invalid Claim,AX-00251
Appliance,Mechanical fault,2026-06-21,2026-09-23,2026-09-11,2026-07-30,12,None,1,SNX9KWLZAA,SNX9KWLZAX,INV301704739,,,1,1.0,0,serial_mismatch,2027-06-21,94,271,12,39.0,0,0,0,Manual Review,AX-00252
Appliance,Motor fault,2025-06-23,2026-09-23,2026-09-14,,12,None,1,SNU5H5CWFE,SNU5H5CWFE,INV910759131,,,0,,0,expired,2026-06-23,457,-92,9,,1,0,0,Invalid Claim,AX-00253
Appliance,Mechanical fault,2025-10-19,2026-09-23,2026-09-15,2025-12-23,24,None,1,SNDGDT2FGR,SNDGDT2FGR,INV795211210,,,1,1.0,0,covered_fault,2027-10-19,339,391,8,65.0,1,0,0,Valid Claim,AX-00254
Appliance,Power fault,2024-12-12,2026-09-23,2026-09-11,2025-01-29,24,Impact,1,SNAZSTKAZ9,SNAZSTKAZ9,INV780007198,,,1,1.0,0,excluded_damage,2026-12-12,650,80,12,48.0,1,0,0,Invalid Claim,AX-00255
Laptop,Battery fault,2025-05-20,2026-09-23,2026-09-16,,12,None,1,SNM3K7HT7W,SNM3K7HT7W,INV605044786,,,0,,0,expired,2026-05-20,491,-126,7,,1,0,0,Invalid Claim,AX-00256
Appliance,Motor fault,2026-04-16,2026-09-23,2026-09-15,,36,None,1,SN7DEQSTL2,SN7DEQSTL2,INV488494184,,,0,,0,covered_fault,2029-04-16,160,936,8,,1,0,0,Valid Claim,AX-00257
Phone,Power fault,2026-04-21,2026-09-23,2026-09-21,2026-08-06,12,Impact,1,SNWTB4HBHH,SNWTB4HBHH,INV185376074,,,1,1.0,0,excluded_damage,2027-04-21,155,210,2,107.0,1,0,0,Invalid Claim,AX-00258
Appliance,Mechanical fault,2026-04-14,2026-09-23,2026-09-20,,24,None,1,SNC8GY465Q,SNC8GY465Q,INV335828351,,,0,,0,covered_fault,2028-04-14,162,569,3,,1,0,0,Valid Claim,AX-00259
Appliance,Mechanical fault,2024-12-11,2026-09-23,2026-09-16,2026-03-25,24,None,1,SN86D43H22,SN86D43H22,INV459060516,,,1,0.0,0,unauthorized_repair,2026-12-11,651,79,7,469.0,1,0,0,Invalid Claim,AX-00260
Phone,Battery fault,2026-02-12,2026-09-23,2026-09-16,2026-03-25,12,None,1,SNCR6XYVFS,SNCR6XYVFX,INV627906725,,,1,1.0,0,serial_mismatch,2027-02-12,223,142,7,41.0,0,0,0,Manual Review,AX-00261
Phone,Display fault,2024-05-22,2026-09-23,2026-09-19,2025-08-05,36,None,1,SNF6V6T2CX,SNF6V6T2CX,INV950964486,,,1,1.0,0,authorized_repair,2027-05-22,854,241,4,440.0,1,0,0,Valid Claim,AX-00262
Appliance,Power fault,2024-12-15,2026-09-23,2026-09-18,2026-08-11,24,None,1,SN7JH7TJAB,SN7JH7TJAB,INV623883714,INV623883714,PRIOR-INV623883714,1,1.0,0,duplicate,2026-12-15,647,83,5,604.0,1,1,0,Manual Review,AX-00263
Appliance,Power fault,2026-03-19,2026-09-23,2026-09-18,2026-08-10,12,None,1,SNS3PNZNPH,SNS3PNZNPH,INV424031494,,,1,0.0,0,unauthorized_repair,2027-03-19,188,177,5,144.0,1,0,0,Invalid Claim,AX-00264
Laptop,Battery fault,2026-04-19,2026-09-23,2026-09-22,,36,None,1,SNVLMA6FMD,SNVLMA6FMD,INV405114162,,,0,,0,covered_fault,2029-04-19,157,939,1,,1,0,0,Valid Claim,AX-00265
Laptop,Display fault,2025-01-10,2026-09-23,2026-09-19,,24,None,1,SNPJ27CVTJ,SNPJ27CVTJ,INV070553284,,,0,,0,covered_fault,2027-01-10,621,109,4,,1,0,0,Valid Claim,AX-00266
Phone,Power fault,2025-04-24,2026-09-23,2026-09-17,,24,None,1,SNMVDDKL94,SNMVDDKL9X,INV090477324,,,0,,0,serial_mismatch,2027-04-24,517,213,6,,0,0,0,Manual Review,AX-00267
Appliance,Motor fault,2026-06-22,2026-09-23,2026-09-09,,12,None,1,SNWN8NBGMA,SNWN8NBGMA,INV381662631,,,0,,0,covered_fault,2027-06-22,93,272,14,,1,0,0,Valid Claim,AX-00268
Laptop,Display fault,2024-08-13,2026-09-23,2026-09-11,,36,None,0,SNHNPEGPMR,SNHNPEGPMR,,,,0,,1,missing_proof,2027-08-13,771,324,12,,1,0,0,Manual Review,AX-00269
Laptop,Display fault,2025-12-19,2026-09-23,2026-09-16,,12,None,1,SNZKEBM53K,SNZKEBM53K,INV306113375,INV306113375,PRIOR-INV306113375,0,,0,duplicate,2026-12-19,278,87,7,,1,1,0,Manual Review,AX-00270
Appliance,Power fault,2026-04-18,2026-09-23,2026-09-12,,36,None,1,SN3DGTEFQ5,SN3DGTEFQ5,INV088065007,,,0,,0,covered_fault,2029-04-18,158,938,11,,1,0,0,Valid Claim,AX-00271
Appliance,Mechanical fault,2026-01-15,2026-09-23,2026-09-13,2026-09-08,24,None,1,SNPUSRZADR,SNPUSRZADR,INV460174812,,,1,0.0,0,unauthorized_repair,2028-01-15,251,479,10,236.0,1,0,0,Invalid Claim,AX-00272
Laptop,Display fault,2026-02-18,2026-09-23,2026-09-10,2026-02-01,24,None,1,SNKU69FQGG,SNKU69FQGG,INV968368380,,,1,1.0,0,repair_before_purchase,2028-02-18,217,513,13,-17.0,1,0,1,Manual Review,AX-00273
Laptop,Display fault,2023-12-14,2026-09-23,2026-09-10,2026-02-07,24,None,1,SNXF73VWLC,SNXF73VWLC,INV851575367,,,1,1.0,0,expired,2025-12-14,1014,-283,13,786.0,1,0,0,Invalid Claim,AX-00274
Appliance,Motor fault,2025-12-22,2026-09-23,2026-09-16,2026-08-09,12,None,1,SNATQU9NB4,SNATQU9NB4,INV346776842,INV346776842,PRIOR-INV346776842,1,1.0,0,duplicate,2026-12-22,275,90,7,230.0,1,1,0,Manual Review,AX-00275
Appliance,Power fault,2024-01-22,2026-09-23,2026-10-13,,36,None,1,SN7XURNYP2,SN7XURNYP2,INV442673817,,,0,,0,fault_after_claim,2027-01-22,975,121,-20,,1,0,1,Manual Review,AX-00276
Laptop,Display fault,2026-06-20,2026-09-23,2026-09-12,2026-07-20,12,None,1,SN8QJ3JRHF,SN8QJ3JRHF,INV862615435,,,1,1.0,0,authorized_repair,2027-06-20,95,270,11,30.0,1,0,0,Valid Claim,AX-00277
Laptop,Battery fault,2026-01-14,2026-09-23,2026-09-17,2026-01-27,12,None,1,SNRBXQGXHW,SNRBXQGXHW,INV894139273,INV894139273,PRIOR-INV894139273,1,1.0,0,duplicate,2027-01-14,252,113,6,13.0,1,1,0,Manual Review,AX-00278
Laptop,Battery fault,2022-08-16,2026-09-23,2026-09-21,,36,None,1,SNAWXK3E68,SNAWXK3E68,INV183096758,,,0,,0,expired,2025-08-16,1499,-403,2,,1,0,0,Invalid Claim,AX-00279
Appliance,Mechanical fault,2025-12-12,2026-09-23,2026-09-12,,36,None,0,SNKAKJ6SYW,SNKAKJ6SYW,,,,0,,1,missing_proof,2028-12-12,285,811,11,,1,0,0,Manual Review,AX-00280
Appliance,Power fault,2026-03-13,2026-09-23,2026-09-15,2026-08-17,12,None,1,SNMVXRPG98,SNMVXRPG98,INV803083464,,,1,1.0,0,authorized_repair,2027-03-13,194,171,8,157.0,1,0,0,Valid Claim,AX-00281
Phone,Battery fault,2026-04-24,2026-09-23,2026-09-25,,12,None,1,SN2LRWFJEJ,SN2LRWFJEJ,INV573613555,,,0,,0,fault_after_claim,2027-04-24,152,213,-2,,1,0,1,Manual Review,AX-00282
Phone,Power fault,2026-05-23,2026-09-23,2026-09-22,,24,None,1,SNPWUAY7CN,SNPWUAY7CN,INV714632825,,,0,,0,covered_fault,2028-05-23,123,608,1,,1,0,0,Valid Claim,AX-00283
Appliance,Motor fault,2025-06-15,2026-09-23,2026-09-14,2025-05-03,36,None,1,SNMW8EW6WA,SNMW8EW6WA,INV445863964,,,1,1.0,0,repair_before_purchase,2028-06-15,465,631,9,-43.0,1,0,1,Manual Review,AX-00284
Laptop,Battery fault,2025-11-18,2026-09-23,2026-09-22,2026-05-05,12,Liquid,1,SNC8XCHZ8P,SNC8XCHZ8P,INV830553132,,,1,1.0,0,excluded_damage,2026-11-18,309,56,1,168.0,1,0,0,Invalid Claim,AX-00285
Phone,Battery fault,2026-01-19,2026-09-23,2026-09-11,2026-01-13,24,None,1,SN37R92PB4,SN37R92PB4,INV673850472,,,1,1.0,0,repair_before_purchase,2028-01-19,247,483,12,-6.0,1,0,1,Manual Review,AX-00286
Laptop,Display fault,2026-06-19,2026-09-23,2026-09-26,2026-07-15,36,None,1,SNUTLGE6NW,SNUTLGE6NW,INV786128893,,,1,1.0,0,fault_after_claim,2029-06-19,96,1000,-3,26.0,1,0,1,Manual Review,AX-00287
Appliance,Motor fault,2026-07-20,2026-09-23,2026-09-17,2026-08-13,12,Impact,1,SNH5URY38D,SNH5URY38D,INV119604747,,,1,1.0,0,excluded_damage,2027-07-20,65,300,6,24.0,1,0,0,Invalid Claim,AX-00288
Appliance,Motor fault,2024-04-13,2026-09-23,2026-09-20,2024-03-04,36,None,1,SN9PJVUDRG,SN9PJVUDRG,INV578438189,,,1,1.0,0,repair_before_purchase,2027-04-13,893,202,3,-40.0,1,0,1,Manual Review,AX-00289
Laptop,Power fault,2024-01-23,2026-09-23,2026-09-11,2024-08-27,36,Liquid,1,SNLU37XMPZ,SNLU37XMPZ,INV059340907,,,1,1.0,0,excluded_damage,2027-01-23,974,122,12,217.0,1,0,0,Invalid Claim,AX-00290
Phone,Display fault,2026-04-24,2026-09-23,2026-09-14,2026-08-03,12,None,1,SNZ4NN465C,SNZ4NN465C,INV577075905,,,1,1.0,0,authorized_repair,2027-04-24,152,213,9,101.0,1,0,0,Valid Claim,AX-00291
Appliance,Power fault,2024-05-23,2026-09-23,2026-09-14,2025-10-16,36,None,1,SNVG7NQ3YD,SNVG7NQ3YD,INV498574691,,,1,1.0,0,authorized_repair,2027-05-23,853,242,9,511.0,1,0,0,Valid Claim,AX-00292
Appliance,Motor fault,2024-06-16,2026-09-23,2026-10-09,2026-05-07,36,None,1,SNBT65REBW,SNBT65REBW,INV126086830,,,1,1.0,0,fault_after_claim,2027-06-16,829,266,-16,690.0,1,0,1,Manual Review,AX-00293
Phone,Power fault,2025-02-19,2026-09-23,2026-09-08,2025-08-25,24,None,1,SN6Q72S7JL,SN6Q72S7JL,INV029471991,,,1,0.0,0,unauthorized_repair,2027-02-19,581,149,15,187.0,1,0,0,Invalid Claim,AX-00294
Laptop,Power fault,2026-02-16,2026-09-23,2026-09-19,2026-03-18,24,None,1,SNQCXD53AL,SNQCXD53AL,INV534494732,,,1,1.0,0,covered_fault,2028-02-16,219,511,4,30.0,1,0,0,Valid Claim,AX-00295
Laptop,Power fault,2022-05-15,2026-09-23,2026-09-11,,36,None,1,SNMPFHRD4J,SNMPFHRD4J,INV415775009,,,0,,0,expired,2025-05-15,1592,-496,12,,1,0,0,Invalid Claim,AX-00296
Appliance,Motor fault,2026-07-16,2026-09-23,2026-09-17,2026-07-30,12,Liquid,1,SNY8WFQGQY,SNY8WFQGQY,INV255180119,,,1,1.0,0,excluded_damage,2027-07-16,69,296,6,14.0,1,0,0,Invalid Claim,AX-00297
Phone,Battery fault,2025-05-14,2026-09-23,2026-09-15,,36,None,1,SNXJPA22A7,SNXJPA22A7,INV660283964,,,0,,0,covered_fault,2028-05-14,497,599,8,,1,0,0,Valid Claim,AX-00298
Phone,Battery fault,2025-10-21,2026-09-23,2026-09-21,2026-06-06,24,None,1,SN463R5DTA,SN463R5DTA,INV086516015,,,1,0.0,0,unauthorized_repair,2027-10-21,337,393,2,228.0,1,0,0,Invalid Claim,AX-00299
Laptop,Battery fault,2025-07-12,2026-09-23,2026-09-20,2026-04-15,24,None,1,SN3ZA7YUM2,SN3ZA7YUM2,INV587241195,,,1,0.0,0,unauthorized_repair,2027-07-12,438,292,3,277.0,1,0,0,Invalid Claim,AX-00300
Laptop,Power fault,2025-11-15,2026-09-23,2026-09-20,,12,None,1,SN7WVQPU4E,SN7WVQPU4E,INV574512230,,,0,,0,covered_fault,2026-11-15,312,53,3,,1,0,0,Valid Claim,AX-00301
Appliance,Power fault,2026-03-24,2026-09-23,2026-09-07,,24,None,0,SNLC4G7TVD,SNLC4G7TVD,,,,0,,1,missing_proof,2028-03-24,183,548,16,,1,0,0,Manual Review,AX-00302
Laptop,Power fault,2024-11-10,2026-09-23,2026-09-12,,24,Impact,1,SNKTLK8SN5,SNKTLK8SN5,INV669665404,,,0,,0,excluded_damage,2026-11-10,682,48,11,,1,0,0,Invalid Claim,AX-00303
Laptop,Battery fault,2026-05-21,2026-09-23,2026-09-12,,12,Impact,1,SNYU7M9ENZ,SNYU7M9ENZ,INV314542343,,,0,,0,excluded_damage,2027-05-21,125,240,11,,1,0,0,Invalid Claim,AX-00304
Laptop,Battery fault,2022-03-22,2026-09-23,2026-09-14,,36,None,1,SNVH56A553,SNVH56A553,INV757342983,,,0,,0,expired,2025-03-22,1646,-550,9,,1,0,0,Invalid Claim,AX-00305
Laptop,Battery fault,2025-12-23,2026-09-23,2026-09-15,2026-08-17,36,None,0,SNPAWU5ATW,SNPAWU5ATW,,,,1,1.0,2,missing_proof,2028-12-23,274,822,8,237.0,1,0,0,Manual Review,AX-00306
Appliance,Motor fault,2025-07-15,2026-09-23,2026-09-09,,12,None,1,SN9CXRVDNW,SN9CXRVDNW,INV711899471,,,0,,0,expired,2026-07-15,435,-70,14,,1,0,0,Invalid Claim,AX-00307
Appliance,Power fault,2025-11-22,2026-09-23,2026-09-13,2026-02-08,12,None,1,SNQBMKW9CV,SNQBMKW9CV,INV359709516,,,1,1.0,0,covered_fault,2026-11-22,305,60,10,78.0,1,0,0,Valid Claim,AX-00308
Appliance,Power fault,2022-08-14,2026-09-23,2026-09-07,2023-07-16,36,None,1,SNMYF7XXHS,SNMYF7XXHS,INV972050596,,,1,1.0,0,expired,2025-08-14,1501,-405,16,336.0,1,0,0,Invalid Claim,AX-00309
Appliance,Power fault,2024-06-18,2026-09-23,2026-09-28,,36,None,1,SNTYEF3DXQ,SNTYEF3DXQ,INV699932619,,,0,,0,fault_after_claim,2027-06-18,827,268,-5,,1,0,1,Manual Review,AX-00310
Laptop,Display fault,2025-10-12,2026-09-23,2026-09-08,2025-08-29,24,None,1,SNGSQ4V6US,SNGSQ4V6US,INV727635185,,,1,1.0,0,repair_before_purchase,2027-10-12,346,384,15,-44.0,1,0,1,Manual Review,AX-00311
Appliance,Motor fault,2024-02-15,2026-09-23,2026-09-19,2026-02-08,36,None,1,SNFTTS2VCX,SNFTTS2VCY,INV859830635,,,1,1.0,0,serial_mismatch,2027-02-15,951,145,4,724.0,0,0,0,Manual Review,AX-00312
Phone,Battery fault,2026-01-16,2026-09-23,2026-09-07,,12,None,0,SNPHFAWH2S,SNPHFAWH2S,,,,0,,2,missing_proof,2027-01-16,250,115,16,,1,0,0,Manual Review,AX-00313
Phone,Power fault,2026-06-22,2026-09-23,2026-09-19,2026-08-26,24,None,1,SNCMT9UT44,SNCMT9UT44,INV458484097,,,1,1.0,0,authorized_repair,2028-06-22,93,638,4,65.0,1,0,0,Valid Claim,AX-00314
Laptop,Battery fault,2025-06-15,2026-09-23,2026-09-15,2026-01-02,24,None,1,SN9369WKDR,SN9369WKDR,INV580747284,INV580747284,PRIOR-INV580747284,1,1.0,0,duplicate,2027-06-15,465,265,8,201.0,1,1,0,Manual Review,AX-00315
Laptop,Power fault,2025-04-21,2026-09-23,2026-09-11,,36,None,1,SNBKV4XKAD,SNBKV4XKAD,INV123400532,,,0,,0,covered_fault,2028-04-21,520,576,12,,1,0,0,Valid Claim,AX-00316
Appliance,Power fault,2023-05-14,2026-09-23,2026-09-11,,24,None,1,SNCVDU97Y8,SNCVDU97Y8,INV900142104,,,0,,0,expired,2025-05-14,1228,-497,12,,1,0,0,Invalid Claim,AX-00317
Laptop,Display fault,2024-04-17,2026-09-23,2026-09-07,2026-04-15,36,None,1,SNVG42A3LF,SNVG42A3LF,INV817456203,INV817456203,PRIOR-INV817456203,1,1.0,0,duplicate,2027-04-17,889,206,16,728.0,1,1,0,Manual Review,AX-00318
Phone,Battery fault,2025-03-13,2026-09-23,2026-09-20,2026-06-21,24,Impact,1,SNXFFMQJ9T,SNXFFMQJ9T,INV211501088,,,1,1.0,0,excluded_damage,2027-03-13,559,171,3,465.0,1,0,0,Invalid Claim,AX-00319
Laptop,Battery fault,2025-04-12,2026-09-23,2026-09-18,2025-04-21,24,None,1,SNL26S74ND,SNL26S74ND,INV101572639,,,1,1.0,0,authorized_repair,2027-04-12,529,201,5,9.0,1,0,0,Valid Claim,AX-00320
Laptop,Battery fault,2025-11-18,2026-09-23,2026-09-11,2026-04-08,12,None,1,SNX5X3JR8J,SNX5X3JR8J,INV299776445,,,1,1.0,0,covered_fault,2026-11-18,309,56,12,141.0,1,0,0,Valid Claim,AX-00321
Phone,Display fault,2025-07-22,2026-09-23,2026-09-18,,12,None,1,SNERBVGZKV,SNERBVGZKV,INV841518639,,,0,,0,expired,2026-07-22,428,-63,5,,1,0,0,Invalid Claim,AX-00322
Appliance,Power fault,2024-09-16,2026-09-23,2026-10-04,,36,None,1,SNRFAAP766,SNRFAAP766,INV709235763,,,0,,0,fault_after_claim,2027-09-16,737,358,-11,,1,0,1,Manual Review,AX-00323
Phone,Battery fault,2026-04-17,2026-09-23,2026-09-10,2026-03-20,24,None,1,SNLJDTGBUU,SNLJDTGBUU,INV259222766,,,1,1.0,0,repair_before_purchase,2028-04-17,159,572,13,-28.0,1,0,1,Manual Review,AX-00324
Appliance,Power fault,2026-01-12,2026-09-23,2026-09-12,2026-03-30,12,None,1,SNXZW9JPNB,SNXZW9JPNB,INV751725796,,,1,1.0,0,covered_fault,2027-01-12,254,111,11,77.0,1,0,0,Valid Claim,AX-00325
Phone,Battery fault,2026-05-15,2026-09-23,2026-09-07,,12,None,0,SNMVVJQYX7,SNMVVJQYX7,,,,0,,2,missing_proof,2027-05-15,131,234,16,,1,0,0,Manual Review,AX-00326
Appliance,Mechanical fault,2024-05-17,2026-09-23,2026-09-20,2025-07-30,12,None,1,SNKNQKHAZV,SNKNQKHAZV,INV936610449,,,1,1.0,0,expired,2025-05-17,859,-494,3,439.0,1,0,0,Invalid Claim,AX-00327
Laptop,Power fault,2025-04-23,2026-09-23,2026-09-11,2026-05-13,12,None,1,SN5XEEEFEA,SN5XEEEFEA,INV231195200,,,1,1.0,0,expired,2026-04-23,518,-153,12,385.0,1,0,0,Invalid Claim,AX-00328
Appliance,Power fault,2024-11-21,2026-09-23,2026-09-16,2025-01-20,24,None,1,SNQ7PRSMB3,SNQ7PRSMB3,INV074755182,,,1,1.0,0,authorized_repair,2026-11-21,671,59,7,60.0,1,0,0,Valid Claim,AX-00329
Laptop,Power fault,2024-10-14,2026-09-23,2026-09-19,,12,None,1,SN9QAY7FP9,SN9QAY7FP9,INV604585100,,,0,,0,expired,2025-10-14,709,-344,4,,1,0,0,Invalid Claim,AX-00330
Laptop,Power fault,2025-02-17,2026-09-23,2026-09-24,,24,None,1,SNCYQHNNB8,SNCYQHNNB8,INV620605955,,,0,,0,fault_after_claim,2027-02-17,583,147,-1,,1,0,1,Manual Review,AX-00331
Laptop,Display fault,2025-05-12,2026-09-23,2026-09-14,2025-09-03,24,None,1,SN8KZAWYBD,SN8KZAWYBD,INV345873192,,,1,1.0,0,covered_fault,2027-05-12,499,231,9,114.0,1,0,0,Valid Claim,AX-00332
Appliance,Mechanical fault,2026-01-20,2026-09-23,2026-09-28,,12,None,1,SNXLP5DLUL,SNXLP5DLUL,INV014467311,,,0,,0,fault_after_claim,2027-01-20,246,119,-5,,1,0,1,Manual Review,AX-00333
Appliance,Power fault,2026-04-13,2026-09-23,2026-09-22,2026-08-02,12,None,1,SNEDNU5H5X,SNEDNU5H5X,INV345811193,,,1,1.0,0,authorized_repair,2027-04-13,163,202,1,111.0,1,0,0,Valid Claim,AX-00334
Appliance,Power fault,2025-08-17,2026-09-23,2026-09-18,2025-12-21,24,None,1,SN7D846KUC,SN7D846KUC,INV940562489,,,1,0.0,0,unauthorized_repair,2027-08-17,402,328,5,126.0,1,0,0,Invalid Claim,AX-00335
Appliance,Motor fault,2026-01-13,2026-09-23,2026-09-18,,36,None,0,SNZ5NXV6ZP,SNZ5NXV6ZP,,,,0,,1,missing_proof,2029-01-13,253,843,5,,1,0,0,Manual Review,AX-00336
Phone,Battery fault,2025-02-19,2026-09-23,2026-09-16,2025-12-09,24,None,1,SN9G5XN8S8,SN9G5XN8S8,INV664702036,INV664702036,PRIOR-INV664702036,1,1.0,0,duplicate,2027-02-19,581,149,7,293.0,1,1,0,Manual Review,AX-00337
Appliance,Mechanical fault,2026-01-21,2026-09-23,2026-09-16,,12,None,1,SNUERJVU88,SNUERJVU8X,INV172949436,,,0,,0,serial_mismatch,2027-01-21,245,120,7,,0,0,0,Manual Review,AX-00338
Laptop,Power fault,2026-07-22,2026-09-23,2026-09-11,,12,None,1,SNMZA6LDMM,SNMZA6LDMM,INV362659033,,,0,,0,covered_fault,2027-07-22,63,302,12,,1,0,0,Valid Claim,AX-00339
Appliance,Power fault,2026-01-11,2026-09-23,2026-09-13,2026-03-04,12,None,1,SNAFRD2PPK,SNAFRD2PPK,INV411145152,,,1,1.0,0,authorized_repair,2027-01-11,255,110,10,52.0,1,0,0,Valid Claim,AX-00340
Laptop,Display fault,2025-11-18,2026-09-23,2026-10-04,,12,None,1,SNWJZVSFGJ,SNWJZVSFGJ,INV501228858,,,0,,0,fault_after_claim,2026-11-18,309,56,-11,,1,0,1,Manual Review,AX-00341
Phone,Battery fault,2026-01-14,2026-09-23,2026-10-11,,12,None,1,SN9EQ5RNPT,SN9EQ5RNPT,INV634579715,,,0,,0,fault_after_claim,2027-01-14,252,113,-18,,1,0,1,Manual Review,AX-00342
Laptop,Display fault,2025-03-17,2026-09-23,2026-09-22,2025-02-23,36,None,1,SNPDY5A55U,SNPDY5A55U,INV024007729,,,1,1.0,0,repair_before_purchase,2028-03-17,555,541,1,-22.0,1,0,1,Manual Review,AX-00343
Laptop,Battery fault,2025-07-22,2026-09-23,2026-09-12,2026-01-19,12,None,1,SNF7JC87XA,SNF7JC87XA,INV274883064,,,1,1.0,0,expired,2026-07-22,428,-63,11,181.0,1,0,0,Invalid Claim,AX-00344
Phone,Display fault,2026-01-13,2026-09-23,2026-09-10,2026-03-03,24,None,1,SNEHZM6CFF,SNEHZM6CFF,INV814760113,,,1,1.0,0,covered_fault,2028-01-13,253,477,13,49.0,1,0,0,Valid Claim,AX-00345
Laptop,Display fault,2026-06-24,2026-09-23,2026-09-14,,24,Liquid,1,SN8E53K2C2,SN8E53K2C2,INV135965568,,,0,,0,excluded_damage,2028-06-24,91,640,9,,1,0,0,Invalid Claim,AX-00346
Appliance,Motor fault,2026-04-18,2026-09-23,2026-09-13,,36,None,1,SNZ2PCDGCU,SNZ2PCDGCU,INV540318642,,,0,,0,covered_fault,2029-04-18,158,938,10,,1,0,0,Valid Claim,AX-00347
Laptop,Display fault,2025-11-13,2026-09-23,2026-09-13,2025-11-11,24,None,1,SNW84YEMGZ,SNW84YEMGZ,INV788974452,,,1,1.0,0,repair_before_purchase,2027-11-13,314,416,10,-2.0,1,0,1,Manual Review,AX-00348
Appliance,Power fault,2025-12-12,2026-09-23,2026-09-19,,12,None,0,SNG9XAY8J2,SNG9XAY8J2,,,,0,,2,missing_proof,2026-12-12,285,80,4,,1,0,0,Manual Review,AX-00349
Phone,Display fault,2023-12-13,2026-09-23,2026-09-12,,36,None,1,SNF8Y73HUF,SNF8Y73HUF,INV361799399,,,0,,0,covered_fault,2026-12-13,1015,81,11,,1,0,0,Valid Claim,AX-00350
Laptop,Power fault,2026-06-16,2026-09-23,2026-09-18,,12,None,1,SNRMKZCRNQ,SNRMKZCRNQ,INV768249488,,,0,,0,covered_fault,2027-06-16,99,266,5,,1,0,0,Valid Claim,AX-00351
Appliance,Motor fault,2026-07-17,2026-09-23,2026-09-20,,24,None,1,SNAFCW6P32,SNAFCW6P32,INV626549601,,,0,,0,covered_fault,2028-07-17,68,663,3,,1,0,0,Valid Claim,AX-00352
Appliance,Power fault,2026-06-12,2026-09-23,2026-09-09,,12,Liquid,1,SNDPRTHRX3,SNDPRTHRX3,INV527374786,,,0,,0,excluded_damage,2027-06-12,103,262,14,,1,0,0,Invalid Claim,AX-00353
Appliance,Mechanical fault,2026-01-11,2026-09-23,2026-09-13,2026-06-22,12,None,1,SN4NTZ7PJS,SN4NTZ7PJS,INV141331952,,,1,0.0,0,unauthorized_repair,2027-01-11,255,110,10,162.0,1,0,0,Invalid Claim,AX-00354
Phone,Display fault,2025-04-17,2026-09-23,2026-09-18,,36,None,1,SNHWQX6QKT,SNHWQX6QKT,INV099296439,,,0,,0,covered_fault,2028-04-17,524,572,5,,1,0,0,Valid Claim,AX-00355
Laptop,Battery fault,2024-06-19,2026-09-23,2026-09-22,,36,Liquid,1,SNDUSJTN92,SNDUSJTN92,INV860355945,,,0,,0,excluded_damage,2027-06-19,826,269,1,,1,0,0,Invalid Claim,AX-00356
Laptop,Display fault,2026-04-20,2026-09-23,2026-09-07,2026-05-31,24,None,1,SNWGK8B3EY,SNWGK8B3EY,INV892797872,,,1,1.0,0,authorized_repair,2028-04-20,156,575,16,41.0,1,0,0,Valid Claim,AX-00357
Phone,Display fault,2024-09-21,2026-09-23,2026-09-13,2025-02-06,36,None,1,SN5HYNLNNT,SN5HYNLNNT,INV641398196,,,1,1.0,0,authorized_repair,2027-09-21,732,363,10,138.0,1,0,0,Valid Claim,AX-00358
Laptop,Display fault,2025-02-22,2026-09-23,2026-09-09,,24,None,1,SNCE73UMV6,SNCE73UMV6,INV808164758,,,0,,0,covered_fault,2027-02-22,578,152,14,,1,0,0,Valid Claim,AX-00359
Phone,Power fault,2025-12-17,2026-09-23,2026-09-17,,12,None,1,SN2HKF386U,SN2HKF386U,INV524582440,,,0,,0,covered_fault,2026-12-17,280,85,6,,1,0,0,Valid Claim,AX-00360
Appliance,Power fault,2026-04-12,2026-09-23,2026-09-12,2026-04-19,36,None,1,SNHEUC2GG5,SNHEUC2GG5,INV319081121,,,1,1.0,0,covered_fault,2029-04-12,164,932,11,7.0,1,0,0,Valid Claim,AX-00361
Phone,Power fault,2023-11-23,2026-09-23,2026-09-11,,36,Impact,1,SNMZZ3L4JY,SNMZZ3L4JY,INV662690440,,,0,,0,excluded_damage,2026-11-23,1035,61,12,,1,0,0,Invalid Claim,AX-00362
Phone,Power fault,2024-07-22,2026-09-23,2026-09-16,,24,None,1,SNP8D3ZFM7,SNP8D3ZFM7,INV759765475,,,0,,0,expired,2026-07-22,793,-63,7,,1,0,0,Invalid Claim,AX-00363
Appliance,Motor fault,2026-04-12,2026-09-23,2026-09-17,,36,None,1,SNWQGX3KBV,SNWQGX3KBV,INV521020197,,,0,,0,covered_fault,2029-04-12,164,932,6,,1,0,0,Valid Claim,AX-00364
Phone,Battery fault,2025-03-19,2026-09-23,2026-09-10,2026-03-10,12,None,1,SNUDGAAGPQ,SNUDGAAGPQ,INV719738447,,,1,1.0,0,expired,2026-03-19,553,-188,13,356.0,1,0,0,Invalid Claim,AX-00365
Phone,Power fault,2025-05-14,2026-09-23,2026-09-16,,36,None,1,SNJE4ZKG68,SNJE4ZKG68,INV870052142,,,0,,0,covered_fault,2028-05-14,497,599,7,,1,0,0,Valid Claim,AX-00366
Phone,Battery fault,2026-03-19,2026-09-23,2026-09-13,,24,None,0,SNLABLUB9Z,SNLABLUB9Z,,,,0,,1,missing_proof,2028-03-19,188,543,10,,1,0,0,Manual Review,AX-00367
Phone,Battery fault,2024-11-15,2026-09-23,2026-09-10,2026-06-03,12,None,1,SNQQ6QPB86,SNQQ6QPB86,INV920436453,,,1,1.0,0,expired,2025-11-15,677,-312,13,565.0,1,0,0,Invalid Claim,AX-00368
Phone,Display fault,2026-05-19,2026-09-23,2026-09-11,,12,None,0,SNP2G2YRHX,SNP2G2YRHX,,,,0,,1,missing_proof,2027-05-19,127,238,12,,1,0,0,Manual Review,AX-00369
Phone,Battery fault,2026-01-12,2026-09-23,2026-09-17,2026-06-20,12,None,1,SNVKTAKPUW,SNVKTAKPUW,INV442497105,,,1,1.0,0,covered_fault,2027-01-12,254,111,6,159.0,1,0,0,Valid Claim,AX-00370
Laptop,Display fault,2026-06-15,2026-09-23,2026-09-16,2026-07-13,12,None,0,SNBNJWDNRU,SNBNJWDNRU,,,,1,1.0,2,missing_proof,2027-06-15,100,265,7,28.0,1,0,0,Manual Review,AX-00371
Laptop,Battery fault,2025-02-16,2026-09-23,2026-09-20,2025-12-31,36,None,1,SNRHQ8GKD3,SNRHQ8GKD3,INV794045197,,,1,1.0,0,covered_fault,2028-02-16,584,511,3,318.0,1,0,0,Valid Claim,AX-00372
Laptop,Battery fault,2026-06-17,2026-09-23,2026-09-17,2026-06-18,12,None,1,SNDKFEEKPT,SNDKFEEKPT,INV793214649,,,1,0.0,0,unauthorized_repair,2027-06-17,98,267,6,1.0,1,0,0,Invalid Claim,AX-00373
Phone,Power fault,2025-11-11,2026-09-23,2026-09-19,2025-11-24,12,None,1,SNZGCGE4AK,SNZGCGE4AK,INV030022174,,,1,0.0,0,unauthorized_repair,2026-11-11,316,49,4,13.0,1,0,0,Invalid Claim,AX-00374
Laptop,Battery fault,2024-10-23,2026-09-23,2026-09-08,2025-11-30,36,None,1,SNK8R2Y5QT,SNK8R2Y5QT,INV975302700,,,1,0.0,0,unauthorized_repair,2027-10-23,700,395,15,403.0,1,0,0,Invalid Claim,AX-00375
Phone,Power fault,2024-07-18,2026-09-23,2026-09-11,2026-06-04,36,None,1,SN83KKYMQJ,SN83KKYMQJ,INV425961652,,,1,1.0,0,authorized_repair,2027-07-18,797,298,12,686.0,1,0,0,Valid Claim,AX-00376
Laptop,Power fault,2025-11-17,2026-09-23,2026-09-10,,12,None,1,SN5UW9Y8ZP,SN5UW9Y8ZP,INV154495564,,,0,,0,covered_fault,2026-11-17,310,55,13,,1,0,0,Valid Claim,AX-00377
Appliance,Motor fault,2025-12-13,2026-09-23,2026-09-09,,36,None,1,SNPMLVAK9V,SNPMLVAK9V,INV941081378,,,0,,0,covered_fault,2028-12-13,284,812,14,,1,0,0,Valid Claim,AX-00378
Phone,Display fault,2026-06-17,2026-09-23,2026-09-16,,24,Impact,1,SNM22R99AL,SNM22R99AL,INV695685651,,,0,,0,excluded_damage,2028-06-17,98,633,7,,1,0,0,Invalid Claim,AX-00379
Appliance,Mechanical fault,2024-12-16,2026-09-23,2026-09-17,2024-11-05,36,None,1,SNSWF8LSLG,SNSWF8LSLG,INV940162984,,,1,1.0,0,repair_before_purchase,2027-12-16,646,449,6,-41.0,1,0,1,Manual Review,AX-00380
Appliance,Mechanical fault,2024-07-21,2026-09-23,2026-09-14,,36,None,1,SNGW75CZGJ,SNGW75CZGJ,INV668177548,,,0,,0,covered_fault,2027-07-21,794,301,9,,1,0,0,Valid Claim,AX-00381
Laptop,Battery fault,2026-03-16,2026-09-23,2026-09-17,,12,None,1,SN2HRTGYG6,SN2HRTGYGX,INV819506445,,,0,,0,serial_mismatch,2027-03-16,191,174,6,,0,0,0,Manual Review,AX-00382
Appliance,Mechanical fault,2026-02-10,2026-09-23,2026-09-15,,12,Impact,1,SNUT7EHYGJ,SNUT7EHYGJ,INV365361497,,,0,,0,excluded_damage,2027-02-10,225,140,8,,1,0,0,Invalid Claim,AX-00383
Laptop,Power fault,2026-04-20,2026-09-23,2026-09-09,2026-05-14,12,Impact,1,SNPQNUVK6J,SNPQNUVK6J,INV447052601,,,1,1.0,0,excluded_damage,2027-04-20,156,209,14,24.0,1,0,0,Invalid Claim,AX-00384
Laptop,Display fault,2026-07-23,2026-09-23,2026-09-19,,24,None,1,SNWKJK95JX,SNWKJK95JX,INV612870643,INV612870643,PRIOR-INV612870643,0,,0,duplicate,2028-07-23,62,669,4,,1,1,0,Manual Review,AX-00385
Appliance,Mechanical fault,2026-03-21,2026-09-23,2026-09-16,2026-09-04,24,None,1,SN3GWM5D35,SN3GWM5D35,INV396103491,,,1,1.0,0,covered_fault,2028-03-21,186,545,7,167.0,1,0,0,Valid Claim,AX-00386
Laptop,Power fault,2026-04-23,2026-09-23,2026-09-15,2026-05-20,12,None,1,SNR9322T65,SNR9322T65,INV861097979,,,1,1.0,0,authorized_repair,2027-04-23,153,212,8,27.0,1,0,0,Valid Claim,AX-00387
Appliance,Power fault,2025-11-11,2026-09-23,2026-09-10,2026-08-28,24,None,1,SNRL2EG9GY,SNRL2EG9GY,INV199567293,,,1,0.0,0,unauthorized_repair,2027-11-11,316,414,13,290.0,1,0,0,Invalid Claim,AX-00388
Phone,Power fault,2026-02-16,2026-09-23,2026-09-19,,36,None,1,SN3U9VT3YB,SN3U9VT3YB,INV529261503,,,0,,0,covered_fault,2029-02-16,219,877,4,,1,0,0,Valid Claim,AX-00389
Laptop,Battery fault,2025-08-22,2026-09-23,2026-10-10,2026-05-06,24,None,1,SNSQC3VC9H,SNSQC3VC9H,INV461240353,,,1,1.0,0,fault_after_claim,2027-08-22,397,333,-17,257.0,1,0,1,Manual Review,AX-00390
Laptop,Display fault,2024-03-13,2026-09-23,2026-09-12,2024-06-21,12,None,1,SNUJB4GKLQ,SNUJB4GKLQ,INV331738848,,,1,1.0,0,expired,2025-03-13,924,-559,11,100.0,1,0,0,Invalid Claim,AX-00391
Laptop,Battery fault,2025-12-18,2026-09-23,2026-09-14,,12,None,1,SN3ZCV4TLC,SN3ZCV4TLC,INV636463083,,,0,,0,covered_fault,2026-12-18,279,86,9,,1,0,0,Valid Claim,AX-00392
Laptop,Battery fault,2022-09-20,2026-09-23,2026-09-07,2023-02-07,36,None,1,SNSAGSP5CG,SNSAGSP5CG,INV856195588,,,1,1.0,0,expired,2025-09-20,1464,-368,16,140.0,1,0,0,Invalid Claim,AX-00393
Laptop,Display fault,2026-03-23,2026-09-23,2026-10-12,,12,None,1,SNL6CZ98JR,SNL6CZ98JR,INV419897406,,,0,,0,fault_after_claim,2027-03-23,184,181,-19,,1,0,1,Manual Review,AX-00394
Appliance,Mechanical fault,2024-06-23,2026-09-23,2026-09-10,2025-05-18,36,None,1,SN6LHZ76A4,SN6LHZ76A4,INV324608194,,,1,1.0,0,authorized_repair,2027-06-23,822,273,13,329.0,1,0,0,Valid Claim,AX-00395
Laptop,Power fault,2026-02-13,2026-09-23,2026-09-07,,12,None,1,SND5WMXVF6,SND5WMXVF6,INV416368446,INV416368446,PRIOR-INV416368446,0,,0,duplicate,2027-02-13,222,143,16,,1,1,0,Manual Review,AX-00396
Laptop,Power fault,2026-01-13,2026-09-23,2026-09-09,,12,None,1,SNJYU9NNU3,SNJYU9NNU3,INV163573634,,,0,,0,covered_fault,2027-01-13,253,112,14,,1,0,0,Valid Claim,AX-00397
Phone,Display fault,2026-05-20,2026-09-23,2026-09-22,2026-06-22,12,None,1,SNL3KRLZGT,SNL3KRLZGT,INV756966395,,,1,1.0,0,authorized_repair,2027-05-20,126,239,1,33.0,1,0,0,Valid Claim,AX-00398
Laptop,Battery fault,2026-03-23,2026-09-23,2026-09-11,,24,None,1,SNC5FFSJ6U,SNC5FFSJ6U,INV595540768,,,0,,0,covered_fault,2028-03-23,184,547,12,,1,0,0,Valid Claim,AX-00399
Appliance,Mechanical fault,2024-08-17,2026-09-23,2026-09-07,,12,None,1,SNHG4YVR3E,SNHG4YVR3E,INV582089378,,,0,,0,expired,2025-08-17,767,-402,16,,1,0,0,Invalid Claim,AX-00400
Laptop,Power fault,2026-06-19,2026-09-23,2026-09-20,2026-08-17,24,None,1,SN48B2CRG4,SN48B2CRG4,INV881727470,,,1,1.0,0,authorized_repair,2028-06-19,96,635,3,59.0,1,0,0,Valid Claim,AX-00401
Phone,Battery fault,2026-03-21,2026-09-23,2026-09-16,2026-08-27,36,None,1,SNFKWDR3UW,SNFKWDR3UW,INV321230379,,,1,1.0,0,covered_fault,2029-03-21,186,910,7,159.0,1,0,0,Valid Claim,AX-00402
Appliance,Mechanical fault,2026-01-15,2026-09-23,2026-09-21,,12,Impact,1,SNSQBBX6NW,SNSQBBX6NW,INV072131475,,,0,,0,excluded_damage,2027-01-15,251,114,2,,1,0,0,Invalid Claim,AX-00403
Laptop,Power fault,2025-01-14,2026-09-23,2026-09-08,2025-10-10,24,None,1,SNPFAZX8YC,SNPFAZX8YC,INV110850370,,,1,1.0,0,authorized_repair,2027-01-14,617,113,15,269.0,1,0,0,Valid Claim,AX-00404
Appliance,Power fault,2025-11-17,2026-09-23,2026-09-08,2025-10-24,12,None,1,SNN3EH9545,SNN3EH9545,INV896014271,,,1,1.0,0,repair_before_purchase,2026-11-17,310,55,15,-24.0,1,0,1,Manual Review,AX-00405
Laptop,Power fault,2026-07-21,2026-09-23,2026-09-15,,12,Liquid,1,SNQ7UHARQG,SNQ7UHARQG,INV847951748,,,0,,0,excluded_damage,2027-07-21,64,301,8,,1,0,0,Invalid Claim,AX-00406
Laptop,Battery fault,2025-04-21,2026-09-23,2026-09-12,,36,None,0,SN6TBCJGFF,SN6TBCJGFF,,,,0,,1,missing_proof,2028-04-21,520,576,11,,1,0,0,Manual Review,AX-00407
Appliance,Motor fault,2026-07-14,2026-09-23,2026-09-11,,24,None,1,SNTBHDSDCG,SNTBHDSDCG,INV586042063,,,0,,0,covered_fault,2028-07-14,71,660,12,,1,0,0,Valid Claim,AX-00408
Laptop,Battery fault,2026-01-14,2026-09-23,2026-09-22,2026-03-31,24,None,1,SNZCCK47M8,SNZCCK47M8,INV261952410,,,1,1.0,0,authorized_repair,2028-01-14,252,478,1,76.0,1,0,0,Valid Claim,AX-00409
Laptop,Display fault,2024-08-16,2026-09-23,2026-10-11,,36,None,1,SNMRUVMM6L,SNMRUVMM6L,INV663564338,,,0,,0,fault_after_claim,2027-08-16,768,327,-18,,1,0,1,Manual Review,AX-00410
Appliance,Motor fault,2025-07-13,2026-09-23,2026-09-13,2025-11-17,24,None,1,SNUCP9AXTG,SNUCP9AXTG,INV211317517,,,1,0.0,0,unauthorized_repair,2027-07-13,437,293,10,127.0,1,0,0,Invalid Claim,AX-00411
Phone,Battery fault,2022-11-21,2026-09-23,2026-09-16,,36,None,1,SNABFB8PLW,SNABFB8PLW,INV990381707,,,0,,0,expired,2025-11-21,1402,-306,7,,1,0,0,Invalid Claim,AX-00412
Phone,Display fault,2026-05-14,2026-09-23,2026-10-05,2026-08-25,12,None,1,SNWLKQBAR5,SNWLKQBAR5,INV643757225,,,1,1.0,0,fault_after_claim,2027-05-14,132,233,-12,103.0,1,0,1,Manual Review,AX-00413
Appliance,Mechanical fault,2023-11-19,2026-09-23,2026-09-10,2026-07-18,36,None,1,SN69VVP83Q,SN69VVP83Q,INV755703467,,,1,0.0,0,unauthorized_repair,2026-11-19,1039,57,13,972.0,1,0,0,Invalid Claim,AX-00414
Phone,Display fault,2026-05-21,2026-09-23,2026-09-18,,36,None,1,SNFHCR6C96,SNFHCR6C9X,INV599976545,,,0,,0,serial_mismatch,2029-05-21,125,971,5,,0,0,0,Manual Review,AX-00415
Phone,Battery fault,2026-04-14,2026-09-23,2026-09-20,2026-03-09,12,None,1,SN8EX2APAZ,SN8EX2APAZ,INV118952703,,,1,1.0,0,repair_before_purchase,2027-04-14,162,203,3,-36.0,1,0,1,Manual Review,AX-00416
Laptop,Power fault,2025-08-11,2026-09-23,2026-09-17,,36,None,0,SNJPMKRQ3Y,SNJPMKRQ3Y,,,,0,,2,missing_proof,2028-08-11,408,688,6,,1,0,0,Manual Review,AX-00417
Laptop,Power fault,2025-05-20,2026-09-23,2026-09-07,,36,None,0,SN6FXHLQ6F,SN6FXHLQ6F,,,,0,,2,missing_proof,2028-05-20,491,605,16,,1,0,0,Manual Review,AX-00418
Phone,Battery fault,2026-05-20,2026-09-23,2026-09-19,,12,None,1,SNWVJVGABT,SNWVJVGABT,INV112772143,,,0,,0,covered_fault,2027-05-20,126,239,4,,1,0,0,Valid Claim,AX-00419
Appliance,Mechanical fault,2025-04-20,2026-09-23,2026-09-15,,24,None,1,SNAB23T5XZ,SNAB23T5XZ,INV507644148,,,0,,0,covered_fault,2027-04-20,521,209,8,,1,0,0,Valid Claim,AX-00420
Appliance,Power fault,2025-07-20,2026-09-23,2026-09-10,2026-04-19,24,None,1,SNZ2DPEKFV,SNZ2DPEKFV,INV741013026,,,1,0.0,0,unauthorized_repair,2027-07-20,430,300,13,273.0,1,0,0,Invalid Claim,AX-00421
Phone,Battery fault,2026-04-24,2026-09-23,2026-09-16,2026-07-12,12,None,1,SNBKAQCY6V,SNBKAQCY6V,INV846373484,INV846373484,PRIOR-INV846373484,1,1.0,0,duplicate,2027-04-24,152,213,7,79.0,1,1,0,Manual Review,AX-00422
Laptop,Battery fault,2025-09-18,2026-09-23,2026-09-11,,24,None,0,SNVXY27YFR,SNVXY27YFR,,,,0,,1,missing_proof,2027-09-18,370,360,12,,1,0,0,Manual Review,AX-00423
Laptop,Battery fault,2024-04-21,2026-09-23,2026-09-12,2025-11-17,36,None,1,SNZR8T7WQG,SNZR8T7WQG,INV014141844,,,1,1.0,0,covered_fault,2027-04-21,885,210,11,575.0,1,0,0,Valid Claim,AX-00424
Phone,Display fault,2026-01-15,2026-09-23,2026-09-10,2026-04-20,12,None,1,SN7FUN8H5J,SN7FUN8H5J,INV629672495,,,1,1.0,0,authorized_repair,2027-01-15,251,114,13,95.0,1,0,0,Valid Claim,AX-00425
Laptop,Power fault,2025-12-20,2026-09-23,2026-09-10,2026-06-12,24,Impact,1,SN5YF6287N,SN5YF6287N,INV763566478,,,1,1.0,0,excluded_damage,2027-12-20,277,453,13,174.0,1,0,0,Invalid Claim,AX-00426
Phone,Power fault,2025-12-15,2026-09-23,2026-10-12,,24,None,1,SNNVUQHQ9U,SNNVUQHQ9U,INV301113605,,,0,,0,fault_after_claim,2027-12-15,282,448,-19,,1,0,1,Manual Review,AX-00427
Phone,Display fault,2025-10-17,2026-09-23,2026-09-08,2026-07-26,24,None,1,SNGXLU7K8P,SNGXLU7K8P,INV930094123,,,1,1.0,0,authorized_repair,2027-10-17,341,389,15,282.0,1,0,0,Valid Claim,AX-00428
Laptop,Battery fault,2023-12-13,2026-09-23,2026-09-19,,36,None,1,SN48DH4E95,SN48DH4E95,INV720788506,,,0,,0,covered_fault,2026-12-13,1015,81,4,,1,0,0,Valid Claim,AX-00429
Laptop,Power fault,2024-11-20,2026-09-23,2026-09-20,2025-05-04,24,None,1,SNEJC5QPG6,SNEJC5QPG6,INV108492194,,,1,1.0,0,covered_fault,2026-11-20,672,58,3,165.0,1,0,0,Valid Claim,AX-00430
Appliance,Power fault,2026-05-20,2026-09-23,2026-09-17,,24,None,1,SN3U3F4RXN,SN3U3F4RXX,INV342755400,,,0,,0,serial_mismatch,2028-05-20,126,605,6,,0,0,0,Manual Review,AX-00431
Appliance,Power fault,2025-11-23,2026-09-23,2026-09-13,,12,None,1,SND8CC6N9G,SND8CC6N9X,INV882532534,,,0,,0,serial_mismatch,2026-11-23,304,61,10,,0,0,0,Manual Review,AX-00432
Laptop,Battery fault,2026-02-14,2026-09-23,2026-09-10,2026-04-09,12,None,0,SNP39DUR4Q,SNP39DUR4Q,,,,1,1.0,1,missing_proof,2027-02-14,221,144,13,54.0,1,0,0,Manual Review,AX-00433
Phone,Power fault,2026-02-10,2026-09-23,2026-09-07,2026-02-18,12,None,1,SN4YP84JRG,SN4YP84JRG,INV924507871,INV924507871,PRIOR-INV924507871,1,1.0,0,duplicate,2027-02-10,225,140,16,8.0,1,1,0,Manual Review,AX-00434
Phone,Power fault,2026-05-19,2026-09-23,2026-09-08,,12,Liquid,1,SNB9GXVLVM,SNB9GXVLVM,INV983585229,,,0,,0,excluded_damage,2027-05-19,127,238,15,,1,0,0,Invalid Claim,AX-00435
Appliance,Power fault,2024-12-14,2026-09-23,2026-09-21,2026-07-30,36,None,1,SN6TAQ6ULM,SN6TAQ6ULM,INV921653726,,,1,1.0,0,authorized_repair,2027-12-14,648,447,2,593.0,1,0,0,Valid Claim,AX-00436
Laptop,Battery fault,2025-09-13,2026-09-23,2026-09-19,2026-08-22,24,None,1,SNBG2A4NFM,SNBG2A4NFM,INV899540064,,,1,0.0,0,unauthorized_repair,2027-09-13,375,355,4,343.0,1,0,0,Invalid Claim,AX-00437
Phone,Battery fault,2026-01-10,2026-09-23,2026-09-12,2026-06-25,12,None,1,SNXUWHTHFW,SNXUWHTHFW,INV725825344,,,1,0.0,0,unauthorized_repair,2027-01-10,256,109,11,166.0,1,0,0,Invalid Claim,AX-00438
Appliance,Power fault,2026-04-13,2026-09-23,2026-09-16,2026-07-27,12,None,1,SN8F2AZ775,SN8F2AZ775,INV461618945,,,1,1.0,0,authorized_repair,2027-04-13,163,202,7,105.0,1,0,0,Valid Claim,AX-00439
Appliance,Mechanical fault,2026-01-12,2026-09-23,2026-09-27,,12,None,1,SNBJMHFJ7G,SNBJMHFJ7G,INV382851538,,,0,,0,fault_after_claim,2027-01-12,254,111,-4,,1,0,1,Manual Review,AX-00440
Phone,Display fault,2024-11-20,2026-09-23,2026-09-07,,24,None,1,SN7KYPRRQE,SN7KYPRRQE,INV157107837,,,0,,0,covered_fault,2026-11-20,672,58,16,,1,0,0,Valid Claim,AX-00441
Phone,Display fault,2026-07-21,2026-09-23,2026-09-19,2026-07-25,12,Impact,1,SN4USK24AE,SN4USK24AE,INV460562644,,,1,1.0,0,excluded_damage,2027-07-21,64,301,4,4.0,1,0,0,Invalid Claim,AX-00442
Phone,Battery fault,2026-01-18,2026-09-23,2026-09-15,2026-06-20,12,None,1,SNHKWE4AX5,SNHKWE4AX5,INV349524961,,,1,1.0,0,authorized_repair,2027-01-18,248,117,8,153.0,1,0,0,Valid Claim,AX-00443
Phone,Battery fault,2026-04-18,2026-09-23,2026-09-10,2026-06-14,12,None,1,SNQDZ9P8A9,SNQDZ9P8A9,INV792891816,,,1,0.0,0,unauthorized_repair,2027-04-18,158,207,13,57.0,1,0,0,Invalid Claim,AX-00444
Phone,Power fault,2025-01-18,2026-09-23,2026-09-20,2024-12-23,36,None,1,SNU2J3Z8HQ,SNU2J3Z8HQ,INV558942057,,,1,1.0,0,repair_before_purchase,2028-01-18,613,482,3,-26.0,1,0,1,Manual Review,AX-00445
Laptop,Display fault,2026-03-19,2026-09-23,2026-09-20,2026-06-22,12,None,1,SNDHY2WEVP,SNDHY2WEVP,INV948115320,,,1,1.0,0,authorized_repair,2027-03-19,188,177,3,95.0,1,0,0,Valid Claim,AX-00446
Phone,Display fault,2024-07-23,2026-09-23,2026-09-20,,36,None,1,SNAGNVFU9B,SNAGNVFU9X,INV923359411,,,0,,0,serial_mismatch,2027-07-23,792,303,3,,0,0,0,Manual Review,AX-00447
Phone,Power fault,2025-07-17,2026-09-23,2026-09-21,2026-02-24,24,None,1,SNTTXHVT35,SNTTXHVT35,INV919879628,,,1,0.0,0,unauthorized_repair,2027-07-17,433,297,2,222.0,1,0,0,Invalid Claim,AX-00448
Appliance,Power fault,2025-07-14,2026-09-23,2026-09-13,,24,None,1,SN9P2E4AJ8,SN9P2E4AJ8,INV189873534,INV189873534,PRIOR-INV189873534,0,,0,duplicate,2027-07-14,436,294,10,,1,1,0,Manual Review,AX-00449
Phone,Power fault,2026-04-17,2026-09-23,2026-09-10,,12,None,1,SNDSZ3VNA4,SNDSZ3VNA4,INV760201609,,,0,,0,covered_fault,2027-04-17,159,206,13,,1,0,0,Valid Claim,AX-00450
Phone,Power fault,2026-04-19,2026-09-23,2026-09-09,2026-07-19,24,None,1,SNUTHYMRZA,SNUTHYMRZA,INV777368576,,,1,0.0,0,unauthorized_repair,2028-04-19,157,574,14,91.0,1,0,0,Invalid Claim,AX-00451
Appliance,Power fault,2026-01-19,2026-09-23,2026-09-24,,24,None,1,SN84FH5NJA,SN84FH5NJA,INV246138886,,,0,,0,fault_after_claim,2028-01-19,247,483,-1,,1,0,1,Manual Review,AX-00452
Laptop,Power fault,2026-03-12,2026-09-23,2026-09-21,2026-09-20,12,None,1,SNRUTT257N,SNRUTT257N,INV716043240,,,1,0.0,0,unauthorized_repair,2027-03-12,195,170,2,192.0,1,0,0,Invalid Claim,AX-00453
Appliance,Power fault,2025-06-22,2026-09-23,2026-09-12,,24,None,1,SNENLT35KE,SNENLT35KX,INV172525372,,,0,,0,serial_mismatch,2027-06-22,458,272,11,,0,0,0,Manual Review,AX-00454
Phone,Battery fault,2025-07-18,2026-09-23,2026-09-22,2025-11-24,12,None,1,SNU42DHWUC,SNU42DHWUC,INV699626476,,,1,1.0,0,expired,2026-07-18,432,-67,1,129.0,1,0,0,Invalid Claim,AX-00455
Laptop,Power fault,2024-04-22,2026-09-23,2026-09-21,,24,None,1,SNFF6KXJ3F,SNFF6KXJ3F,INV814375094,,,0,,0,expired,2026-04-22,884,-154,2,,1,0,0,Invalid Claim,AX-00456
Appliance,Motor fault,2026-06-16,2026-09-23,2026-09-08,2026-09-07,12,None,1,SNLBQFMTHW,SNLBQFMTHW,INV928853642,,,1,1.0,0,covered_fault,2027-06-16,99,266,15,83.0,1,0,0,Valid Claim,AX-00457
Phone,Battery fault,2025-03-22,2026-09-23,2026-10-02,,36,None,1,SNV8XELLTF,SNV8XELLTF,INV589951698,,,0,,0,fault_after_claim,2028-03-22,550,546,-9,,1,0,1,Manual Review,AX-00458
Laptop,Display fault,2025-04-17,2026-09-23,2026-09-13,2025-03-18,24,None,1,SN255P2KST,SN255P2KST,INV174632162,,,1,1.0,0,repair_before_purchase,2027-04-17,524,206,10,-30.0,1,0,1,Manual Review,AX-00459
Phone,Display fault,2024-02-15,2026-09-23,2026-09-18,,36,None,0,SNJ4FQKSD7,SNJ4FQKSD7,,,,0,,1,missing_proof,2027-02-15,951,145,5,,1,0,0,Manual Review,AX-00460
Laptop,Power fault,2026-02-12,2026-09-23,2026-10-09,,12,None,1,SN2MNXQJ4H,SN2MNXQJ4H,INV705725910,,,0,,0,fault_after_claim,2027-02-12,223,142,-16,,1,0,1,Manual Review,AX-00461
Laptop,Battery fault,2025-12-16,2026-09-23,2026-09-13,2026-02-25,24,None,1,SN23HH836G,SN23HH836G,INV654775411,,,1,1.0,0,authorized_repair,2027-12-16,281,449,10,71.0,1,0,0,Valid Claim,AX-00462
Laptop,Display fault,2025-07-22,2026-09-23,2026-09-12,2025-12-06,36,Liquid,1,SN3U7YV4HU,SN3U7YV4HU,INV838313549,,,1,1.0,0,excluded_damage,2028-07-22,428,668,11,137.0,1,0,0,Invalid Claim,AX-00463
Laptop,Power fault,2023-10-21,2026-09-23,2026-09-12,,24,None,1,SNBH348F4V,SNBH348F4V,INV231777711,,,0,,0,expired,2025-10-21,1068,-337,11,,1,0,0,Invalid Claim,AX-00464
Laptop,Display fault,2026-04-19,2026-09-23,2026-09-17,,24,None,1,SNZWYALKXG,SNZWYALKXG,INV664434094,,,0,,0,covered_fault,2028-04-19,157,574,6,,1,0,0,Valid Claim,AX-00465
Appliance,Mechanical fault,2025-01-21,2026-09-23,2026-09-07,2025-04-04,36,None,1,SNEJ32FXLC,SNEJ32FXLC,INV373732284,,,1,1.0,0,covered_fault,2028-01-21,610,485,16,73.0,1,0,0,Valid Claim,AX-00466
Phone,Display fault,2023-12-21,2026-09-23,2026-09-21,2024-01-07,36,None,1,SNS4C4BAEW,SNS4C4BAEW,INV012406996,,,1,1.0,0,authorized_repair,2026-12-21,1007,89,2,17.0,1,0,0,Valid Claim,AX-00467
Phone,Display fault,2024-08-18,2026-09-23,2026-09-09,2026-05-10,36,None,1,SN9HBVGT3L,SN9HBVGT3L,INV078898204,,,1,1.0,0,covered_fault,2027-08-18,766,329,14,630.0,1,0,0,Valid Claim,AX-00468
Appliance,Power fault,2024-12-15,2026-09-23,2026-09-07,,24,Liquid,1,SNWWGUX4NT,SNWWGUX4NT,INV243022042,,,0,,0,excluded_damage,2026-12-15,647,83,16,,1,0,0,Invalid Claim,AX-00469
Laptop,Power fault,2023-10-17,2026-09-23,2026-09-20,,24,None,1,SNVS6AXLLC,SNVS6AXLLC,INV861394466,,,0,,0,expired,2025-10-17,1072,-341,3,,1,0,0,Invalid Claim,AX-00470
Appliance,Power fault,2025-08-21,2026-09-23,2026-09-15,,24,None,1,SNDV6LQVKU,SNDV6LQVKU,INV533402274,,,0,,0,covered_fault,2027-08-21,398,332,8,,1,0,0,Valid Claim,AX-00471
Laptop,Power fault,2025-05-12,2026-09-23,2026-09-16,2026-09-11,24,None,1,SNXSVWJRPB,SNXSVWJRPB,INV865492976,INV865492976,PRIOR-INV865492976,1,1.0,0,duplicate,2027-05-12,499,231,7,487.0,1,1,0,Manual Review,AX-00472
Appliance,Power fault,2024-03-15,2026-09-23,2026-09-19,,24,None,1,SNK5X6F3KR,SNK5X6F3KR,INV589670997,,,0,,0,expired,2026-03-15,922,-192,4,,1,0,0,Invalid Claim,AX-00473
Laptop,Display fault,2024-11-20,2026-09-23,2026-09-19,,12,None,1,SNRHKNLFRQ,SNRHKNLFRQ,INV936849786,,,0,,0,expired,2025-11-20,672,-307,4,,1,0,0,Invalid Claim,AX-00474
Laptop,Battery fault,2024-06-18,2026-09-23,2026-09-11,,12,None,1,SN6ZXPJR78,SN6ZXPJR78,INV373409240,,,0,,0,expired,2025-06-18,827,-462,12,,1,0,0,Invalid Claim,AX-00475
Phone,Battery fault,2026-03-23,2026-09-23,2026-09-10,2026-04-27,24,None,1,SNSX5XPUPK,SNSX5XPUPK,INV641656216,,,1,1.0,0,covered_fault,2028-03-23,184,547,13,35.0,1,0,0,Valid Claim,AX-00476
Phone,Power fault,2025-02-16,2026-09-23,2026-09-17,,24,Impact,1,SNW8A3CQBX,SNW8A3CQBX,INV633340660,,,0,,0,excluded_damage,2027-02-16,584,146,6,,1,0,0,Invalid Claim,AX-00477
Phone,Display fault,2025-02-20,2026-09-23,2026-09-13,2025-10-29,24,None,1,SNUUHV6TXP,SNUUHV6TXP,INV329037660,,,1,0.0,0,unauthorized_repair,2027-02-20,580,150,10,251.0,1,0,0,Invalid Claim,AX-00478
Laptop,Power fault,2025-01-12,2026-09-23,2026-09-18,2025-11-07,24,None,0,SNJQXCRGN7,SNJQXCRGN7,,,,1,1.0,1,missing_proof,2027-01-12,619,111,5,299.0,1,0,0,Manual Review,AX-00479
Laptop,Power fault,2025-06-21,2026-09-23,2026-09-09,2025-11-16,36,None,1,SN2PGEHU6D,SN2PGEHU6D,INV175956693,,,1,0.0,0,unauthorized_repair,2028-06-21,459,637,14,148.0,1,0,0,Invalid Claim,AX-00480
Phone,Display fault,2025-03-22,2026-09-23,2026-09-13,2025-04-19,24,None,1,SN2644UPT4,SN2644UPT4,INV992416169,,,1,0.0,0,unauthorized_repair,2027-03-22,550,180,10,28.0,1,0,0,Invalid Claim,AX-00481
Appliance,Mechanical fault,2026-02-19,2026-09-23,2026-09-08,,24,None,0,SNAM26UCJW,SNAM26UCJW,,,,0,,1,missing_proof,2028-02-19,216,514,15,,1,0,0,Manual Review,AX-00482
Laptop,Power fault,2025-01-18,2026-09-23,2026-09-15,,36,Impact,1,SNV6YJVADU,SNV6YJVADU,INV765859272,,,0,,0,excluded_damage,2028-01-18,613,482,8,,1,0,0,Invalid Claim,AX-00483
Laptop,Display fault,2025-04-12,2026-09-23,2026-09-25,,24,None,1,SNFVLJ7HW6,SNFVLJ7HW6,INV177524718,,,0,,0,fault_after_claim,2027-04-12,529,201,-2,,1,0,1,Manual Review,AX-00484
Appliance,Motor fault,2023-11-17,2026-09-23,2026-09-07,,24,None,1,SNCRZ7UN79,SNCRZ7UN79,INV281623729,,,0,,0,expired,2025-11-17,1041,-310,16,,1,0,0,Invalid Claim,AX-00485
Laptop,Display fault,2022-11-15,2026-09-23,2026-09-09,,36,None,1,SNBPGT9967,SNBPGT9967,INV559329768,,,0,,0,expired,2025-11-15,1408,-312,14,,1,0,0,Invalid Claim,AX-00486
Phone,Power fault,2024-03-15,2026-09-23,2026-09-12,2026-03-10,24,None,1,SN87TNQDTL,SN87TNQDTL,INV328143998,,,1,1.0,0,expired,2026-03-15,922,-192,11,725.0,1,0,0,Invalid Claim,AX-00487
Appliance,Motor fault,2025-08-17,2026-09-23,2026-09-17,,36,None,1,SN7B43FZ5K,SN7B43FZ5K,INV026934658,,,0,,0,covered_fault,2028-08-17,402,694,6,,1,0,0,Valid Claim,AX-00488
Phone,Display fault,2025-12-20,2026-09-23,2026-09-16,2026-08-13,12,None,1,SN6VFK5Y43,SN6VFK5Y43,INV231403039,,,1,0.0,0,unauthorized_repair,2026-12-20,277,88,7,236.0,1,0,0,Invalid Claim,AX-00489
Phone,Display fault,2026-03-19,2026-09-23,2026-09-10,2026-08-09,12,None,1,SNBJJJW2AK,SNBJJJW2AK,INV688400036,,,1,1.0,0,authorized_repair,2027-03-19,188,177,13,143.0,1,0,0,Valid Claim,AX-00490
Phone,Display fault,2025-11-13,2026-09-23,2026-09-20,,12,Impact,1,SNEES5CS9U,SNEES5CS9U,INV278322048,,,0,,0,excluded_damage,2026-11-13,314,51,3,,1,0,0,Invalid Claim,AX-00491
Laptop,Display fault,2023-11-11,2026-09-23,2026-09-09,2025-03-14,36,None,1,SNPNWTECC7,SNPNWTECC7,INV913576634,,,1,1.0,0,authorized_repair,2026-11-11,1047,49,14,489.0,1,0,0,Valid Claim,AX-00492
Laptop,Display fault,2026-02-14,2026-09-23,2026-09-19,,24,None,0,SNKL6EQJXX,SNKL6EQJXX,,,,0,,2,missing_proof,2028-02-14,221,509,4,,1,0,0,Manual Review,AX-00493
Laptop,Power fault,2024-12-12,2026-09-23,2026-09-07,2025-02-22,24,None,1,SNE8Y7P63Z,SNE8Y7P63Z,INV247189792,,,1,0.0,0,unauthorized_repair,2026-12-12,650,80,16,72.0,1,0,0,Invalid Claim,AX-00494
Appliance,Power fault,2026-01-22,2026-09-23,2026-09-16,2026-05-07,12,None,1,SNNVM6CV35,SNNVM6CV35,INV651225301,,,1,0.0,0,unauthorized_repair,2027-01-22,244,121,7,105.0,1,0,0,Invalid Claim,AX-00495
Laptop,Display fault,2025-01-19,2026-09-23,2026-10-09,2026-04-29,24,None,1,SND6ZK72ET,SND6ZK72ET,INV153954593,,,1,1.0,0,fault_after_claim,2027-01-19,612,118,-16,465.0,1,0,1,Manual Review,AX-00496
Laptop,Battery fault,2026-02-12,2026-09-23,2026-09-26,2026-06-20,36,None,1,SNH7QFCMRR,SNH7QFCMRR,INV303984117,,,1,1.0,0,fault_after_claim,2029-02-12,223,873,-3,128.0,1,0,1,Manual Review,AX-00497
Appliance,Motor fault,2026-06-12,2026-09-23,2026-09-20,,12,None,1,SNLKS2DVGN,SNLKS2DVGN,INV329223733,INV329223733,PRIOR-INV329223733,0,,0,duplicate,2027-06-12,103,262,3,,1,1,0,Manual Review,AX-00498
Laptop,Power fault,2026-07-22,2026-09-23,2026-09-12,2026-08-10,24,None,0,SN3R3A96C5,SN3R3A96C5,,,,1,1.0,1,missing_proof,2028-07-22,63,668,11,19.0,1,0,0,Manual Review,AX-00499
Laptop,Display fault,2026-07-15,2026-09-23,2026-09-21,2026-07-19,12,None,1,SN9Q2J2ZHC,SN9Q2J2ZHX,INV511473172,,,1,1.0,0,serial_mismatch,2027-07-15,70,295,2,4.0,0,0,0,Manual Review,AX-00500
Phone,Power fault,2025-01-17,2026-09-23,2026-10-11,,24,None,1,SN4ZPXM2QH,SN4ZPXM2QH,INV828739101,,,0,,0,fault_after_claim,2027-01-17,614,116,-18,,1,0,1,Manual Review,AX-00501
Laptop,Display fault,2026-03-15,2026-09-23,2026-09-18,,12,None,1,SNJ86VW3PW,SNJ86VW3PX,INV131446003,,,0,,0,serial_mismatch,2027-03-15,192,173,5,,0,0,0,Manual Review,AX-00502
Phone,Power fault,2026-03-16,2026-09-23,2026-09-21,2026-09-09,12,None,1,SNF5AGE447,SNF5AGE447,INV255865377,,,1,1.0,0,authorized_repair,2027-03-16,191,174,2,177.0,1,0,0,Valid Claim,AX-00503
Laptop,Battery fault,2025-12-12,2026-09-23,2026-09-18,,24,Impact,1,SN2RV2SWBD,SN2RV2SWBD,INV009830937,,,0,,0,excluded_damage,2027-12-12,285,445,5,,1,0,0,Invalid Claim,AX-00504
Appliance,Mechanical fault,2023-07-22,2026-09-23,2026-09-07,,36,None,1,SN5FEKLX8D,SN5FEKLX8D,INV039619756,,,0,,0,expired,2026-07-22,1159,-63,16,,1,0,0,Invalid Claim,AX-00505
Laptop,Power fault,2025-03-24,2026-09-23,2026-09-09,,36,None,1,SNA7TZZXMC,SNA7TZZXMC,INV633873344,,,0,,0,covered_fault,2028-03-24,548,548,14,,1,0,0,Valid Claim,AX-00506
Phone,Power fault,2025-03-13,2026-09-23,2026-09-08,2025-03-23,36,None,1,SN8U228QQU,SN8U228QQU,INV010696239,,,1,1.0,0,covered_fault,2028-03-13,559,537,15,10.0,1,0,0,Valid Claim,AX-00507
Laptop,Power fault,2025-11-23,2026-09-23,2026-09-27,2026-05-06,12,None,1,SNPXCZ7JGX,SNPXCZ7JGX,INV438139809,,,1,1.0,0,fault_after_claim,2026-11-23,304,61,-4,164.0,1,0,1,Manual Review,AX-00508
Laptop,Display fault,2025-05-17,2026-09-23,2026-09-10,2025-12-05,24,None,1,SNQLXESHYU,SNQLXESHYU,INV977348733,,,1,0.0,0,unauthorized_repair,2027-05-17,494,236,13,202.0,1,0,0,Invalid Claim,AX-00509
Laptop,Display fault,2026-02-15,2026-09-23,2026-10-02,2026-07-20,12,None,1,SNU8E855MC,SNU8E855MC,INV501950830,,,1,1.0,0,fault_after_claim,2027-02-15,220,145,-9,155.0,1,0,1,Manual Review,AX-00510
Phone,Power fault,2025-11-13,2026-09-23,2026-09-17,,12,Liquid,1,SNFJQC9C8T,SNFJQC9C8T,INV970079670,,,0,,0,excluded_damage,2026-11-13,314,51,6,,1,0,0,Invalid Claim,AX-00511
Laptop,Power fault,2025-05-21,2026-09-23,2026-09-16,,24,None,1,SNT4JZSFQ5,SNT4JZSFQ5,INV803219769,INV803219769,PRIOR-INV803219769,0,,0,duplicate,2027-05-21,490,240,7,,1,1,0,Manual Review,AX-00512
Laptop,Display fault,2024-05-18,2026-09-23,2026-09-11,,36,None,1,SNMTS2DFPF,SNMTS2DFPF,INV553864269,,,0,,0,covered_fault,2027-05-18,858,237,12,,1,0,0,Valid Claim,AX-00513
Appliance,Motor fault,2025-01-18,2026-09-23,2026-09-20,,24,None,1,SN4LQV4BX2,SN4LQV4BXX,INV157693493,,,0,,0,serial_mismatch,2027-01-18,613,117,3,,0,0,0,Manual Review,AX-00514
Phone,Display fault,2026-01-10,2026-09-23,2026-09-18,2026-05-28,36,None,1,SN7935GTQL,SN7935GTQL,INV787675486,,,1,0.0,0,unauthorized_repair,2029-01-10,256,840,5,138.0,1,0,0,Invalid Claim,AX-00515
Appliance,Motor fault,2025-05-15,2026-09-23,2026-09-15,,36,None,1,SNHAC2E5RW,SNHAC2E5RW,INV134124999,,,0,,0,covered_fault,2028-05-15,496,600,8,,1,0,0,Valid Claim,AX-00516
Phone,Battery fault,2025-01-17,2026-09-23,2026-09-22,,24,None,1,SNFBZSZR2S,SNFBZSZR2S,INV159078549,,,0,,0,covered_fault,2027-01-17,614,116,1,,1,0,0,Valid Claim,AX-00517
Phone,Display fault,2024-11-14,2026-09-23,2026-09-16,2025-01-31,24,Impact,1,SNRG9VFKX5,SNRG9VFKX5,INV010111596,,,1,1.0,0,excluded_damage,2026-11-14,678,52,7,78.0,1,0,0,Invalid Claim,AX-00518
Laptop,Power fault,2026-06-17,2026-09-23,2026-09-10,,12,None,1,SNY7X4Y2DE,SNY7X4Y2DE,INV717887430,,,0,,0,covered_fault,2027-06-17,98,267,13,,1,0,0,Valid Claim,AX-00519
Laptop,Power fault,2025-01-19,2026-09-23,2026-09-20,2024-12-27,24,None,1,SN6N4KQN74,SN6N4KQN74,INV973344429,,,1,1.0,0,repair_before_purchase,2027-01-19,612,118,3,-23.0,1,0,1,Manual Review,AX-00520
Appliance,Motor fault,2026-06-13,2026-09-23,2026-09-20,,24,None,1,SNTVCJH2NA,SNTVCJH2NA,INV234691287,,,0,,0,covered_fault,2028-06-13,102,629,3,,1,0,0,Valid Claim,AX-00521
Laptop,Display fault,2026-06-16,2026-09-23,2026-09-17,2026-09-02,12,None,1,SNBY9SVM7N,SNBY9SVM7N,INV760633532,,,1,1.0,0,covered_fault,2027-06-16,99,266,6,78.0,1,0,0,Valid Claim,AX-00522
Appliance,Mechanical fault,2025-04-21,2026-09-23,2026-09-08,2026-02-13,24,None,0,SNG86CA6G3,SNG86CA6G3,,,,1,1.0,1,missing_proof,2027-04-21,520,210,15,298.0,1,0,0,Manual Review,AX-00523
Appliance,Power fault,2024-04-11,2026-09-23,2026-09-18,2025-08-05,36,None,1,SN43AN527V,SN43AN527V,INV172443601,,,1,1.0,0,authorized_repair,2027-04-11,895,200,5,481.0,1,0,0,Valid Claim,AX-00524
Phone,Battery fault,2026-02-13,2026-09-23,2026-09-08,2026-01-31,12,None,1,SNZH2BU7FS,SNZH2BU7FS,INV192924108,,,1,1.0,0,repair_before_purchase,2027-02-13,222,143,15,-13.0,1,0,1,Manual Review,AX-00525
Phone,Display fault,2025-12-17,2026-09-23,2026-09-22,,24,Impact,1,SNMESWWP4V,SNMESWWP4V,INV502011820,,,0,,0,excluded_damage,2027-12-17,280,450,1,,1,0,0,Invalid Claim,AX-00526
Appliance,Power fault,2024-11-11,2026-09-23,2026-09-11,2026-01-02,24,None,1,SN6XTHQA87,SN6XTHQA87,INV939728143,,,1,1.0,0,covered_fault,2026-11-11,681,49,12,417.0,1,0,0,Valid Claim,AX-00527
Phone,Battery fault,2025-09-21,2026-09-23,2026-09-09,,36,None,0,SN2FKZHLBG,SN2FKZHLBG,,,,0,,1,missing_proof,2028-09-21,367,729,14,,1,0,0,Manual Review,AX-00528
Appliance,Mechanical fault,2025-11-22,2026-09-23,2026-09-16,,24,None,1,SNZTLDN2VA,SNZTLDN2VA,INV743639056,INV743639056,PRIOR-INV743639056,0,,0,duplicate,2027-11-22,305,425,7,,1,1,0,Manual Review,AX-00529
Laptop,Battery fault,2024-04-13,2026-09-23,2026-09-22,2026-01-24,36,None,1,SNGFWLKPAQ,SNGFWLKPAQ,INV836392736,,,1,0.0,0,unauthorized_repair,2027-04-13,893,202,1,651.0,1,0,0,Invalid Claim,AX-00530
Phone,Power fault,2023-11-18,2026-09-23,2026-09-07,,36,None,1,SNSFYSR8RU,SNSFYSR8RU,INV676284224,,,0,,0,covered_fault,2026-11-18,1040,56,16,,1,0,0,Valid Claim,AX-00531
Phone,Battery fault,2026-02-22,2026-09-23,2026-09-09,2026-03-20,12,None,1,SNRQV5359G,SNRQV5359G,INV348477868,,,1,0.0,0,unauthorized_repair,2027-02-22,213,152,14,26.0,1,0,0,Invalid Claim,AX-00532
Phone,Display fault,2024-06-21,2026-09-23,2026-09-18,,36,Liquid,1,SNU3GDRSMT,SNU3GDRSMT,INV388947837,,,0,,0,excluded_damage,2027-06-21,824,271,5,,1,0,0,Invalid Claim,AX-00533
Appliance,Motor fault,2023-11-12,2026-09-23,2026-09-11,2026-02-18,24,None,1,SNGXL87ULQ,SNGXL87ULQ,INV577965473,,,1,1.0,0,expired,2025-11-12,1046,-315,12,829.0,1,0,0,Invalid Claim,AX-00534
Laptop,Battery fault,2026-04-12,2026-09-23,2026-09-13,2026-04-26,24,None,0,SNEEZW7G2B,SNEEZW7G2B,,,,1,1.0,2,missing_proof,2028-04-12,164,567,10,14.0,1,0,0,Manual Review,AX-00535
Phone,Power fault,2026-01-16,2026-09-23,2026-09-25,,12,None,1,SNLXU3U5VF,SNLXU3U5VF,INV789390882,,,0,,0,fault_after_claim,2027-01-16,250,115,-2,,1,0,1,Manual Review,AX-00536
Phone,Power fault,2024-04-18,2026-09-23,2026-09-22,2026-03-08,36,None,1,SNT5EUMXPJ,SNT5EUMXPJ,INV733408044,,,1,0.0,0,unauthorized_repair,2027-04-18,888,207,1,689.0,1,0,0,Invalid Claim,AX-00537
Phone,Power fault,2023-12-16,2026-09-23,2026-10-10,,36,None,1,SNLNQVCJVU,SNLNQVCJVU,INV739864970,,,0,,0,fault_after_claim,2026-12-16,1012,84,-17,,1,0,1,Manual Review,AX-00538
Appliance,Mechanical fault,2025-11-12,2026-09-23,2026-09-14,,36,None,1,SNRAU44W68,SNRAU44W68,INV462833256,INV462833256,PRIOR-INV462833256,0,,0,duplicate,2028-11-12,315,781,9,,1,1,0,Manual Review,AX-00539
Laptop,Battery fault,2023-12-21,2026-09-23,2026-09-08,2024-05-25,36,None,1,SNTMTTQLGY,SNTMTTQLGY,INV527077836,,,1,1.0,0,covered_fault,2026-12-21,1007,89,15,156.0,1,0,0,Valid Claim,AX-00540
Appliance,Power fault,2025-06-23,2026-09-23,2026-09-14,,12,None,1,SN7KNUFBGG,SN7KNUFBGG,INV480407832,,,0,,0,expired,2026-06-23,457,-92,9,,1,0,0,Invalid Claim,AX-00541
Phone,Power fault,2026-06-14,2026-09-23,2026-09-15,2026-08-05,12,None,1,SNPLDXRUWP,SNPLDXRUWP,INV215158119,,,1,1.0,0,covered_fault,2027-06-14,101,264,8,52.0,1,0,0,Valid Claim,AX-00542
Phone,Battery fault,2026-07-23,2026-09-23,2026-09-08,2026-08-10,24,None,1,SNQ6AG9NG6,SNQ6AG9NG6,INV030052442,,,1,0.0,0,unauthorized_repair,2028-07-23,62,669,15,18.0,1,0,0,Invalid Claim,AX-00543
Laptop,Display fault,2026-01-13,2026-09-23,2026-09-22,2026-05-15,24,None,0,SNVJXSMP4N,SNVJXSMP4N,,,,1,1.0,2,missing_proof,2028-01-13,253,477,1,122.0,1,0,0,Manual Review,AX-00544
Appliance,Power fault,2025-12-23,2026-09-23,2026-09-18,2025-11-28,12,None,1,SNRTFBJBH9,SNRTFBJBH9,INV708926518,,,1,1.0,0,repair_before_purchase,2026-12-23,274,91,5,-25.0,1,0,1,Manual Review,AX-00545
Laptop,Power fault,2025-11-16,2026-09-23,2026-09-11,,12,None,1,SNJ7CPESSB,SNJ7CPESSB,INV206742455,,,0,,0,covered_fault,2026-11-16,311,54,12,,1,0,0,Valid Claim,AX-00546
Phone,Power fault,2024-08-16,2026-09-23,2026-09-21,2024-11-22,36,None,1,SNVQHET5AK,SNVQHET5AK,INV697336817,,,1,0.0,0,unauthorized_repair,2027-08-16,768,327,2,98.0,1,0,0,Invalid Claim,AX-00547
Laptop,Power fault,2026-05-19,2026-09-23,2026-09-11,,12,Impact,1,SNUN5F5HQ9,SNUN5F5HQ9,INV137923929,,,0,,0,excluded_damage,2027-05-19,127,238,12,,1,0,0,Invalid Claim,AX-00548
Laptop,Battery fault,2024-09-17,2026-09-23,2026-09-08,,36,Impact,1,SN628LDU7Y,SN628LDU7Y,INV575361058,,,0,,0,excluded_damage,2027-09-17,736,359,15,,1,0,0,Invalid Claim,AX-00549
Phone,Battery fault,2025-12-21,2026-09-23,2026-09-25,,24,None,1,SN9PA3DP5C,SN9PA3DP5C,INV653943074,,,0,,0,fault_after_claim,2027-12-21,276,454,-2,,1,0,1,Manual Review,AX-00550
Laptop,Power fault,2026-02-16,2026-09-23,2026-09-21,,24,None,1,SNNB7EU993,SNNB7EU993,INV894878733,,,0,,0,covered_fault,2028-02-16,219,511,2,,1,0,0,Valid Claim,AX-00551
Appliance,Power fault,2025-04-23,2026-09-23,2026-09-13,2025-12-02,36,None,1,SN5VD93MPM,SN5VD93MPM,INV538819687,,,1,1.0,0,authorized_repair,2028-04-23,518,578,10,223.0,1,0,0,Valid Claim,AX-00552
Phone,Power fault,2025-03-22,2026-09-23,2026-09-19,2026-04-12,24,None,1,SNZ6WG34FW,SNZ6WG34FW,INV424255162,,,1,0.0,0,unauthorized_repair,2027-03-22,550,180,4,386.0,1,0,0,Invalid Claim,AX-00553
Appliance,Power fault,2026-02-14,2026-09-23,2026-09-12,2026-04-30,12,None,1,SN994PM8QH,SN994PM8QH,INV688241381,,,1,0.0,0,unauthorized_repair,2027-02-14,221,144,11,75.0,1,0,0,Invalid Claim,AX-00554
Phone,Power fault,2024-06-13,2026-09-23,2026-09-17,,36,None,1,SNQDSLAXND,SNQDSLAXND,INV381229314,,,0,,0,covered_fault,2027-06-13,832,263,6,,1,0,0,Valid Claim,AX-00555
Phone,Battery fault,2026-03-12,2026-09-23,2026-09-11,2026-07-25,12,None,0,SN2NLE2QXR,SN2NLE2QXR,,,,1,1.0,1,missing_proof,2027-03-12,195,170,12,135.0,1,0,0,Manual Review,AX-00556
Appliance,Power fault,2026-01-20,2026-09-23,2026-09-16,2026-07-09,12,None,1,SNJDAGDYPL,SNJDAGDYPL,INV416139352,,,1,0.0,0,unauthorized_repair,2027-01-20,246,119,7,170.0,1,0,0,Invalid Claim,AX-00557
Laptop,Power fault,2026-01-16,2026-09-23,2026-09-21,,24,None,1,SNFAN73KYZ,SNFAN73KYZ,INV764120703,,,0,,0,covered_fault,2028-01-16,250,480,2,,1,0,0,Valid Claim,AX-00558
Phone,Power fault,2024-11-10,2026-09-23,2026-09-10,,24,None,0,SNJQAGRW8B,SNJQAGRW8B,,,,0,,2,missing_proof,2026-11-10,682,48,13,,1,0,0,Manual Review,AX-00559
Laptop,Battery fault,2025-02-17,2026-09-23,2026-09-22,2026-06-06,24,None,1,SNDLNU84G4,SNDLNU84G4,INV944011488,,,1,1.0,0,authorized_repair,2027-02-17,583,147,1,474.0,1,0,0,Valid Claim,AX-00560
Appliance,Mechanical fault,2026-01-14,2026-09-23,2026-09-16,2026-02-02,12,Impact,1,SNKETUVFV3,SNKETUVFV3,INV555561566,,,1,1.0,0,excluded_damage,2027-01-14,252,113,7,19.0,1,0,0,Invalid Claim,AX-00561
Laptop,Battery fault,2026-02-13,2026-09-23,2026-09-19,2026-07-15,12,None,1,SN9BZMQPQ4,SN9BZMQPQ4,INV241179908,,,1,1.0,0,covered_fault,2027-02-13,222,143,4,152.0,1,0,0,Valid Claim,AX-00562
Phone,Display fault,2024-12-22,2026-09-23,2026-09-07,2024-11-16,36,None,1,SNX7LWA8A3,SNX7LWA8A3,INV057034702,,,1,1.0,0,repair_before_purchase,2027-12-22,640,455,16,-36.0,1,0,1,Manual Review,AX-00563
Laptop,Display fault,2026-06-23,2026-09-23,2026-09-16,2026-08-16,12,None,1,SN8LLFDRFS,SN8LLFDRFS,INV847475021,,,1,0.0,0,unauthorized_repair,2027-06-23,92,273,7,54.0,1,0,0,Invalid Claim,AX-00564
Phone,Battery fault,2024-08-15,2026-09-23,2026-09-16,,36,None,1,SN94NYKFMP,SN94NYKFMP,INV520875570,,,0,,0,covered_fault,2027-08-15,769,326,7,,1,0,0,Valid Claim,AX-00565
Laptop,Power fault,2024-07-20,2026-09-23,2026-09-11,2025-10-02,36,None,0,SN5MK4EMXT,SN5MK4EMXT,,,,1,1.0,2,missing_proof,2027-07-20,795,300,12,439.0,1,0,0,Manual Review,AX-00566
Appliance,Power fault,2026-06-19,2026-09-23,2026-09-14,,24,None,1,SN4V2UQXLA,SN4V2UQXLX,INV458809790,,,0,,0,serial_mismatch,2028-06-19,96,635,9,,0,0,0,Manual Review,AX-00567
Phone,Power fault,2025-07-22,2026-09-23,2026-09-08,2025-11-23,36,None,1,SNADJT7ZEB,SNADJT7ZEB,INV469189934,,,1,1.0,0,covered_fault,2028-07-22,428,668,15,124.0,1,0,0,Valid Claim,AX-00568
Appliance,Motor fault,2026-03-21,2026-09-23,2026-09-15,,12,None,1,SNEDZTUBCH,SNEDZTUBCH,INV657744287,,,0,,0,covered_fault,2027-03-21,186,179,8,,1,0,0,Valid Claim,AX-00569
Appliance,Mechanical fault,2026-01-10,2026-09-23,2026-09-10,2026-02-06,12,Impact,1,SN5X4W2ZX2,SN5X4W2ZX2,INV805175651,,,1,1.0,0,excluded_damage,2027-01-10,256,109,13,27.0,1,0,0,Invalid Claim,AX-00570
Appliance,Mechanical fault,2026-05-23,2026-09-23,2026-09-16,2026-08-31,36,None,1,SNZ9T6RVAR,SNZ9T6RVAR,INV401381262,,,1,0.0,0,unauthorized_repair,2029-05-23,123,973,7,100.0,1,0,0,Invalid Claim,AX-00571
Appliance,Mechanical fault,2026-03-16,2026-09-23,2026-09-19,,36,None,1,SN2GXD5YAQ,SN2GXD5YAQ,INV305602701,,,0,,0,covered_fault,2029-03-16,191,905,4,,1,0,0,Valid Claim,AX-00572
Phone,Battery fault,2025-05-20,2026-09-23,2026-10-01,2026-04-12,36,None,1,SNT6A8UNKX,SNT6A8UNKX,INV261885691,,,1,1.0,0,fault_after_claim,2028-05-20,491,605,-8,327.0,1,0,1,Manual Review,AX-00573
Laptop,Power fault,2023-05-22,2026-09-23,2026-09-12,,36,None,1,SNQ2Z86NKV,SNQ2Z86NKV,INV303185756,,,0,,0,expired,2026-05-22,1220,-124,11,,1,0,0,Invalid Claim,AX-00574
Phone,Display fault,2026-02-17,2026-09-23,2026-09-08,2026-04-25,36,Impact,1,SNPJAGWLQZ,SNPJAGWLQZ,INV584324070,,,1,1.0,0,excluded_damage,2029-02-17,218,878,15,67.0,1,0,0,Invalid Claim,AX-00575
Laptop,Display fault,2025-01-11,2026-09-23,2026-09-22,2025-03-31,36,None,1,SNDSYRK7HL,SNDSYRK7HL,INV018104312,,,1,1.0,0,authorized_repair,2028-01-11,620,475,1,79.0,1,0,0,Valid Claim,AX-00576
Appliance,Power fault,2025-06-18,2026-09-23,2026-09-13,,36,None,0,SNPKP6UBRJ,SNPKP6UBRJ,,,,0,,2,missing_proof,2028-06-18,462,634,10,,1,0,0,Manual Review,AX-00577
Appliance,Power fault,2025-05-18,2026-09-23,2026-09-18,,24,None,1,SNQJ2XCNT9,SNQJ2XCNT9,INV895907869,INV895907869,PRIOR-INV895907869,0,,0,duplicate,2027-05-18,493,237,5,,1,1,0,Manual Review,AX-00578
Laptop,Battery fault,2026-06-14,2026-09-23,2026-09-20,2026-07-09,24,None,1,SN9E4LYZWE,SN9E4LYZWE,INV716220014,,,1,0.0,0,unauthorized_repair,2028-06-14,101,630,3,25.0,1,0,0,Invalid Claim,AX-00579
Phone,Battery fault,2023-05-12,2026-09-23,2026-09-17,,36,None,1,SNDC9DQSHM,SNDC9DQSHM,INV649668840,,,0,,0,expired,2026-05-12,1230,-134,6,,1,0,0,Invalid Claim,AX-00580
Laptop,Battery fault,2026-02-15,2026-09-23,2026-09-10,,12,None,1,SNPDPXME7C,SNPDPXME7C,INV800785553,,,0,,0,covered_fault,2027-02-15,220,145,13,,1,0,0,Valid Claim,AX-00581
Appliance,Power fault,2025-07-19,2026-09-23,2026-09-12,2026-04-18,24,None,1,SN2QGNUP8Y,SN2QGNUP8X,INV073473792,,,1,1.0,0,serial_mismatch,2027-07-19,431,299,11,273.0,0,0,0,Manual Review,AX-00582
Laptop,Power fault,2023-05-20,2026-09-23,2026-09-20,,36,None,1,SNDAKWUX2B,SNDAKWUX2B,INV381915889,,,0,,0,expired,2026-05-20,1222,-126,3,,1,0,0,Invalid Claim,AX-00583
Appliance,Mechanical fault,2026-01-10,2026-09-23,2026-09-18,,12,None,0,SNH34LPXSV,SNH34LPXSV,,,,0,,1,missing_proof,2027-01-10,256,109,5,,1,0,0,Manual Review,AX-00584
Appliance,Power fault,2025-12-13,2026-09-23,2026-09-15,,24,None,1,SN8XL78NTK,SN8XL78NTK,INV983840815,,,0,,0,covered_fault,2027-12-13,284,446,8,,1,0,0,Valid Claim,AX-00585
Laptop,Power fault,2026-06-15,2026-09-23,2026-09-18,,36,None,1,SNMUB5EZMH,SNMUB5EZMX,INV794026143,,,0,,0,serial_mismatch,2029-06-15,100,996,5,,0,0,0,Manual Review,AX-00586
Phone,Battery fault,2024-11-15,2026-09-23,2026-09-09,,24,None,1,SNPHPF7A3C,SNPHPF7A3X,INV964088578,,,0,,0,serial_mismatch,2026-11-15,677,53,14,,0,0,0,Manual Review,AX-00587
Laptop,Power fault,2026-06-21,2026-09-23,2026-09-10,2026-08-29,24,Impact,1,SNU43K3V2H,SNU43K3V2H,INV822951805,,,1,1.0,0,excluded_damage,2028-06-21,94,637,13,69.0,1,0,0,Invalid Claim,AX-00588
Appliance,Mechanical fault,2026-04-22,2026-09-23,2026-09-14,2026-08-02,12,None,0,SNZEY8LQDW,SNZEY8LQDW,,,,1,1.0,1,missing_proof,2027-04-22,154,211,9,102.0,1,0,0,Manual Review,AX-00589
Phone,Battery fault,2026-04-24,2026-09-23,2026-09-16,2026-03-15,12,None,1,SNXX6WGQ3U,SNXX6WGQ3U,INV971906872,,,1,1.0,0,repair_before_purchase,2027-04-24,152,213,7,-40.0,1,0,1,Manual Review,AX-00590
Phone,Power fault,2025-09-18,2026-09-23,2026-09-08,,24,None,1,SNE5RTFNNX,SNE5RTFNNX,INV504907537,,,0,,0,covered_fault,2027-09-18,370,360,15,,1,0,0,Valid Claim,AX-00591
Appliance,Power fault,2026-02-18,2026-09-23,2026-09-18,,24,None,1,SN9NYGQGYE,SN9NYGQGYX,INV002974326,,,0,,0,serial_mismatch,2028-02-18,217,513,5,,0,0,0,Manual Review,AX-00592
Appliance,Motor fault,2024-04-12,2026-09-23,2026-09-17,2024-04-09,36,None,1,SN6PPFH4DD,SN6PPFH4DD,INV010620205,,,1,1.0,0,repair_before_purchase,2027-04-12,894,201,6,-3.0,1,0,1,Manual Review,AX-00593
Laptop,Display fault,2025-06-22,2026-09-23,2026-09-14,2026-01-05,36,None,1,SNY83XUWXP,SNY83XUWXP,INV810402146,,,1,1.0,0,covered_fault,2028-06-22,458,638,9,197.0,1,0,0,Valid Claim,AX-00594
Phone,Display fault,2026-02-19,2026-09-23,2026-09-20,2026-02-15,12,None,1,SNT7AKGXTY,SNT7AKGXTY,INV763580516,,,1,1.0,0,repair_before_purchase,2027-02-19,216,149,3,-4.0,1,0,1,Manual Review,AX-00595
Appliance,Power fault,2024-06-17,2026-09-23,2026-09-16,2025-01-14,36,None,1,SN8CNRL8WK,SN8CNRL8WK,INV161860193,,,1,1.0,0,authorized_repair,2027-06-17,828,267,7,211.0,1,0,0,Valid Claim,AX-00596
Appliance,Motor fault,2025-12-11,2026-09-23,2026-09-08,2026-06-26,12,None,1,SNKZE35TKW,SNKZE35TKW,INV229848390,,,1,0.0,0,unauthorized_repair,2026-12-11,286,79,15,197.0,1,0,0,Invalid Claim,AX-00597
Appliance,Mechanical fault,2025-11-16,2026-09-23,2026-10-10,2026-08-06,36,None,1,SNW7Y775HS,SNW7Y775HS,INV455385795,,,1,1.0,0,fault_after_claim,2028-11-16,311,785,-17,263.0,1,0,1,Manual Review,AX-00598
Laptop,Battery fault,2026-07-17,2026-09-23,2026-09-18,2026-08-12,12,None,1,SNSX88FWWC,SNSX88FWWC,INV409678317,,,1,0.0,0,unauthorized_repair,2027-07-17,68,297,5,26.0,1,0,0,Invalid Claim,AX-00599
Laptop,Display fault,2025-10-20,2026-09-23,2026-09-18,2026-04-20,36,None,1,SNGFAV52T8,SNGFAV52T8,INV332234292,,,1,0.0,0,unauthorized_repair,2028-10-20,338,758,5,182.0,1,0,0,Invalid Claim,AX-00600
Appliance,Mechanical fault,2026-06-14,2026-09-23,2026-09-08,2026-08-13,36,None,1,SNTANFYC6K,SNTANFYC6K,INV468734296,,,1,0.0,0,unauthorized_repair,2029-06-14,101,995,15,60.0,1,0,0,Invalid Claim,AX-00601
Appliance,Mechanical fault,2026-05-24,2026-09-23,2026-09-10,,12,None,0,SN6JYTEBQN,SN6JYTEBQN,,,,0,,2,missing_proof,2027-05-24,122,243,13,,1,0,0,Manual Review,AX-00602
Phone,Power fault,2026-05-20,2026-09-23,2026-09-19,2026-05-25,36,None,1,SN75F56ACN,SN75F56ACN,INV051154574,INV051154574,PRIOR-INV051154574,1,1.0,0,duplicate,2029-05-20,126,970,4,5.0,1,1,0,Manual Review,AX-00603
Appliance,Motor fault,2026-02-11,2026-09-23,2026-09-21,,12,None,1,SNNW2VVBD4,SNNW2VVBD4,INV014127260,,,0,,0,covered_fault,2027-02-11,224,141,2,,1,0,0,Valid Claim,AX-00604
Laptop,Power fault,2024-04-16,2026-09-23,2026-09-13,,36,None,1,SNT57FPBRK,SNT57FPBRX,INV883443605,,,0,,0,serial_mismatch,2027-04-16,890,205,10,,0,0,0,Manual Review,AX-00605
Phone,Battery fault,2024-08-22,2026-09-23,2026-09-10,,12,None,1,SNRM3TNKYH,SNRM3TNKYH,INV698250388,,,0,,0,expired,2025-08-22,762,-397,13,,1,0,0,Invalid Claim,AX-00606
Laptop,Power fault,2026-07-19,2026-09-23,2026-09-18,2026-08-10,24,None,1,SNUE8A34LP,SNUE8A34LP,INV647530791,,,1,1.0,0,authorized_repair,2028-07-19,66,665,5,22.0,1,0,0,Valid Claim,AX-00607
Phone,Battery fault,2025-12-22,2026-09-23,2026-09-19,2026-01-02,12,None,1,SN4RTWUYKA,SN4RTWUYKA,INV351653957,,,1,1.0,0,covered_fault,2026-12-22,275,90,4,11.0,1,0,0,Valid Claim,AX-00608
Appliance,Motor fault,2026-05-21,2026-09-23,2026-10-01,,24,None,1,SNJ59HW5TT,SNJ59HW5TT,INV151458672,,,0,,0,fault_after_claim,2028-05-21,125,606,-8,,1,0,1,Manual Review,AX-00609
Phone,Power fault,2025-08-16,2026-09-23,2026-09-10,,36,None,1,SNA8LKHJ23,SNA8LKHJ23,INV634998875,,,0,,0,covered_fault,2028-08-16,403,693,13,,1,0,0,Valid Claim,AX-00610
Laptop,Power fault,2024-09-10,2026-09-23,2026-09-11,,36,None,1,SNV37MLS5S,SNV37MLS5S,INV764737444,INV764737444,PRIOR-INV764737444,0,,0,duplicate,2027-09-10,743,352,12,,1,1,0,Manual Review,AX-00611
Appliance,Power fault,2023-12-18,2026-09-23,2026-09-07,2024-08-03,24,None,1,SN5ZQ8PBV3,SN5ZQ8PBV3,INV295417306,,,1,1.0,0,expired,2025-12-18,1010,-279,16,229.0,1,0,0,Invalid Claim,AX-00612
Laptop,Power fault,2025-12-18,2026-09-23,2026-09-08,2026-03-26,36,None,1,SNUYUQDCZF,SNUYUQDCZF,INV597723072,,,1,1.0,0,covered_fault,2028-12-18,279,817,15,98.0,1,0,0,Valid Claim,AX-00613
Phone,Battery fault,2025-10-16,2026-09-23,2026-09-19,,36,None,1,SNTGJ9ND8T,SNTGJ9ND8X,INV194535699,,,0,,0,serial_mismatch,2028-10-16,342,754,4,,0,0,0,Manual Review,AX-00614
Laptop,Battery fault,2025-01-20,2026-09-23,2026-09-21,2025-12-25,24,None,1,SNLZ8KKLSD,SNLZ8KKLSD,INV057533288,,,1,0.0,0,unauthorized_repair,2027-01-20,611,119,2,339.0,1,0,0,Invalid Claim,AX-00615
Laptop,Battery fault,2026-04-18,2026-09-23,2026-09-21,,36,None,0,SN3HU5CQ9M,SN3HU5CQ9M,,,,0,,2,missing_proof,2029-04-18,158,938,2,,1,0,0,Manual Review,AX-00616
Appliance,Power fault,2025-09-13,2026-09-23,2026-10-03,,36,None,1,SNTVSK8S2P,SNTVSK8S2P,INV447281025,,,0,,0,fault_after_claim,2028-09-13,375,721,-10,,1,0,1,Manual Review,AX-00617
Appliance,Power fault,2026-03-14,2026-09-23,2026-10-02,2026-05-24,12,None,1,SNQDH57JAG,SNQDH57JAG,INV936134920,,,1,1.0,0,fault_after_claim,2027-03-14,193,172,-9,71.0,1,0,1,Manual Review,AX-00618
Laptop,Power fault,2026-07-14,2026-09-23,2026-09-15,2026-08-06,12,None,1,SN8HBBJCDH,SN8HBBJCDH,INV673178227,,,1,1.0,0,authorized_repair,2027-07-14,71,294,8,23.0,1,0,0,Valid Claim,AX-00619
Appliance,Mechanical fault,2025-08-15,2026-09-23,2026-09-22,2025-07-01,36,None,1,SNL9JMTSSR,SNL9JMTSSR,INV023497559,,,1,1.0,0,repair_before_purchase,2028-08-15,404,692,1,-45.0,1,0,1,Manual Review,AX-00620
Laptop,Battery fault,2025-05-18,2026-09-23,2026-09-22,,24,None,1,SNZ9VS9KKH,SNZ9VS9KKH,INV808625591,,,0,,0,covered_fault,2027-05-18,493,237,1,,1,0,0,Valid Claim,AX-00621
Laptop,Battery fault,2026-07-13,2026-09-23,2026-09-21,2026-07-19,36,None,1,SNXPSRN386,SNXPSRN386,INV576974808,,,1,1.0,0,covered_fault,2029-07-13,72,1024,2,6.0,1,0,0,Valid Claim,AX-00622
Phone,Power fault,2026-02-20,2026-09-23,2026-09-14,,12,None,1,SNFGE4NBSZ,SNFGE4NBSX,INV566841907,,,0,,0,serial_mismatch,2027-02-20,215,150,9,,0,0,0,Manual Review,AX-00623
Appliance,Power fault,2024-11-22,2026-09-23,2026-09-09,,36,None,0,SNEU87VN3L,SNEU87VN3L,,,,0,,1,missing_proof,2027-11-22,670,425,14,,1,0,0,Manual Review,AX-00624
Laptop,Battery fault,2025-08-13,2026-09-23,2026-09-13,,24,None,1,SNH6N64DFD,SNH6N64DFD,INV193619986,,,0,,0,covered_fault,2027-08-13,406,324,10,,1,0,0,Valid Claim,AX-00625
Laptop,Battery fault,2026-04-21,2026-09-23,2026-09-11,2026-08-11,24,None,1,SN6DDHX48L,SN6DDHX48L,INV374175187,,,1,0.0,0,unauthorized_repair,2028-04-21,155,576,12,112.0,1,0,0,Invalid Claim,AX-00626
Laptop,Display fault,2023-02-14,2026-09-23,2026-09-20,,36,None,1,SNFU4HWK24,SNFU4HWK24,INV087468416,,,0,,0,expired,2026-02-14,1317,-221,3,,1,0,0,Invalid Claim,AX-00627
Phone,Battery fault,2024-09-12,2026-09-23,2026-09-16,2024-12-26,12,None,1,SNL5WK4BMD,SNL5WK4BMD,INV150422421,,,1,1.0,0,expired,2025-09-12,741,-376,7,105.0,1,0,0,Invalid Claim,AX-00628
Phone,Battery fault,2025-11-16,2026-09-23,2026-09-21,,24,None,1,SNFGR4X62M,SNFGR4X62M,INV382347325,INV382347325,PRIOR-INV382347325,0,,0,duplicate,2027-11-16,311,419,2,,1,1,0,Manual Review,AX-00629
Phone,Display fault,2026-06-20,2026-09-23,2026-09-12,,12,Liquid,1,SN6G3QPXQD,SN6G3QPXQD,INV990674531,,,0,,0,excluded_damage,2027-06-20,95,270,11,,1,0,0,Invalid Claim,AX-00630
Laptop,Battery fault,2025-06-17,2026-09-23,2026-09-12,2026-03-09,24,None,1,SNALTS8XNX,SNALTS8XNX,INV286269389,INV286269389,PRIOR-INV286269389,1,1.0,0,duplicate,2027-06-17,463,267,11,265.0,1,1,0,Manual Review,AX-00631
Appliance,Power fault,2026-05-18,2026-09-23,2026-09-17,,36,None,1,SNVT3HS3JB,SNVT3HS3JB,INV814920182,INV814920182,PRIOR-INV814920182,0,,0,duplicate,2029-05-18,128,968,6,,1,1,0,Manual Review,AX-00632
Appliance,Power fault,2025-12-12,2026-09-23,2026-09-07,,12,None,1,SN9T4ZQBT6,SN9T4ZQBTX,INV631917750,,,0,,0,serial_mismatch,2026-12-12,285,80,16,,0,0,0,Manual Review,AX-00633
Appliance,Power fault,2026-02-21,2026-09-23,2026-10-05,,24,None,1,SN8TH9XQ66,SN8TH9XQ66,INV405058936,,,0,,0,fault_after_claim,2028-02-21,214,516,-12,,1,0,1,Manual Review,AX-00634
Phone,Power fault,2026-07-24,2026-09-23,2026-09-09,,12,Impact,1,SNLJ3TWB6J,SNLJ3TWB6J,INV443264435,,,0,,0,excluded_damage,2027-07-24,61,304,14,,1,0,0,Invalid Claim,AX-00635
Laptop,Power fault,2025-11-20,2026-09-23,2026-09-25,,12,None,1,SN8H2V8SVW,SN8H2V8SVW,INV512962403,,,0,,0,fault_after_claim,2026-11-20,307,58,-2,,1,0,1,Manual Review,AX-00636
Appliance,Mechanical fault,2026-02-14,2026-09-23,2026-09-16,,12,None,1,SNV7NPHDLA,SNV7NPHDLA,INV602262608,,,0,,0,covered_fault,2027-02-14,221,144,7,,1,0,0,Valid Claim,AX-00637
Laptop,Battery fault,2026-01-12,2026-09-23,2026-09-12,2026-02-28,36,Impact,1,SN2J3PATD9,SN2J3PATD9,INV817134599,,,1,1.0,0,excluded_damage,2029-01-12,254,842,11,47.0,1,0,0,Invalid Claim,AX-00638
Laptop,Power fault,2026-02-22,2026-09-23,2026-09-15,,12,None,1,SN8457BEXW,SN8457BEXW,INV897625002,INV897625002,PRIOR-INV897625002,0,,0,duplicate,2027-02-22,213,152,8,,1,1,0,Manual Review,AX-00639
Laptop,Display fault,2026-06-18,2026-09-23,2026-09-12,,12,None,1,SNC7RM6J8X,SNC7RM6J8X,INV941782226,,,0,,0,covered_fault,2027-06-18,97,268,11,,1,0,0,Valid Claim,AX-00640
Appliance,Mechanical fault,2025-01-15,2026-09-23,2026-09-22,2025-02-19,36,Liquid,1,SNYAPTNKXP,SNYAPTNKXP,INV455980833,,,1,1.0,0,excluded_damage,2028-01-15,616,479,1,35.0,1,0,0,Invalid Claim,AX-00641
Phone,Display fault,2026-02-17,2026-09-23,2026-09-12,2026-01-27,12,None,1,SNCYAMCSVY,SNCYAMCSVY,INV771820204,,,1,1.0,0,repair_before_purchase,2027-02-17,218,147,11,-21.0,1,0,1,Manual Review,AX-00642
Phone,Battery fault,2025-11-18,2026-09-23,2026-09-14,2026-07-23,12,None,1,SNBAT2LY8K,SNBAT2LY8X,INV474385096,,,1,1.0,0,serial_mismatch,2026-11-18,309,56,9,247.0,0,0,0,Manual Review,AX-00643
Appliance,Motor fault,2026-06-21,2026-09-23,2026-09-07,,12,None,1,SNVUXZCDAB,SNVUXZCDAX,INV638149568,,,0,,0,serial_mismatch,2027-06-21,94,271,16,,0,0,0,Manual Review,AX-00644
Appliance,Mechanical fault,2026-03-21,2026-09-23,2026-09-16,2026-05-19,36,None,1,SN5PDTY92W,SN5PDTY92W,INV971430075,,,1,1.0,0,covered_fault,2029-03-21,186,910,7,59.0,1,0,0,Valid Claim,AX-00645
Appliance,Motor fault,2025-11-22,2026-09-23,2026-09-16,2026-01-13,24,None,1,SNZ76EKGH2,SNZ76EKGH2,INV408070444,,,1,1.0,0,authorized_repair,2027-11-22,305,425,7,52.0,1,0,0,Valid Claim,AX-00646
Laptop,Power fault,2024-11-19,2026-09-23,2026-09-08,,24,Impact,1,SNG548JRQE,SNG548JRQE,INV763956123,,,0,,0,excluded_damage,2026-11-19,673,57,15,,1,0,0,Invalid Claim,AX-00647
Phone,Power fault,2024-03-23,2026-09-23,2026-09-17,,24,None,1,SNFWLF9XXA,SNFWLF9XXA,INV399641069,,,0,,0,expired,2026-03-23,914,-184,6,,1,0,0,Invalid Claim,AX-00648
Phone,Battery fault,2024-12-20,2026-09-23,2026-09-09,2024-12-09,36,None,1,SNS6Z6ALUL,SNS6Z6ALUL,INV614137187,,,1,1.0,0,repair_before_purchase,2027-12-20,642,453,14,-11.0,1,0,1,Manual Review,AX-00649
Phone,Battery fault,2025-12-22,2026-09-23,2026-09-21,2025-12-28,36,None,1,SN7N6Y3B3B,SN7N6Y3B3B,INV641008464,,,1,1.0,0,covered_fault,2028-12-22,275,821,2,6.0,1,0,0,Valid Claim,AX-00650
Appliance,Motor fault,2025-12-12,2026-09-23,2026-09-09,,24,None,1,SN9Y5BAZK3,SN9Y5BAZK3,INV375541801,INV375541801,PRIOR-INV375541801,0,,0,duplicate,2027-12-12,285,445,14,,1,1,0,Manual Review,AX-00651
Phone,Display fault,2023-04-17,2026-09-23,2026-09-12,,24,None,1,SN3FMEP6MC,SN3FMEP6MC,INV816591209,,,0,,0,expired,2025-04-17,1255,-524,11,,1,0,0,Invalid Claim,AX-00652
Appliance,Power fault,2025-09-17,2026-09-23,2026-09-14,2026-01-10,36,None,1,SNBPWVGC8B,SNBPWVGC8B,INV825629483,INV825629483,PRIOR-INV825629483,1,1.0,0,duplicate,2028-09-17,371,725,9,115.0,1,1,0,Manual Review,AX-00653
Phone,Power fault,2024-09-16,2026-09-23,2026-09-22,,36,None,1,SNTG99V59S,SNTG99V59S,INV462011894,,,0,,0,covered_fault,2027-09-16,737,358,1,,1,0,0,Valid Claim,AX-00654
Phone,Display fault,2023-12-13,2026-09-23,2026-10-12,,36,None,1,SN78XP6SSM,SN78XP6SSM,INV713860455,,,0,,0,fault_after_claim,2026-12-13,1015,81,-19,,1,0,1,Manual Review,AX-00655
Laptop,Battery fault,2026-04-17,2026-09-23,2026-09-08,2026-06-12,24,None,1,SNCCVCJWTL,SNCCVCJWTL,INV954607867,,,1,1.0,0,authorized_repair,2028-04-17,159,572,15,56.0,1,0,0,Valid Claim,AX-00656
Appliance,Mechanical fault,2026-03-15,2026-09-23,2026-09-18,,12,Liquid,1,SNCKBUZS46,SNCKBUZS46,INV939687922,,,0,,0,excluded_damage,2027-03-15,192,173,5,,1,0,0,Invalid Claim,AX-00657
Phone,Power fault,2026-07-16,2026-09-23,2026-09-15,,12,None,1,SNKW8JE5B9,SNKW8JE5B9,INV921669398,,,0,,0,covered_fault,2027-07-16,69,296,8,,1,0,0,Valid Claim,AX-00658
Laptop,Power fault,2024-12-18,2026-09-23,2026-10-13,,24,None,1,SNBWU6PNRU,SNBWU6PNRU,INV889070423,,,0,,0,fault_after_claim,2026-12-18,644,86,-20,,1,0,1,Manual Review,AX-00659
Phone,Display fault,2026-02-12,2026-09-23,2026-09-18,2025-12-30,12,None,1,SNUK67CMKV,SNUK67CMKV,INV555594221,,,1,1.0,0,repair_before_purchase,2027-02-12,223,142,5,-44.0,1,0,1,Manual Review,AX-00660
Phone,Battery fault,2022-12-14,2026-09-23,2026-09-09,2025-11-11,36,None,1,SNLPE5F9GZ,SNLPE5F9GZ,INV678338700,,,1,1.0,0,expired,2025-12-14,1379,-283,14,1063.0,1,0,0,Invalid Claim,AX-00661
Phone,Display fault,2026-06-13,2026-09-23,2026-09-12,,12,None,1,SN3EK4YEYQ,SN3EK4YEYQ,INV002857512,,,0,,0,covered_fault,2027-06-13,102,263,11,,1,0,0,Valid Claim,AX-00662
Appliance,Power fault,2026-06-23,2026-09-23,2026-09-21,2026-09-11,12,None,1,SN7UAXBDTM,SN7UAXBDTM,INV700324692,INV700324692,PRIOR-INV700324692,1,1.0,0,duplicate,2027-06-23,92,273,2,80.0,1,1,0,Manual Review,AX-00663
Phone,Battery fault,2026-03-17,2026-09-23,2026-09-11,,12,None,1,SNFMXYXCWT,SNFMXYXCWT,INV242962370,,,0,,0,covered_fault,2027-03-17,190,175,12,,1,0,0,Valid Claim,AX-00664
Appliance,Mechanical fault,2025-05-24,2026-09-23,2026-09-22,2025-06-29,24,None,1,SN48VWFB7J,SN48VWFB7J,INV269828215,,,1,1.0,0,authorized_repair,2027-05-24,487,243,1,36.0,1,0,0,Valid Claim,AX-00665
Laptop,Battery fault,2025-04-23,2026-09-23,2026-09-19,,36,None,1,SNS487J6HD,SNS487J6HD,INV835372411,,,0,,0,covered_fault,2028-04-23,518,578,4,,1,0,0,Valid Claim,AX-00666
Phone,Display fault,2025-02-11,2026-09-23,2026-09-20,,36,None,0,SNJA67RHY3,SNJA67RHY3,,,,0,,2,missing_proof,2028-02-11,589,506,3,,1,0,0,Manual Review,AX-00667
Laptop,Display fault,2025-12-12,2026-09-23,2026-09-16,2025-11-18,12,None,1,SNMS3FLQLN,SNMS3FLQLN,INV010290348,,,1,1.0,0,repair_before_purchase,2026-12-12,285,80,7,-24.0,1,0,1,Manual Review,AX-00668
Phone,Display fault,2024-11-17,2026-09-23,2026-09-14,,12,None,1,SNZ39DF38R,SNZ39DF38R,INV022098727,,,0,,0,expired,2025-11-17,675,-310,9,,1,0,0,Invalid Claim,AX-00669
Laptop,Battery fault,2026-03-16,2026-09-23,2026-09-20,,12,None,1,SNS2FD2T54,SNS2FD2T54,INV636605805,,,0,,0,covered_fault,2027-03-16,191,174,3,,1,0,0,Valid Claim,AX-00670
Phone,Display fault,2026-04-13,2026-09-23,2026-09-11,,12,Impact,1,SNLXK87ACN,SNLXK87ACN,INV422585977,,,0,,0,excluded_damage,2027-04-13,163,202,12,,1,0,0,Invalid Claim,AX-00671
Laptop,Display fault,2024-12-23,2026-09-23,2026-09-17,2025-03-14,24,None,1,SNMKEUDGLY,SNMKEUDGLY,INV777935617,,,1,1.0,0,covered_fault,2026-12-23,639,91,6,81.0,1,0,0,Valid Claim,AX-00672
Phone,Display fault,2025-11-20,2026-09-23,2026-09-10,2025-11-16,12,None,1,SNUCLGQ2DA,SNUCLGQ2DA,INV154063567,,,1,1.0,0,repair_before_purchase,2026-11-20,307,58,13,-4.0,1,0,1,Manual Review,AX-00673
Phone,Battery fault,2026-02-17,2026-09-23,2026-09-08,2026-06-29,12,None,1,SNZGLHMG9J,SNZGLHMG9J,INV691648780,,,1,0.0,0,unauthorized_repair,2027-02-17,218,147,15,132.0,1,0,0,Invalid Claim,AX-00674
Appliance,Power fault,2026-06-23,2026-09-23,2026-09-09,2026-06-29,36,None,1,SNEQBNGL2N,SNEQBNGL2N,INV782005936,,,1,1.0,0,authorized_repair,2029-06-23,92,1004,14,6.0,1,0,0,Valid Claim,AX-00675
Phone,Display fault,2025-12-12,2026-09-23,2026-09-15,,24,None,1,SNAFYR75L4,SNAFYR75LX,INV664900085,,,0,,0,serial_mismatch,2027-12-12,285,445,8,,0,0,0,Manual Review,AX-00676
Phone,Battery fault,2026-03-23,2026-09-23,2026-09-14,2026-07-27,12,None,1,SNLV3JFEQE,SNLV3JFEQE,INV878944155,,,1,1.0,0,covered_fault,2027-03-23,184,181,9,126.0,1,0,0,Valid Claim,AX-00677
Laptop,Display fault,2026-07-21,2026-09-23,2026-09-16,2026-08-21,12,None,1,SNEEYAB3DX,SNEEYAB3DX,INV508198814,,,1,0.0,0,unauthorized_repair,2027-07-21,64,301,7,31.0,1,0,0,Invalid Claim,AX-00678
Phone,Power fault,2023-12-13,2026-09-23,2026-09-20,2024-09-13,36,None,1,SNF2N2NJFF,SNF2N2NJFF,INV268747532,,,1,1.0,0,covered_fault,2026-12-13,1015,81,3,275.0,1,0,0,Valid Claim,AX-00679
Appliance,Mechanical fault,2026-02-10,2026-09-23,2026-09-14,2026-02-13,36,None,1,SN7DCBGGLK,SN7DCBGGLK,INV862799779,,,1,1.0,0,authorized_repair,2029-02-10,225,871,9,3.0,1,0,0,Valid Claim,AX-00680
Laptop,Power fault,2025-11-23,2026-09-23,2026-09-15,2026-01-20,36,None,1,SNJNYHBP9N,SNJNYHBP9N,INV195600800,,,1,0.0,0,unauthorized_repair,2028-11-23,304,792,8,58.0,1,0,0,Invalid Claim,AX-00681
Appliance,Power fault,2026-02-20,2026-09-23,2026-09-15,,24,None,1,SNU3Y7AY8U,SNU3Y7AY8U,INV519843402,,,0,,0,covered_fault,2028-02-20,215,515,8,,1,0,0,Valid Claim,AX-00682
Phone,Display fault,2025-09-18,2026-09-23,2026-09-20,2025-12-22,36,None,1,SNT8DL6Z26,SNT8DL6Z26,INV444989271,,,1,1.0,0,authorized_repair,2028-09-18,370,726,3,95.0,1,0,0,Valid Claim,AX-00683
Laptop,Battery fault,2024-10-14,2026-09-23,2026-09-19,2024-10-21,36,None,1,SN4UY5DUSY,SN4UY5DUSY,INV755918616,,,1,1.0,0,covered_fault,2027-10-14,709,386,4,7.0,1,0,0,Valid Claim,AX-00684
Phone,Battery fault,2025-01-12,2026-09-23,2026-09-08,2026-06-24,24,None,1,SNZVNTZK98,SNZVNTZK98,INV985422098,,,1,0.0,0,unauthorized_repair,2027-01-12,619,111,15,528.0,1,0,0,Invalid Claim,AX-00685
Phone,Battery fault,2023-11-17,2026-09-23,2026-09-18,,36,Impact,1,SNVR79XT2S,SNVR79XT2S,INV822108516,,,0,,0,excluded_damage,2026-11-17,1041,55,5,,1,0,0,Invalid Claim,AX-00686
Appliance,Power fault,2026-02-20,2026-09-23,2026-09-07,,36,None,1,SNBHT7RBDV,SNBHT7RBDX,INV689074396,,,0,,0,serial_mismatch,2029-02-20,215,881,16,,0,0,0,Manual Review,AX-00687
Appliance,Mechanical fault,2025-10-20,2026-09-23,2026-09-21,,24,None,1,SN36LKN4RB,SN36LKN4RB,INV628062744,,,0,,0,covered_fault,2027-10-20,338,392,2,,1,0,0,Valid Claim,AX-00688
Appliance,Power fault,2026-03-12,2026-09-23,2026-09-22,2026-07-15,12,None,1,SNKCS5JEJ5,SNKCS5JEJ5,INV011514827,,,1,1.0,0,authorized_repair,2027-03-12,195,170,1,125.0,1,0,0,Valid Claim,AX-00689
Phone,Display fault,2025-08-14,2026-09-23,2026-09-12,2026-05-10,24,None,1,SNRNB7H77D,SNRNB7H77D,INV425511356,,,1,1.0,0,authorized_repair,2027-08-14,405,325,11,269.0,1,0,0,Valid Claim,AX-00690
Appliance,Mechanical fault,2024-10-23,2026-09-23,2026-09-07,,36,None,0,SNL5YSU6WQ,SNL5YSU6WQ,,,,0,,2,missing_proof,2027-10-23,700,395,16,,1,0,0,Manual Review,AX-00691
Phone,Power fault,2025-11-12,2026-09-23,2026-09-14,2025-12-14,12,None,1,SN625TMMWD,SN625TMMWD,INV445971292,,,1,1.0,0,covered_fault,2026-11-12,315,50,9,32.0,1,0,0,Valid Claim,AX-00692
Phone,Battery fault,2025-11-11,2026-09-23,2026-09-16,2026-06-25,12,None,1,SNHCZKZHFH,SNHCZKZHFH,INV246270931,,,1,1.0,0,authorized_repair,2026-11-11,316,49,7,226.0,1,0,0,Valid Claim,AX-00693
Appliance,Mechanical fault,2026-05-23,2026-09-23,2026-09-13,2026-08-08,12,Liquid,1,SNHN4TD4AA,SNHN4TD4AA,INV117029434,,,1,1.0,0,excluded_damage,2027-05-23,123,242,10,77.0,1,0,0,Invalid Claim,AX-00694
Phone,Display fault,2025-01-16,2026-09-23,2026-09-11,,12,None,1,SNME2FZVFZ,SNME2FZVFZ,INV873793862,,,0,,0,expired,2026-01-16,615,-250,12,,1,0,0,Invalid Claim,AX-00695
Appliance,Mechanical fault,2025-06-13,2026-09-23,2026-09-07,,24,None,1,SN92NSKYG5,SN92NSKYG5,INV317588741,,,0,,0,covered_fault,2027-06-13,467,263,16,,1,0,0,Valid Claim,AX-00696
Appliance,Motor fault,2026-03-19,2026-09-23,2026-09-08,,12,None,1,SN3SMDZQCB,SN3SMDZQCB,INV703189755,,,0,,0,covered_fault,2027-03-19,188,177,15,,1,0,0,Valid Claim,AX-00697
Phone,Display fault,2023-12-12,2026-09-23,2026-09-19,,36,None,0,SNDPC7JNW8,SNDPC7JNW8,,,,0,,2,missing_proof,2026-12-12,1016,80,4,,1,0,0,Manual Review,AX-00698
Phone,Battery fault,2026-02-13,2026-09-23,2026-09-30,,36,None,1,SNCC43GX43,SNCC43GX43,INV732610417,,,0,,0,fault_after_claim,2029-02-13,222,874,-7,,1,0,1,Manual Review,AX-00699
Phone,Display fault,2025-02-16,2026-09-23,2026-09-08,,36,None,1,SNXKCYE3TD,SNXKCYE3TX,INV025110712,,,0,,0,serial_mismatch,2028-02-16,584,511,15,,0,0,0,Manual Review,AX-00700
Appliance,Mechanical fault,2026-07-16,2026-09-23,2026-09-16,2026-08-07,24,None,1,SNCZR2YWR3,SNCZR2YWR3,INV026354547,,,1,1.0,0,authorized_repair,2028-07-16,69,662,7,22.0,1,0,0,Valid Claim,AX-00701
Laptop,Battery fault,2025-03-17,2026-09-23,2026-09-10,,24,None,1,SND3AYKTUD,SND3AYKTUD,INV730562709,INV730562709,PRIOR-INV730562709,0,,0,duplicate,2027-03-17,555,175,13,,1,1,0,Manual Review,AX-00702
Laptop,Battery fault,2026-06-15,2026-09-23,2026-09-24,2026-07-18,36,None,1,SNEA5AFM3M,SNEA5AFM3M,INV140459881,,,1,1.0,0,fault_after_claim,2029-06-15,100,996,-1,33.0,1,0,1,Manual Review,AX-00703
Appliance,Mechanical fault,2026-01-17,2026-09-23,2026-09-17,,12,None,1,SN8EV3BC2M,SN8EV3BC2M,INV356693755,,,0,,0,covered_fault,2027-01-17,249,116,6,,1,0,0,Valid Claim,AX-00704
Phone,Battery fault,2023-09-20,2026-09-23,2026-09-13,,24,None,1,SN7F9EYJAG,SN7F9EYJAG,INV504746205,,,0,,0,expired,2025-09-20,1099,-368,10,,1,0,0,Invalid Claim,AX-00705
Laptop,Power fault,2026-03-18,2026-09-23,2026-09-10,,12,Liquid,1,SNPEMCHE5A,SNPEMCHE5A,INV024196001,,,0,,0,excluded_damage,2027-03-18,189,176,13,,1,0,0,Invalid Claim,AX-00706
Laptop,Power fault,2026-05-18,2026-09-23,2026-09-14,,12,Impact,1,SN5FPFC5VU,SN5FPFC5VU,INV788724410,,,0,,0,excluded_damage,2027-05-18,128,237,9,,1,0,0,Invalid Claim,AX-00707
Laptop,Display fault,2026-07-23,2026-09-23,2026-09-13,2026-07-28,12,None,1,SNX237G6FM,SNX237G6FM,INV089931572,,,1,1.0,0,covered_fault,2027-07-23,62,303,10,5.0,1,0,0,Valid Claim,AX-00708
Phone,Display fault,2026-03-16,2026-09-23,2026-09-07,2026-04-26,12,None,1,SNWEN6U5ES,SNWEN6U5ES,INV030299671,,,1,1.0,0,authorized_repair,2027-03-16,191,174,16,41.0,1,0,0,Valid Claim,AX-00709
Phone,Battery fault,2024-02-14,2026-09-23,2026-09-12,2025-03-21,24,None,1,SNZ7F8N8F8,SNZ7F8N8F8,INV263661891,,,1,1.0,0,expired,2026-02-14,952,-221,11,401.0,1,0,0,Invalid Claim,AX-00710
Appliance,Power fault,2025-02-13,2026-09-23,2026-09-14,2025-10-02,12,None,1,SN3PHTT8BN,SN3PHTT8BN,INV921378516,,,1,1.0,0,expired,2026-02-13,587,-222,9,231.0,1,0,0,Invalid Claim,AX-00711
Appliance,Motor fault,2025-03-14,2026-09-23,2026-09-09,,36,None,0,SNBSY4NNX4,SNBSY4NNX4,,,,0,,1,missing_proof,2028-03-14,558,538,14,,1,0,0,Manual Review,AX-00712
Phone,Power fault,2026-02-22,2026-09-23,2026-09-18,,12,Impact,1,SNKYGCLY3R,SNKYGCLY3R,INV349065552,,,0,,0,excluded_damage,2027-02-22,213,152,5,,1,0,0,Invalid Claim,AX-00713
Appliance,Motor fault,2023-05-24,2026-09-23,2026-09-17,,36,None,1,SNW66U4DGS,SNW66U4DGS,INV915747624,,,0,,0,expired,2026-05-24,1218,-122,6,,1,0,0,Invalid Claim,AX-00714
Phone,Battery fault,2024-12-12,2026-09-23,2026-09-16,,36,None,0,SNY6CTDK75,SNY6CTDK75,,,,0,,2,missing_proof,2027-12-12,650,445,7,,1,0,0,Manual Review,AX-00715
Laptop,Power fault,2026-03-16,2026-09-23,2026-09-20,,12,Liquid,1,SNCZY7QZH9,SNCZY7QZH9,INV037824018,,,0,,0,excluded_damage,2027-03-16,191,174,3,,1,0,0,Invalid Claim,AX-00716
Laptop,Display fault,2025-09-15,2026-09-23,2026-09-16,2026-03-27,24,Impact,1,SN3VQJCFZ8,SN3VQJCFZ8,INV599739729,,,1,1.0,0,excluded_damage,2027-09-15,373,357,7,193.0,1,0,0,Invalid Claim,AX-00717
Laptop,Display fault,2025-08-17,2026-09-23,2026-09-10,2025-12-04,36,None,1,SNMW4SN7SM,SNMW4SN7SM,INV844651106,,,1,1.0,0,authorized_repair,2028-08-17,402,694,13,109.0,1,0,0,Valid Claim,AX-00718
Phone,Display fault,2024-05-17,2026-09-23,2026-09-21,,36,None,1,SN9EJBH5P6,SN9EJBH5P6,INV475563506,,,0,,0,covered_fault,2027-05-17,859,236,2,,1,0,0,Valid Claim,AX-00719
Phone,Battery fault,2022-12-16,2026-09-23,2026-09-18,,36,None,1,SN7YSPNUKH,SN7YSPNUKH,INV696790444,,,0,,0,expired,2025-12-16,1377,-281,5,,1,0,0,Invalid Claim,AX-00720
Phone,Display fault,2024-02-22,2026-09-23,2026-09-28,2025-04-11,36,None,1,SNABGWHKVM,SNABGWHKVM,INV778767509,,,1,1.0,0,fault_after_claim,2027-02-22,944,152,-5,414.0,1,0,1,Manual Review,AX-00721
Phone,Display fault,2024-10-15,2026-09-23,2026-10-06,,36,None,1,SN8XTGWXCD,SN8XTGWXCD,INV617470964,,,0,,0,fault_after_claim,2027-10-15,708,387,-13,,1,0,1,Manual Review,AX-00722
Phone,Power fault,2022-05-16,2026-09-23,2026-09-09,,36,None,1,SNLSLV4N2U,SNLSLV4N2U,INV261568790,,,0,,0,expired,2025-05-16,1591,-495,14,,1,0,0,Invalid Claim,AX-00723
Phone,Display fault,2024-07-19,2026-09-23,2026-10-11,2024-09-24,36,None,1,SNUN5R6LE8,SNUN5R6LE8,INV116101963,,,1,1.0,0,fault_after_claim,2027-07-19,796,299,-18,67.0,1,0,1,Manual Review,AX-00724
Appliance,Mechanical fault,2026-02-19,2026-09-23,2026-09-20,,24,None,0,SN287XNGQL,SN287XNGQL,,,,0,,2,missing_proof,2028-02-19,216,514,3,,1,0,0,Manual Review,AX-00725
Appliance,Mechanical fault,2026-04-23,2026-09-23,2026-09-15,,12,None,0,SNRTBF7BHP,SNRTBF7BHP,,,,0,,2,missing_proof,2027-04-23,153,212,8,,1,0,0,Manual Review,AX-00726
Appliance,Mechanical fault,2026-05-19,2026-09-23,2026-09-13,2026-05-17,24,None,1,SNDPXM7Y7A,SNDPXM7Y7A,INV431289277,,,1,1.0,0,repair_before_purchase,2028-05-19,127,604,10,-2.0,1,0,1,Manual Review,AX-00727
Phone,Display fault,2024-05-17,2026-09-23,2026-09-17,2026-03-21,36,None,1,SNJSQCYZNZ,SNJSQCYZNZ,INV830193740,,,1,1.0,0,covered_fault,2027-05-17,859,236,6,673.0,1,0,0,Valid Claim,AX-00728
Appliance,Power fault,2024-11-17,2026-09-23,2026-09-25,,24,None,1,SNFVGUPN4Q,SNFVGUPN4Q,INV053052759,,,0,,0,fault_after_claim,2026-11-17,675,55,-2,,1,0,1,Manual Review,AX-00729
Phone,Display fault,2026-03-14,2026-09-23,2026-09-14,,12,None,0,SNSR698H95,SNSR698H95,,,,0,,2,missing_proof,2027-03-14,193,172,9,,1,0,0,Manual Review,AX-00730
Appliance,Mechanical fault,2024-09-16,2026-09-23,2026-09-12,,36,None,1,SN3HWHVZK8,SN3HWHVZK8,INV088261367,,,0,,0,covered_fault,2027-09-16,737,358,11,,1,0,0,Valid Claim,AX-00731
Phone,Battery fault,2024-12-21,2026-09-23,2026-09-12,,12,None,1,SN8UA3GQG2,SN8UA3GQG2,INV610285740,,,0,,0,expired,2025-12-21,641,-276,11,,1,0,0,Invalid Claim,AX-00732
Appliance,Mechanical fault,2024-07-19,2026-09-23,2026-09-22,2026-01-25,36,None,0,SNP5JCUD6L,SNP5JCUD6L,,,,1,1.0,1,missing_proof,2027-07-19,796,299,1,555.0,1,0,0,Manual Review,AX-00733
Appliance,Mechanical fault,2025-11-18,2026-09-23,2026-09-09,,12,None,0,SNJYB5EV2C,SNJYB5EV2C,,,,0,,1,missing_proof,2026-11-18,309,56,14,,1,0,0,Manual Review,AX-00734
Phone,Display fault,2025-11-19,2026-09-23,2026-09-19,2025-10-09,12,None,1,SNN9H7BWDQ,SNN9H7BWDQ,INV874117818,,,1,1.0,0,repair_before_purchase,2026-11-19,308,57,4,-41.0,1,0,1,Manual Review,AX-00735
Appliance,Mechanical fault,2024-07-19,2026-09-23,2026-09-08,2025-02-20,36,None,1,SNFZJ2HRBS,SNFZJ2HRBS,INV559237909,,,1,1.0,0,covered_fault,2027-07-19,796,299,15,216.0,1,0,0,Valid Claim,AX-00736
Phone,Power fault,2026-01-13,2026-09-23,2026-09-08,,12,None,1,SN56T26UTS,SN56T26UTX,INV586970423,,,0,,0,serial_mismatch,2027-01-13,253,112,15,,0,0,0,Manual Review,AX-00737
Phone,Battery fault,2025-12-11,2026-09-23,2026-09-21,,12,None,1,SNYXH2QE4X,SNYXH2QE4X,INV756486802,INV756486802,PRIOR-INV756486802,0,,0,duplicate,2026-12-11,286,79,2,,1,1,0,Manual Review,AX-00738
Phone,Battery fault,2025-11-13,2026-09-23,2026-09-13,2026-05-13,12,None,1,SN6FPKN2UR,SN6FPKN2UR,INV554510253,,,1,1.0,0,covered_fault,2026-11-13,314,51,10,181.0,1,0,0,Valid Claim,AX-00739
Laptop,Display fault,2026-03-12,2026-09-23,2026-09-13,2026-04-25,36,Impact,1,SNVN7U2HY5,SNVN7U2HY5,INV242882566,,,1,1.0,0,excluded_damage,2029-03-12,195,901,10,44.0,1,0,0,Invalid Claim,AX-00740
Laptop,Battery fault,2024-03-19,2026-09-23,2026-09-29,,36,None,1,SN6J5DAT65,SN6J5DAT65,INV579721030,,,0,,0,fault_after_claim,2027-03-19,918,177,-6,,1,0,1,Manual Review,AX-00741
Phone,Battery fault,2026-07-16,2026-09-23,2026-09-18,2026-08-29,12,None,1,SN4HDB2F7G,SN4HDB2F7G,INV922356129,,,1,0.0,0,unauthorized_repair,2027-07-16,69,296,5,44.0,1,0,0,Invalid Claim,AX-00742
Phone,Battery fault,2025-12-12,2026-09-23,2026-09-22,,24,None,1,SN2XYG4W3H,SN2XYG4W3H,INV990476096,,,0,,0,covered_fault,2027-12-12,285,445,1,,1,0,0,Valid Claim,AX-00743
Laptop,Display fault,2025-11-16,2026-09-23,2026-09-11,2026-09-03,36,None,1,SNPZAGA34S,SNPZAGA34S,INV356746554,,,1,1.0,0,authorized_repair,2028-11-16,311,785,12,291.0,1,0,0,Valid Claim,AX-00744
Laptop,Display fault,2025-08-19,2026-09-23,2026-09-12,,24,None,1,SN6256VDXZ,SN6256VDXZ,INV098614279,,,0,,0,covered_fault,2027-08-19,400,330,11,,1,0,0,Valid Claim,AX-00745
Phone,Display fault,2025-03-16,2026-09-23,2026-09-16,,24,None,1,SNM6VDURCJ,SNM6VDURCJ,INV285468621,INV285468621,PRIOR-INV285468621,0,,0,duplicate,2027-03-16,556,174,7,,1,1,0,Manual Review,AX-00746
Phone,Power fault,2026-03-15,2026-09-23,2026-09-21,,24,None,1,SNLVF9AX33,SNLVF9AX33,INV170844845,INV170844845,PRIOR-INV170844845,0,,0,duplicate,2028-03-15,192,539,2,,1,1,0,Manual Review,AX-00747
Appliance,Motor fault,2026-07-18,2026-09-23,2026-09-13,,12,None,1,SNFELHG6FK,SNFELHG6FK,INV624536468,,,0,,0,covered_fault,2027-07-18,67,298,10,,1,0,0,Valid Claim,AX-00748
Laptop,Display fault,2024-04-13,2026-09-23,2026-09-12,,12,None,1,SNHTKDTE6C,SNHTKDTE6C,INV716523576,,,0,,0,expired,2025-04-13,893,-528,11,,1,0,0,Invalid Claim,AX-00749
Phone,Power fault,2025-02-21,2026-09-23,2026-09-18,,24,None,1,SN2KSHBSLQ,SN2KSHBSLQ,INV434204209,,,0,,0,covered_fault,2027-02-21,579,151,5,,1,0,0,Valid Claim,AX-00750
Laptop,Power fault,2025-09-18,2026-09-23,2026-09-07,,24,None,1,SNGZDQT8EG,SNGZDQT8EG,INV597087922,,,0,,0,covered_fault,2027-09-18,370,360,16,,1,0,0,Valid Claim,AX-00751
Laptop,Power fault,2023-12-19,2026-09-23,2026-09-18,2024-03-16,36,None,0,SNVJKXXKM7,SNVJKXXKM7,,,,1,1.0,2,missing_proof,2026-12-19,1009,87,5,88.0,1,0,0,Manual Review,AX-00752
Laptop,Power fault,2026-06-21,2026-09-23,2026-09-13,2026-06-23,24,None,1,SN8U26SGRW,SN8U26SGRW,INV357224022,,,1,0.0,0,unauthorized_repair,2028-06-21,94,637,10,2.0,1,0,0,Invalid Claim,AX-00753
Laptop,Display fault,2026-03-19,2026-09-23,2026-09-15,,12,Liquid,1,SNJ7JFHUSS,SNJ7JFHUSS,INV103027165,,,0,,0,excluded_damage,2027-03-19,188,177,8,,1,0,0,Invalid Claim,AX-00754
Laptop,Display fault,2025-08-22,2026-09-23,2026-09-17,2025-09-22,24,None,1,SN8CU57SNB,SN8CU57SNB,INV614920323,,,1,1.0,0,authorized_repair,2027-08-22,397,333,6,31.0,1,0,0,Valid Claim,AX-00755
Laptop,Battery fault,2026-04-21,2026-09-23,2026-09-11,2026-07-10,12,None,0,SNGAU6XG9L,SNGAU6XG9L,,,,1,1.0,1,missing_proof,2027-04-21,155,210,12,80.0,1,0,0,Manual Review,AX-00756
Appliance,Power fault,2023-04-16,2026-09-23,2026-09-20,2023-06-18,36,None,1,SNHX2UV62Q,SNHX2UV62Q,INV119975699,,,1,1.0,0,expired,2026-04-16,1256,-160,3,63.0,1,0,0,Invalid Claim,AX-00757
Laptop,Battery fault,2025-07-20,2026-09-23,2026-09-22,,12,None,1,SNUKQWPSBS,SNUKQWPSBS,INV300642353,,,0,,0,expired,2026-07-20,430,-65,1,,1,0,0,Invalid Claim,AX-00758
Appliance,Mechanical fault,2026-03-16,2026-09-23,2026-09-16,,12,None,1,SN38MVRGLZ,SN38MVRGLZ,INV991743149,,,0,,0,covered_fault,2027-03-16,191,174,7,,1,0,0,Valid Claim,AX-00759
Appliance,Power fault,2023-12-12,2026-09-23,2026-09-19,,36,Liquid,1,SNGY4E88SE,SNGY4E88SE,INV069137701,,,0,,0,excluded_damage,2026-12-12,1016,80,4,,1,0,0,Invalid Claim,AX-00760
Phone,Display fault,2025-12-23,2026-09-23,2026-09-12,,12,None,1,SNC9E3PRK2,SNC9E3PRK2,INV237738306,,,0,,0,covered_fault,2026-12-23,274,91,11,,1,0,0,Valid Claim,AX-00761
Phone,Display fault,2024-06-14,2026-09-23,2026-09-16,2025-10-10,36,Liquid,1,SNHMH8ENZU,SNHMH8ENZU,INV621236557,,,1,1.0,0,excluded_damage,2027-06-14,831,264,7,483.0,1,0,0,Invalid Claim,AX-00762
Appliance,Mechanical fault,2025-05-22,2026-09-23,2026-09-10,,36,Impact,1,SNK8UJJ32V,SNK8UJJ32V,INV714884110,,,0,,0,excluded_damage,2028-05-22,489,607,13,,1,0,0,Invalid Claim,AX-00763
Phone,Battery fault,2024-12-21,2026-09-23,2026-09-10,,12,None,1,SNLURMW4UQ,SNLURMW4UQ,INV265127938,,,0,,0,expired,2025-12-21,641,-276,13,,1,0,0,Invalid Claim,AX-00764
Laptop,Battery fault,2022-11-22,2026-09-23,2026-09-08,,36,None,1,SNJS934V7W,SNJS934V7W,INV956582936,,,0,,0,expired,2025-11-22,1401,-305,15,,1,0,0,Invalid Claim,AX-00765
Phone,Power fault,2025-07-19,2026-09-23,2026-09-09,,24,Impact,1,SN6E34DNRE,SN6E34DNRE,INV257393635,,,0,,0,excluded_damage,2027-07-19,431,299,14,,1,0,0,Invalid Claim,AX-00766
Phone,Display fault,2024-06-16,2026-09-23,2026-09-29,,36,None,1,SN5PBNHL84,SN5PBNHL84,INV974688642,,,0,,0,fault_after_claim,2027-06-16,829,266,-6,,1,0,1,Manual Review,AX-00767
Laptop,Display fault,2024-11-21,2026-09-23,2026-09-09,,36,None,1,SNL46UG5YH,SNL46UG5YH,INV116453931,INV116453931,PRIOR-INV116453931,0,,0,duplicate,2027-11-21,671,424,14,,1,1,0,Manual Review,AX-00768
Laptop,Power fault,2025-06-20,2026-09-23,2026-09-22,,24,None,1,SN3XJQ3WDH,SN3XJQ3WDH,INV726764455,,,0,,0,covered_fault,2027-06-20,460,270,1,,1,0,0,Valid Claim,AX-00769
Appliance,Motor fault,2024-03-14,2026-09-23,2026-09-11,2025-12-18,24,None,1,SNKZCYUVVS,SNKZCYUVVS,INV933259203,,,1,1.0,0,expired,2026-03-14,923,-193,12,644.0,1,0,0,Invalid Claim,AX-00770
Appliance,Motor fault,2026-03-15,2026-09-23,2026-09-12,2026-06-02,12,None,1,SNTAUL73CE,SNTAUL73CE,INV833516117,,,1,1.0,0,authorized_repair,2027-03-15,192,173,11,79.0,1,0,0,Valid Claim,AX-00771
Phone,Power fault,2024-01-20,2026-09-23,2026-09-22,,36,None,1,SNGE2FQ59G,SNGE2FQ59X,INV717780561,,,0,,0,serial_mismatch,2027-01-20,977,119,1,,0,0,0,Manual Review,AX-00772
Phone,Power fault,2026-01-19,2026-09-23,2026-10-11,2026-08-08,12,None,1,SN6RMKCLH4,SN6RMKCLH4,INV185044845,,,1,1.0,0,fault_after_claim,2027-01-19,247,118,-18,201.0,1,0,1,Manual Review,AX-00773
Phone,Battery fault,2026-03-23,2026-09-23,2026-09-17,,12,Impact,1,SN6B22N7VV,SN6B22N7VV,INV912414331,,,0,,0,excluded_damage,2027-03-23,184,181,6,,1,0,0,Invalid Claim,AX-00774
Appliance,Power fault,2025-02-21,2026-09-23,2026-09-16,,36,None,1,SN74SKTDZ3,SN74SKTDZ3,INV024790825,,,0,,0,covered_fault,2028-02-21,579,516,7,,1,0,0,Valid Claim,AX-00775
Phone,Display fault,2026-03-15,2026-09-23,2026-09-09,,12,None,1,SNSWMUTERV,SNSWMUTERV,INV295612850,,,0,,0,covered_fault,2027-03-15,192,173,14,,1,0,0,Valid Claim,AX-00776
Phone,Display fault,2024-07-17,2026-09-23,2026-09-16,,24,None,1,SNNQNGN4CF,SNNQNGN4CF,INV971714673,,,0,,0,expired,2026-07-17,798,-68,7,,1,0,0,Invalid Claim,AX-00777
Phone,Power fault,2025-12-19,2026-09-23,2026-09-15,2026-07-28,12,None,1,SN4NULLLMR,SN4NULLLMR,INV356071804,,,1,0.0,0,unauthorized_repair,2026-12-19,278,87,8,221.0,1,0,0,Invalid Claim,AX-00778
Laptop,Display fault,2024-03-15,2026-09-23,2026-09-07,,24,None,1,SNLUQ367JZ,SNLUQ367JZ,INV218324837,,,0,,0,expired,2026-03-15,922,-192,16,,1,0,0,Invalid Claim,AX-00779
Phone,Display fault,2026-02-18,2026-09-23,2026-09-18,,12,None,1,SNN45WXCUV,SNN45WXCUV,INV132796428,,,0,,0,covered_fault,2027-02-18,217,148,5,,1,0,0,Valid Claim,AX-00780
Phone,Power fault,2026-06-24,2026-09-23,2026-09-10,2026-05-16,12,None,1,SNB93VC4BM,SNB93VC4BM,INV102487957,,,1,1.0,0,repair_before_purchase,2027-06-24,91,274,13,-39.0,1,0,1,Manual Review,AX-00781
Laptop,Power fault,2025-04-20,2026-09-23,2026-09-08,2025-05-01,36,None,1,SNCKJLTEHY,SNCKJLTEHY,INV704542495,,,1,1.0,0,covered_fault,2028-04-20,521,575,15,11.0,1,0,0,Valid Claim,AX-00782
Laptop,Battery fault,2024-09-10,2026-09-23,2026-09-17,2025-10-29,36,Liquid,1,SNB33AF9XC,SNB33AF9XC,INV841610227,,,1,1.0,0,excluded_damage,2027-09-10,743,352,6,414.0,1,0,0,Invalid Claim,AX-00783
Appliance,Power fault,2025-12-11,2026-09-23,2026-09-19,2026-08-24,12,Impact,1,SNSAV9BMF8,SNSAV9BMF8,INV503095891,,,1,1.0,0,excluded_damage,2026-12-11,286,79,4,256.0,1,0,0,Invalid Claim,AX-00784
Laptop,Display fault,2026-05-19,2026-09-23,2026-09-15,2026-05-25,12,None,1,SN8XRV5DBR,SN8XRV5DBR,INV114904771,,,1,0.0,0,unauthorized_repair,2027-05-19,127,238,8,6.0,1,0,0,Invalid Claim,AX-00785
Appliance,Mechanical fault,2026-06-22,2026-09-23,2026-09-13,2026-09-12,12,None,1,SNAN4N5QP4,SNAN4N5QP4,INV653664133,,,1,1.0,0,covered_fault,2027-06-22,93,272,10,82.0,1,0,0,Valid Claim,AX-00786
Laptop,Display fault,2025-04-14,2026-09-23,2026-09-16,2026-03-02,24,None,1,SND79YURUT,SND79YURUT,INV297295078,,,1,0.0,0,unauthorized_repair,2027-04-14,527,203,7,322.0,1,0,0,Invalid Claim,AX-00787
Laptop,Display fault,2023-10-12,2026-09-23,2026-09-14,,24,None,1,SNKB8NGK2Y,SNKB8NGK2Y,INV533611834,,,0,,0,expired,2025-10-12,1077,-346,9,,1,0,0,Invalid Claim,AX-00788
Appliance,Mechanical fault,2022-08-12,2026-09-23,2026-09-20,,36,None,1,SNUZLM3MKR,SNUZLM3MKR,INV572164837,,,0,,0,expired,2025-08-12,1503,-407,3,,1,0,0,Invalid Claim,AX-00789
Appliance,Motor fault,2025-08-19,2026-09-23,2026-09-17,2025-11-17,36,None,1,SNQ7VYHTLE,SNQ7VYHTLE,INV160060417,,,1,0.0,0,unauthorized_repair,2028-08-19,400,696,6,90.0,1,0,0,Invalid Claim,AX-00790
Laptop,Battery fault,2026-03-16,2026-09-23,2026-09-11,,36,None,1,SNFZ8HSFAY,SNFZ8HSFAY,INV324420308,INV324420308,PRIOR-INV324420308,0,,0,duplicate,2029-03-16,191,905,12,,1,1,0,Manual Review,AX-00791
Laptop,Power fault,2024-12-17,2026-09-23,2026-09-12,,12,None,1,SNE2YBMYPS,SNE2YBMYPS,INV054396988,,,0,,0,expired,2025-12-17,645,-280,11,,1,0,0,Invalid Claim,AX-00792
Laptop,Display fault,2025-04-13,2026-09-23,2026-10-12,,36,None,1,SNLXB7FHNR,SNLXB7FHNR,INV170498256,,,0,,0,fault_after_claim,2028-04-13,528,568,-19,,1,0,1,Manual Review,AX-00793
Laptop,Battery fault,2025-08-19,2026-09-23,2026-09-10,,24,None,1,SN58PZTVHH,SN58PZTVHH,INV403641416,,,0,,0,covered_fault,2027-08-19,400,330,13,,1,0,0,Valid Claim,AX-00794
Phone,Power fault,2024-02-15,2026-09-23,2026-09-15,,36,None,0,SN7RE9LW7X,SN7RE9LW7X,,,,0,,1,missing_proof,2027-02-15,951,145,8,,1,0,0,Manual Review,AX-00795
Laptop,Display fault,2026-04-21,2026-09-23,2026-09-10,2026-06-06,36,None,1,SNGLPYESJM,SNGLPYESJM,INV040563155,,,1,0.0,0,unauthorized_repair,2029-04-21,155,941,13,46.0,1,0,0,Invalid Claim,AX-00796
Phone,Display fault,2026-01-18,2026-09-23,2026-09-07,,12,None,0,SNE9NRKY6L,SNE9NRKY6L,,,,0,,2,missing_proof,2027-01-18,248,117,16,,1,0,0,Manual Review,AX-00797
Appliance,Motor fault,2025-08-20,2026-09-23,2026-09-14,,24,None,1,SNLCNPTT4M,SNLCNPTT4M,INV817212729,INV817212729,PRIOR-INV817212729,0,,0,duplicate,2027-08-20,399,331,9,,1,1,0,Manual Review,AX-00798
Appliance,Motor fault,2026-02-21,2026-09-23,2026-09-08,2026-08-08,12,None,1,SNC4FGZ65A,SNC4FGZ65A,INV157753034,,,1,0.0,0,unauthorized_repair,2027-02-21,214,151,15,168.0,1,0,0,Invalid Claim,AX-00799
Appliance,Motor fault,2025-02-20,2026-09-23,2026-09-09,,36,None,1,SNWRCMLX5L,SNWRCMLX5L,INV629854339,,,0,,0,covered_fault,2028-02-20,580,515,14,,1,0,0,Valid Claim,AX-00800
Appliance,Power fault,2025-08-22,2026-09-23,2026-09-20,2026-08-25,24,None,1,SNFNS88M8Y,SNFNS88M8Y,INV856072651,INV856072651,PRIOR-INV856072651,1,1.0,0,duplicate,2027-08-22,397,333,3,368.0,1,1,0,Manual Review,AX-00801
Laptop,Battery fault,2026-03-21,2026-09-23,2026-10-04,2026-07-08,12,None,1,SN4A5F2T6S,SN4A5F2T6S,INV632946058,,,1,1.0,0,fault_after_claim,2027-03-21,186,179,-11,109.0,1,0,1,Manual Review,AX-00802
Laptop,Power fault,2026-03-16,2026-09-23,2026-09-10,2026-03-02,12,None,1,SN4S24LYE6,SN4S24LYE6,INV366681979,,,1,1.0,0,repair_before_purchase,2027-03-16,191,174,13,-14.0,1,0,1,Manual Review,AX-00803
Laptop,Battery fault,2025-05-24,2026-09-23,2026-09-29,,24,None,1,SN3SPVBAWH,SN3SPVBAWH,INV042209238,,,0,,0,fault_after_claim,2027-05-24,487,243,-6,,1,0,1,Manual Review,AX-00804
Phone,Display fault,2024-11-12,2026-09-23,2026-09-22,,24,None,1,SN7XJY6US8,SN7XJY6US8,INV448775098,,,0,,0,covered_fault,2026-11-12,680,50,1,,1,0,0,Valid Claim,AX-00805
Laptop,Battery fault,2026-07-18,2026-09-23,2026-09-15,2026-07-22,12,None,1,SNQRDKEWCT,SNQRDKEWCT,INV295048587,,,1,1.0,0,authorized_repair,2027-07-18,67,298,8,4.0,1,0,0,Valid Claim,AX-00806
Phone,Battery fault,2024-03-14,2026-09-23,2026-09-09,,12,None,1,SN5J3S2DA8,SN5J3S2DA8,INV945029745,,,0,,0,expired,2025-03-14,923,-558,14,,1,0,0,Invalid Claim,AX-00807
Laptop,Battery fault,2026-01-14,2026-09-23,2026-09-13,,24,None,1,SN36CCYBGQ,SN36CCYBGQ,INV368829633,INV368829633,PRIOR-INV368829633,0,,0,duplicate,2028-01-14,252,478,10,,1,1,0,Manual Review,AX-00808
Appliance,Power fault,2026-06-19,2026-09-23,2026-09-16,2026-07-17,36,None,0,SNFYTEZMYN,SNFYTEZMYN,,,,1,1.0,2,missing_proof,2029-06-19,96,1000,7,28.0,1,0,0,Manual Review,AX-00809
Appliance,Motor fault,2026-02-19,2026-09-23,2026-09-22,2026-02-18,12,None,1,SN8W3F35GV,SN8W3F35GV,INV088180021,,,1,1.0,0,repair_before_purchase,2027-02-19,216,149,1,-1.0,1,0,1,Manual Review,AX-00810
Appliance,Motor fault,2024-02-13,2026-09-23,2026-09-11,2025-12-21,36,Impact,1,SNQT646LYM,SNQT646LYM,INV597801457,,,1,1.0,0,excluded_damage,2027-02-13,953,143,12,677.0,1,0,0,Invalid Claim,AX-00811
Phone,Power fault,2024-07-12,2026-09-23,2026-09-13,,12,None,1,SN9GE2PW27,SN9GE2PW27,INV442947603,,,0,,0,expired,2025-07-12,803,-438,10,,1,0,0,Invalid Claim,AX-00812
Laptop,Power fault,2024-11-19,2026-09-23,2026-09-17,2026-07-17,24,None,0,SNAEH42JHP,SNAEH42JHP,,,,1,1.0,2,missing_proof,2026-11-19,673,57,6,605.0,1,0,0,Manual Review,AX-00813
Appliance,Power fault,2022-04-21,2026-09-23,2026-09-18,,36,None,1,SNF85S9ASJ,SNF85S9ASJ,INV771502615,,,0,,0,expired,2025-04-21,1616,-520,5,,1,0,0,Invalid Claim,AX-00814
Laptop,Power fault,2026-04-14,2026-09-23,2026-09-14,2026-06-07,12,None,1,SNEKTSF8EX,SNEKTSF8EX,INV768580065,,,1,1.0,0,covered_fault,2027-04-14,162,203,9,54.0,1,0,0,Valid Claim,AX-00815
Appliance,Motor fault,2026-05-21,2026-09-23,2026-09-14,2026-06-25,24,None,1,SNXA2W4RR5,SNXA2W4RR5,INV854831223,,,1,0.0,0,unauthorized_repair,2028-05-21,125,606,9,35.0,1,0,0,Invalid Claim,AX-00816
Laptop,Power fault,2026-01-22,2026-09-23,2026-09-13,2026-06-27,24,None,1,SNL77SAJWW,SNL77SAJWW,INV397205074,,,1,1.0,0,authorized_repair,2028-01-22,244,486,10,156.0,1,0,0,Valid Claim,AX-00817
Appliance,Mechanical fault,2025-12-22,2026-09-23,2026-09-22,2026-02-24,36,None,1,SNE6SHDASN,SNE6SHDASN,INV924128264,,,1,1.0,0,covered_fault,2028-12-22,275,821,1,64.0,1,0,0,Valid Claim,AX-00818
Phone,Power fault,2025-12-22,2026-09-23,2026-09-09,,12,None,0,SN49JA7JK8,SN49JA7JK8,,,,0,,2,missing_proof,2026-12-22,275,90,14,,1,0,0,Manual Review,AX-00819
Appliance,Mechanical fault,2025-11-13,2026-09-23,2026-09-19,2026-07-18,36,None,1,SN6WKQUZCK,SN6WKQUZCK,INV711595982,,,1,1.0,0,authorized_repair,2028-11-13,314,782,4,247.0,1,0,0,Valid Claim,AX-00820
Appliance,Motor fault,2025-06-15,2026-09-23,2026-09-20,2026-05-06,12,None,1,SNHTLTJLEF,SNHTLTJLEF,INV482826560,,,1,1.0,0,expired,2026-06-15,465,-100,3,325.0,1,0,0,Invalid Claim,AX-00821
Laptop,Power fault,2024-10-18,2026-09-23,2026-09-11,,12,None,1,SNXCFKD9CB,SNXCFKD9CB,INV097884228,,,0,,0,expired,2025-10-18,705,-340,12,,1,0,0,Invalid Claim,AX-00822
Phone,Display fault,2024-11-14,2026-09-23,2026-09-15,2025-04-14,24,Liquid,1,SNT7EXWL5C,SNT7EXWL5C,INV158563722,,,1,1.0,0,excluded_damage,2026-11-14,678,52,8,151.0,1,0,0,Invalid Claim,AX-00823
Laptop,Power fault,2025-12-23,2026-09-23,2026-09-22,2026-08-13,24,None,1,SN7WW79GYF,SN7WW79GYF,INV442039174,,,1,1.0,0,authorized_repair,2027-12-23,274,456,1,233.0,1,0,0,Valid Claim,AX-00824
Appliance,Power fault,2026-06-21,2026-09-23,2026-09-13,2026-07-13,12,None,1,SN9ZPDW5QY,SN9ZPDW5QY,INV907231557,,,1,1.0,0,authorized_repair,2027-06-21,94,271,10,22.0,1,0,0,Valid Claim,AX-00825
Laptop,Battery fault,2025-06-15,2026-09-23,2026-09-16,,36,None,1,SN8DHT8C62,SN8DHT8C6X,INV799023279,,,0,,0,serial_mismatch,2028-06-15,465,631,7,,0,0,0,Manual Review,AX-00826
Phone,Battery fault,2026-04-23,2026-09-23,2026-10-10,2026-05-07,12,None,1,SNV9MM4Z2D,SNV9MM4Z2D,INV562950828,,,1,1.0,0,fault_after_claim,2027-04-23,153,212,-17,14.0,1,0,1,Manual Review,AX-00827
Laptop,Power fault,2025-05-17,2026-09-23,2026-09-21,,36,Liquid,1,SNGRKHAFQ4,SNGRKHAFQ4,INV853410537,,,0,,0,excluded_damage,2028-05-17,494,602,2,,1,0,0,Invalid Claim,AX-00828
Laptop,Power fault,2024-08-15,2026-09-23,2026-09-14,2025-03-09,12,None,1,SNRGNDGAPM,SNRGNDGAPM,INV864754253,,,1,1.0,0,expired,2025-08-15,769,-404,9,206.0,1,0,0,Invalid Claim,AX-00829
Phone,Display fault,2026-06-24,2026-09-23,2026-09-15,,36,None,1,SN7KRZAXMK,SN7KRZAXMK,INV992023999,,,0,,0,covered_fault,2029-06-24,91,1005,8,,1,0,0,Valid Claim,AX-00830
Laptop,Display fault,2023-09-12,2026-09-23,2026-09-11,,24,None,1,SN4LKU2A8B,SN4LKU2A8B,INV461428262,,,0,,0,expired,2025-09-12,1107,-376,12,,1,0,0,Invalid Claim,AX-00831
Appliance,Mechanical fault,2023-05-14,2026-09-23,2026-09-22,2026-05-27,36,None,1,SNW9CX49CK,SNW9CX49CK,INV809592902,,,1,1.0,0,expired,2026-05-14,1228,-132,1,1109.0,1,0,0,Invalid Claim,AX-00832
Laptop,Display fault,2026-05-15,2026-09-23,2026-09-19,2026-05-11,12,None,1,SNE85VLBKC,SNE85VLBKC,INV671416366,,,1,1.0,0,repair_before_purchase,2027-05-15,131,234,4,-4.0,1,0,1,Manual Review,AX-00833
Appliance,Mechanical fault,2026-01-12,2026-09-23,2026-09-11,,12,None,0,SNDAPBBQGT,SNDAPBBQGT,,,,0,,2,missing_proof,2027-01-12,254,111,12,,1,0,0,Manual Review,AX-00834
Appliance,Power fault,2025-11-21,2026-09-23,2026-09-14,2025-10-11,36,None,1,SNEZNE47EC,SNEZNE47EC,INV836178531,,,1,1.0,0,repair_before_purchase,2028-11-21,306,790,9,-41.0,1,0,1,Manual Review,AX-00835
Laptop,Battery fault,2025-11-18,2026-09-23,2026-09-15,2026-07-27,12,None,1,SNA4AC2QUV,SNA4AC2QUV,INV086029818,INV086029818,PRIOR-INV086029818,1,1.0,0,duplicate,2026-11-18,309,56,8,251.0,1,1,0,Manual Review,AX-00836
Phone,Display fault,2025-05-20,2026-09-23,2026-09-25,2025-10-13,24,None,1,SNJ9365ZH5,SNJ9365ZH5,INV991762310,,,1,1.0,0,fault_after_claim,2027-05-20,491,239,-2,146.0,1,0,1,Manual Review,AX-00837
Phone,Display fault,2026-05-22,2026-09-23,2026-09-18,2026-04-17,12,None,1,SNLZLRUMZQ,SNLZLRUMZQ,INV144229306,,,1,1.0,0,repair_before_purchase,2027-05-22,124,241,5,-35.0,1,0,1,Manual Review,AX-00838
Appliance,Motor fault,2024-06-19,2026-09-23,2026-09-09,,24,None,1,SNCLZED8A6,SNCLZED8A6,INV084119823,,,0,,0,expired,2026-06-19,826,-96,14,,1,0,0,Invalid Claim,AX-00839
Phone,Battery fault,2023-11-20,2026-09-23,2026-09-24,,36,None,1,SNSJ525HQ9,SNSJ525HQ9,INV818663983,,,0,,0,fault_after_claim,2026-11-20,1038,58,-1,,1,0,1,Manual Review,AX-00840
Laptop,Display fault,2023-07-13,2026-09-23,2026-09-21,,24,None,1,SNTBRPHVVQ,SNTBRPHVVQ,INV397798510,,,0,,0,expired,2025-07-13,1168,-437,2,,1,0,0,Invalid Claim,AX-00841
Laptop,Power fault,2024-12-12,2026-09-23,2026-09-11,,24,None,1,SNUU5WRYDS,SNUU5WRYDS,INV581038112,,,0,,0,covered_fault,2026-12-12,650,80,12,,1,0,0,Valid Claim,AX-00842
Appliance,Mechanical fault,2026-07-21,2026-09-23,2026-09-21,,12,None,1,SNNHG5BSK4,SNNHG5BSK4,INV735633162,,,0,,0,covered_fault,2027-07-21,64,301,2,,1,0,0,Valid Claim,AX-00843
Phone,Power fault,2025-09-21,2026-09-23,2026-09-22,2026-09-03,36,None,1,SNDTTMHBTG,SNDTTMHBTG,INV786576282,INV786576282,PRIOR-INV786576282,1,1.0,0,duplicate,2028-09-21,367,729,1,347.0,1,1,0,Manual Review,AX-00844
Appliance,Motor fault,2025-07-12,2026-09-23,2026-10-02,2025-12-09,24,None,1,SNAGWX533P,SNAGWX533P,INV001718887,,,1,1.0,0,fault_after_claim,2027-07-12,438,292,-9,150.0,1,0,1,Manual Review,AX-00845
Appliance,Power fault,2023-05-19,2026-09-23,2026-09-12,,24,None,1,SNS9DRKCZR,SNS9DRKCZR,INV310576107,,,0,,0,expired,2025-05-19,1223,-492,11,,1,0,0,Invalid Claim,AX-00846
Phone,Power fault,2025-11-13,2026-09-23,2026-10-04,2026-05-17,24,None,1,SN7VGUKP68,SN7VGUKP68,INV732056665,,,1,1.0,0,fault_after_claim,2027-11-13,314,416,-11,185.0,1,0,1,Manual Review,AX-00847
Phone,Power fault,2026-01-17,2026-09-23,2026-09-10,,12,None,1,SNL9UE432U,SNL9UE432U,INV311465490,,,0,,0,covered_fault,2027-01-17,249,116,13,,1,0,0,Valid Claim,AX-00848
Laptop,Power fault,2026-07-18,2026-09-23,2026-09-17,,12,None,1,SNKFG8H3GU,SNKFG8H3GX,INV220470895,,,0,,0,serial_mismatch,2027-07-18,67,298,6,,0,0,0,Manual Review,AX-00849
Appliance,Power fault,2025-01-13,2026-09-23,2026-09-20,2025-05-25,24,None,1,SNUSGQGZ35,SNUSGQGZ35,INV382674075,,,1,0.0,0,unauthorized_repair,2027-01-13,618,112,3,132.0,1,0,0,Invalid Claim,AX-00850
Phone,Power fault,2026-07-22,2026-09-23,2026-09-10,,12,Liquid,1,SNQWB72BL3,SNQWB72BL3,INV387034503,,,0,,0,excluded_damage,2027-07-22,63,302,13,,1,0,0,Invalid Claim,AX-00851
Phone,Battery fault,2025-04-20,2026-09-23,2026-09-09,,36,Impact,1,SNK5BK8EJN,SNK5BK8EJN,INV134050320,,,0,,0,excluded_damage,2028-04-20,521,575,14,,1,0,0,Invalid Claim,AX-00852
Laptop,Battery fault,2025-03-17,2026-09-23,2026-09-08,2026-04-26,24,None,1,SN6NKWEF3L,SN6NKWEF3L,INV658012322,,,1,1.0,0,covered_fault,2027-03-17,555,175,15,405.0,1,0,0,Valid Claim,AX-00853
Phone,Power fault,2025-06-16,2026-09-23,2026-09-10,2025-11-05,36,None,1,SNXKLWB7SJ,SNXKLWB7SJ,INV618821631,,,1,1.0,0,authorized_repair,2028-06-16,464,632,13,142.0,1,0,0,Valid Claim,AX-00854
Appliance,Motor fault,2024-07-18,2026-09-23,2026-09-12,2024-08-23,36,None,1,SN237EXUDA,SN237EXUDA,INV838226127,,,1,1.0,0,covered_fault,2027-07-18,797,298,11,36.0,1,0,0,Valid Claim,AX-00855
Phone,Display fault,2025-11-15,2026-09-23,2026-09-16,2025-12-24,24,None,1,SNRJ77CXLS,SNRJ77CXLS,INV188103187,,,1,0.0,0,unauthorized_repair,2027-11-15,312,418,7,39.0,1,0,0,Invalid Claim,AX-00856
Appliance,Mechanical fault,2024-11-17,2026-09-23,2026-09-09,2025-09-28,24,None,1,SN83LYVFE8,SN83LYVFE8,INV998431880,,,1,0.0,0,unauthorized_repair,2026-11-17,675,55,14,315.0,1,0,0,Invalid Claim,AX-00857
Phone,Display fault,2022-03-15,2026-09-23,2026-09-10,2026-02-14,36,None,1,SN2WKE2KWN,SN2WKE2KWN,INV344343472,,,1,1.0,0,expired,2025-03-15,1653,-557,13,1432.0,1,0,0,Invalid Claim,AX-00858
Phone,Power fault,2024-11-13,2026-09-23,2026-09-15,2026-07-08,36,None,1,SNWWQYWDBB,SNWWQYWDBB,INV912533965,,,1,1.0,0,authorized_repair,2027-11-13,679,416,8,602.0,1,0,0,Valid Claim,AX-00859
Appliance,Motor fault,2026-01-16,2026-09-23,2026-09-12,2026-01-24,12,None,1,SNWQFK6XW5,SNWQFK6XW5,INV133950521,,,1,1.0,0,covered_fault,2027-01-16,250,115,11,8.0,1,0,0,Valid Claim,AX-00860
Phone,Display fault,2025-11-12,2026-09-23,2026-09-10,2026-08-30,12,None,1,SNYFEGTHQS,SNYFEGTHQS,INV271165091,,,1,0.0,0,unauthorized_repair,2026-11-12,315,50,13,291.0,1,0,0,Invalid Claim,AX-00861
Laptop,Battery fault,2026-03-21,2026-09-23,2026-09-13,2026-03-24,36,None,1,SNDG3REWTE,SNDG3REWTE,INV556831791,,,1,0.0,0,unauthorized_repair,2029-03-21,186,910,10,3.0,1,0,0,Invalid Claim,AX-00862
Laptop,Display fault,2026-05-18,2026-09-23,2026-09-21,,12,Liquid,1,SNRF4ADTPR,SNRF4ADTPR,INV575175199,,,0,,0,excluded_damage,2027-05-18,128,237,2,,1,0,0,Invalid Claim,AX-00863
Laptop,Display fault,2026-03-21,2026-09-23,2026-09-10,2026-04-30,12,None,1,SNCDWVB864,SNCDWVB864,INV140963475,,,1,1.0,0,authorized_repair,2027-03-21,186,179,13,40.0,1,0,0,Valid Claim,AX-00864
Phone,Power fault,2024-05-14,2026-09-23,2026-09-13,,12,None,1,SNL77C7GP5,SNL77C7GP5,INV338105906,,,0,,0,expired,2025-05-14,862,-497,10,,1,0,0,Invalid Claim,AX-00865
Laptop,Battery fault,2024-11-21,2026-09-23,2026-09-07,,24,None,0,SNPLJP3CMW,SNPLJP3CMW,,,,0,,1,missing_proof,2026-11-21,671,59,16,,1,0,0,Manual Review,AX-00866
Laptop,Battery fault,2024-09-13,2026-09-23,2026-09-12,,36,None,1,SNSNML4C7F,SNSNML4C7F,INV861199554,INV861199554,PRIOR-INV861199554,0,,0,duplicate,2027-09-13,740,355,11,,1,1,0,Manual Review,AX-00867
Appliance,Mechanical fault,2026-04-15,2026-09-23,2026-09-18,2026-04-21,12,None,1,SNMUVJMVZ6,SNMUVJMVZ6,INV111997251,,,1,0.0,0,unauthorized_repair,2027-04-15,161,204,5,6.0,1,0,0,Invalid Claim,AX-00868
Appliance,Power fault,2026-07-23,2026-09-23,2026-09-21,2026-08-10,12,None,0,SN87QS8JQ2,SN87QS8JQ2,,,,1,1.0,1,missing_proof,2027-07-23,62,303,2,18.0,1,0,0,Manual Review,AX-00869
Appliance,Mechanical fault,2024-09-20,2026-09-23,2026-09-17,2024-08-06,36,None,1,SNF5PGDTN6,SNF5PGDTN6,INV096012137,,,1,1.0,0,repair_before_purchase,2027-09-20,733,362,6,-45.0,1,0,1,Manual Review,AX-00870
Laptop,Power fault,2026-03-15,2026-09-23,2026-10-01,,12,None,1,SNP57LYZP2,SNP57LYZP2,INV892917966,,,0,,0,fault_after_claim,2027-03-15,192,173,-8,,1,0,1,Manual Review,AX-00871
Phone,Battery fault,2026-02-13,2026-09-23,2026-10-12,2026-08-12,12,None,1,SNSPYABEAW,SNSPYABEAW,INV489157215,,,1,1.0,0,fault_after_claim,2027-02-13,222,143,-19,180.0,1,0,1,Manual Review,AX-00872
Phone,Display fault,2025-05-15,2026-09-23,2026-09-18,,36,Impact,1,SNBZZM224P,SNBZZM224P,INV681310184,,,0,,0,excluded_damage,2028-05-15,496,600,5,,1,0,0,Invalid Claim,AX-00873
Appliance,Mechanical fault,2026-07-13,2026-09-23,2026-09-26,,12,None,1,SNR6MBQD8R,SNR6MBQD8R,INV222957541,,,0,,0,fault_after_claim,2027-07-13,72,293,-3,,1,0,1,Manual Review,AX-00874
Appliance,Motor fault,2025-12-12,2026-09-23,2026-09-16,,24,None,1,SNSX9LAACP,SNSX9LAACP,INV563720605,,,0,,0,covered_fault,2027-12-12,285,445,7,,1,0,0,Valid Claim,AX-00875
Laptop,Battery fault,2025-11-18,2026-09-23,2026-09-20,2026-03-13,12,Liquid,1,SN8E59HTE9,SN8E59HTE9,INV754386776,,,1,1.0,0,excluded_damage,2026-11-18,309,56,3,115.0,1,0,0,Invalid Claim,AX-00876
Laptop,Display fault,2026-04-24,2026-09-23,2026-09-08,2026-09-03,24,None,1,SNN6FPN2LW,SNN6FPN2LW,INV243560823,INV243560823,PRIOR-INV243560823,1,1.0,0,duplicate,2028-04-24,152,579,15,132.0,1,1,0,Manual Review,AX-00877
Laptop,Display fault,2024-07-13,2026-09-23,2026-09-20,,24,None,1,SND6H5GP9C,SND6H5GP9C,INV694172029,,,0,,0,expired,2026-07-13,802,-72,3,,1,0,0,Invalid Claim,AX-00878
Laptop,Display fault,2025-02-17,2026-09-23,2026-09-20,2025-02-27,24,None,1,SN3LHFCSPT,SN3LHFCSPT,INV022332759,,,1,1.0,0,authorized_repair,2027-02-17,583,147,3,10.0,1,0,0,Valid Claim,AX-00879
Phone,Battery fault,2025-03-20,2026-09-23,2026-10-11,2025-04-15,36,None,1,SNXJ83ZPYT,SNXJ83ZPYT,INV588072026,,,1,1.0,0,fault_after_claim,2028-03-20,552,544,-18,26.0,1,0,1,Manual Review,AX-00880
Appliance,Motor fault,2025-04-20,2026-09-23,2026-09-08,2025-05-12,24,None,1,SNWEDUB5N5,SNWEDUB5N5,INV913893652,,,1,1.0,0,covered_fault,2027-04-20,521,209,15,22.0,1,0,0,Valid Claim,AX-00881
Laptop,Display fault,2026-03-15,2026-09-23,2026-09-08,2026-08-28,12,None,1,SNSF9NRLNY,SNSF9NRLNY,INV388686572,INV388686572,PRIOR-INV388686572,1,1.0,0,duplicate,2027-03-15,192,173,15,166.0,1,1,0,Manual Review,AX-00882
Laptop,Battery fault,2026-02-13,2026-09-23,2026-10-10,2026-04-08,12,None,1,SN3PDDR9RK,SN3PDDR9RK,INV427445713,,,1,1.0,0,fault_after_claim,2027-02-13,222,143,-17,54.0,1,0,1,Manual Review,AX-00883
Phone,Battery fault,2024-07-18,2026-09-23,2026-09-20,2024-12-12,36,None,1,SNSGP4JK8X,SNSGP4JK8X,INV334870673,,,1,1.0,0,authorized_repair,2027-07-18,797,298,3,147.0,1,0,0,Valid Claim,AX-00884
Laptop,Battery fault,2026-04-17,2026-09-23,2026-09-11,,12,None,1,SN92BMQF7Y,SN92BMQF7Y,INV298661203,,,0,,0,covered_fault,2027-04-17,159,206,12,,1,0,0,Valid Claim,AX-00885
Laptop,Power fault,2026-05-22,2026-09-23,2026-09-12,2026-07-06,24,None,1,SNWQXM62WF,SNWQXM62WF,INV949011137,,,1,1.0,0,authorized_repair,2028-05-22,124,607,11,45.0,1,0,0,Valid Claim,AX-00886
Phone,Display fault,2025-05-15,2026-09-23,2026-09-14,2025-09-20,36,None,1,SNGAA45G8N,SNGAA45G8N,INV396145298,,,1,0.0,0,unauthorized_repair,2028-05-15,496,600,9,128.0,1,0,0,Invalid Claim,AX-00887
Laptop,Battery fault,2025-11-21,2026-09-23,2026-09-10,2026-01-13,24,Liquid,1,SNQNE4VFH8,SNQNE4VFH8,INV678782959,,,1,1.0,0,excluded_damage,2027-11-21,306,424,13,53.0,1,0,0,Invalid Claim,AX-00888
Appliance,Motor fault,2026-04-20,2026-09-23,2026-09-20,,36,None,1,SNND2GK835,SNND2GK83X,INV081476244,,,0,,0,serial_mismatch,2029-04-20,156,940,3,,0,0,0,Manual Review,AX-00889
Laptop,Battery fault,2025-12-13,2026-09-23,2026-09-19,,12,None,1,SNNSXDNY9Z,SNNSXDNY9Z,INV813128424,,,0,,0,covered_fault,2026-12-13,284,81,4,,1,0,0,Valid Claim,AX-00890
Appliance,Power fault,2025-08-23,2026-09-23,2026-09-15,,24,None,1,SN5L2VYMQD,SN5L2VYMQD,INV603675318,,,0,,0,covered_fault,2027-08-23,396,334,8,,1,0,0,Valid Claim,AX-00891
Laptop,Power fault,2025-12-13,2026-09-23,2026-09-16,2025-11-25,36,None,1,SNBE6NW8R4,SNBE6NW8R4,INV358705940,,,1,1.0,0,repair_before_purchase,2028-12-13,284,812,7,-18.0,1,0,1,Manual Review,AX-00892
Laptop,Battery fault,2025-04-13,2026-09-23,2026-09-19,,24,None,1,SNBA6EZ5EP,SNBA6EZ5EP,INV806005916,,,0,,0,covered_fault,2027-04-13,528,202,4,,1,0,0,Valid Claim,AX-00893
Appliance,Power fault,2026-04-17,2026-09-23,2026-09-19,,12,None,1,SNJHDKNVH5,SNJHDKNVH5,INV135374543,,,0,,0,covered_fault,2027-04-17,159,206,4,,1,0,0,Valid Claim,AX-00894
Laptop,Battery fault,2024-02-14,2026-09-23,2026-09-10,,36,None,1,SNTA6L5ENZ,SNTA6L5ENZ,INV622624243,INV622624243,PRIOR-INV622624243,0,,0,duplicate,2027-02-14,952,144,13,,1,1,0,Manual Review,AX-00895
Laptop,Power fault,2024-05-19,2026-09-23,2026-09-09,,36,None,1,SN2WGRSGBZ,SN2WGRSGBZ,INV067993369,INV067993369,PRIOR-INV067993369,0,,0,duplicate,2027-05-19,857,238,14,,1,1,0,Manual Review,AX-00896
Laptop,Battery fault,2024-11-14,2026-09-23,2026-09-11,2025-01-21,24,None,1,SNND3PFHGM,SNND3PFHGM,INV130672532,,,1,1.0,0,authorized_repair,2026-11-14,678,52,12,68.0,1,0,0,Valid Claim,AX-00897
Laptop,Display fault,2025-06-22,2026-09-23,2026-09-15,,24,None,1,SNZ57WWBSL,SNZ57WWBSL,INV536169975,,,0,,0,covered_fault,2027-06-22,458,272,8,,1,0,0,Valid Claim,AX-00898
Appliance,Mechanical fault,2025-11-18,2026-09-23,2026-09-17,2026-09-03,12,None,1,SNK5NELUN7,SNK5NELUNX,INV426452350,,,1,1.0,0,serial_mismatch,2026-11-18,309,56,6,289.0,0,0,0,Manual Review,AX-00899
Appliance,Power fault,2024-06-11,2026-09-23,2026-09-12,2024-09-07,36,None,1,SN8PAJSSUU,SN8PAJSSUU,INV437553014,,,1,1.0,0,authorized_repair,2027-06-11,834,261,11,88.0,1,0,0,Valid Claim,AX-00900
Appliance,Motor fault,2025-12-11,2026-09-23,2026-09-19,,12,Liquid,1,SN234GBADN,SN234GBADN,INV388585597,,,0,,0,excluded_damage,2026-12-11,286,79,4,,1,0,0,Invalid Claim,AX-00901
Phone,Power fault,2022-10-11,2026-09-23,2026-09-19,,36,None,1,SNE3FCATNS,SNE3FCATNS,INV985315308,,,0,,0,expired,2025-10-11,1443,-347,4,,1,0,0,Invalid Claim,AX-00902
Laptop,Battery fault,2024-03-14,2026-09-23,2026-09-19,,36,None,1,SNJFD8TDTT,SNJFD8TDTT,INV298513850,,,0,,0,covered_fault,2027-03-14,923,172,4,,1,0,0,Valid Claim,AX-00903
Appliance,Motor fault,2025-07-22,2026-09-23,2026-09-11,,24,None,1,SNVSTYFW88,SNVSTYFW8X,INV972947482,,,0,,0,serial_mismatch,2027-07-22,428,302,12,,0,0,0,Manual Review,AX-00904
Appliance,Motor fault,2025-11-13,2026-09-23,2026-09-17,2026-02-18,12,Impact,1,SNZX3RL4M7,SNZX3RL4M7,INV582347164,,,1,1.0,0,excluded_damage,2026-11-13,314,51,6,97.0,1,0,0,Invalid Claim,AX-00905
Phone,Battery fault,2024-11-17,2026-09-23,2026-09-08,2025-11-21,24,None,1,SNYAKGMHH7,SNYAKGMHH7,INV368612798,,,1,1.0,0,authorized_repair,2026-11-17,675,55,15,369.0,1,0,0,Valid Claim,AX-00906
Phone,Power fault,2025-11-20,2026-09-23,2026-09-20,2025-10-29,12,None,1,SNTHXUMRGH,SNTHXUMRGH,INV482969820,,,1,1.0,0,repair_before_purchase,2026-11-20,307,58,3,-22.0,1,0,1,Manual Review,AX-00907
Appliance,Mechanical fault,2026-05-16,2026-09-23,2026-09-16,,12,None,1,SNWUHQ7Q7X,SNWUHQ7Q7X,INV860320578,INV860320578,PRIOR-INV860320578,0,,0,duplicate,2027-05-16,130,235,7,,1,1,0,Manual Review,AX-00908
Phone,Display fault,2025-07-17,2026-09-23,2026-09-22,2026-08-09,24,None,1,SN5NBGFPBK,SN5NBGFPBK,INV530689985,,,1,1.0,0,authorized_repair,2027-07-17,433,297,1,388.0,1,0,0,Valid Claim,AX-00909
Laptop,Display fault,2025-04-20,2026-09-23,2026-09-10,2025-04-28,24,Liquid,1,SNELCACJ9C,SNELCACJ9C,INV988276909,,,1,1.0,0,excluded_damage,2027-04-20,521,209,13,8.0,1,0,0,Invalid Claim,AX-00910
Appliance,Mechanical fault,2025-02-20,2026-09-23,2026-09-21,,36,Liquid,1,SN39MS9ESV,SN39MS9ESV,INV848125442,,,0,,0,excluded_damage,2028-02-20,580,515,2,,1,0,0,Invalid Claim,AX-00911
Appliance,Power fault,2026-05-21,2026-09-23,2026-09-18,2026-05-25,24,None,1,SNRUQFLEBY,SNRUQFLEBY,INV618125819,,,1,1.0,0,authorized_repair,2028-05-21,125,606,5,4.0,1,0,0,Valid Claim,AX-00912
Appliance,Motor fault,2024-12-18,2026-09-23,2026-09-19,2025-01-28,24,None,1,SNMFKRHF8J,SNMFKRHF8J,INV612205515,,,1,1.0,0,authorized_repair,2026-12-18,644,86,4,41.0,1,0,0,Valid Claim,AX-00913
Phone,Battery fault,2026-02-13,2026-09-23,2026-10-03,2026-02-14,24,None,1,SNFPQ4SUYQ,SNFPQ4SUYQ,INV399319685,,,1,1.0,0,fault_after_claim,2028-02-13,222,508,-10,1.0,1,0,1,Manual Review,AX-00914
Laptop,Power fault,2026-02-17,2026-09-23,2026-10-07,2026-09-21,12,None,1,SNPEQLEQEB,SNPEQLEQEB,INV264043083,,,1,1.0,0,fault_after_claim,2027-02-17,218,147,-14,216.0,1,0,1,Manual Review,AX-00915
Phone,Battery fault,2026-02-17,2026-09-23,2026-09-16,2026-01-08,24,None,1,SNXPJTSXH2,SNXPJTSXH2,INV352437500,,,1,1.0,0,repair_before_purchase,2028-02-17,218,512,7,-40.0,1,0,1,Manual Review,AX-00916
Laptop,Battery fault,2026-07-21,2026-09-23,2026-09-11,,12,Liquid,1,SNBNBVFSKW,SNBNBVFSKW,INV086720826,,,0,,0,excluded_damage,2027-07-21,64,301,12,,1,0,0,Invalid Claim,AX-00917
Laptop,Battery fault,2024-12-12,2026-09-23,2026-09-10,2026-07-03,36,None,1,SNAU6HK32X,SNAU6HK32X,INV567514510,,,1,0.0,0,unauthorized_repair,2027-12-12,650,445,13,568.0,1,0,0,Invalid Claim,AX-00918
Appliance,Mechanical fault,2026-04-16,2026-09-23,2026-09-14,,12,None,1,SNXLPDP8L2,SNXLPDP8L2,INV562170283,INV562170283,PRIOR-INV562170283,0,,0,duplicate,2027-04-16,160,205,9,,1,1,0,Manual Review,AX-00919
Laptop,Display fault,2025-05-20,2026-09-23,2026-09-10,,24,None,1,SNUA984TVK,SNUA984TVK,INV643232696,,,0,,0,covered_fault,2027-05-20,491,239,13,,1,0,0,Valid Claim,AX-00920
Phone,Power fault,2024-11-11,2026-09-23,2026-09-16,2024-09-29,36,None,1,SNA99BWMAY,SNA99BWMAY,INV346071868,,,1,1.0,0,repair_before_purchase,2027-11-11,681,414,7,-43.0,1,0,1,Manual Review,AX-00921
Appliance,Mechanical fault,2026-07-14,2026-09-23,2026-09-22,2026-07-21,12,None,1,SN7K4N67BW,SN7K4N67BW,INV008727453,,,1,1.0,0,covered_fault,2027-07-14,71,294,1,7.0,1,0,0,Valid Claim,AX-00922
Laptop,Display fault,2026-03-13,2026-09-23,2026-09-15,2026-05-31,12,None,1,SNQUR2G62H,SNQUR2G62H,INV042388906,,,1,1.0,0,covered_fault,2027-03-13,194,171,8,79.0,1,0,0,Valid Claim,AX-00923
Phone,Display fault,2026-07-20,2026-09-23,2026-09-16,,12,None,1,SN7PVCBPKW,SN7PVCBPKW,INV234563223,,,0,,0,covered_fault,2027-07-20,65,300,7,,1,0,0,Valid Claim,AX-00924
Laptop,Power fault,2023-02-16,2026-09-23,2026-09-08,,36,None,1,SNDPK2ACES,SNDPK2ACES,INV197168728,,,0,,0,expired,2026-02-16,1315,-219,15,,1,0,0,Invalid Claim,AX-00925
Appliance,Mechanical fault,2025-01-15,2026-09-23,2026-09-11,2025-02-08,36,None,1,SN3838C6QC,SN3838C6QC,INV829126485,,,1,1.0,0,authorized_repair,2028-01-15,616,479,12,24.0,1,0,0,Valid Claim,AX-00926
Phone,Power fault,2025-11-17,2026-09-23,2026-09-17,,12,None,1,SNKBMJLUUP,SNKBMJLUUP,INV132145016,INV132145016,PRIOR-INV132145016,0,,0,duplicate,2026-11-17,310,55,6,,1,1,0,Manual Review,AX-00927
Phone,Battery fault,2026-05-21,2026-09-23,2026-09-21,2026-06-15,12,None,1,SNQYSA7XVC,SNQYSA7XVC,INV405635383,,,1,1.0,0,authorized_repair,2027-05-21,125,240,2,25.0,1,0,0,Valid Claim,AX-00928
Laptop,Battery fault,2026-04-12,2026-09-23,2026-09-13,,12,None,0,SNHHXAUKLV,SNHHXAUKLV,,,,0,,2,missing_proof,2027-04-12,164,201,10,,1,0,0,Manual Review,AX-00929
Phone,Power fault,2026-03-18,2026-09-23,2026-09-10,,36,None,1,SNVQJT8XD6,SNVQJT8XD6,INV773210779,,,0,,0,covered_fault,2029-03-18,189,907,13,,1,0,0,Valid Claim,AX-00930
Appliance,Power fault,2024-06-18,2026-09-23,2026-09-19,,36,None,1,SN4EC4XQ8V,SN4EC4XQ8V,INV096937795,,,0,,0,covered_fault,2027-06-18,827,268,4,,1,0,0,Valid Claim,AX-00931
Laptop,Battery fault,2026-04-17,2026-09-23,2026-09-09,2026-08-23,24,Liquid,1,SN2ZSA7GA3,SN2ZSA7GA3,INV534585063,,,1,1.0,0,excluded_damage,2028-04-17,159,572,14,128.0,1,0,0,Invalid Claim,AX-00932
Laptop,Display fault,2026-02-17,2026-09-23,2026-09-12,2026-07-06,24,None,1,SNJ7DD2T56,SNJ7DD2T5X,INV329196128,,,1,1.0,0,serial_mismatch,2028-02-17,218,512,11,139.0,0,0,0,Manual Review,AX-00933
Phone,Display fault,2025-10-20,2026-09-23,2026-09-11,2025-10-18,24,None,1,SNBJA8VZHF,SNBJA8VZHF,INV059570209,,,1,1.0,0,repair_before_purchase,2027-10-20,338,392,12,-2.0,1,0,1,Manual Review,AX-00934
Laptop,Battery fault,2024-03-17,2026-09-23,2026-09-12,,36,Impact,1,SNYKDT6EPT,SNYKDT6EPT,INV615496996,,,0,,0,excluded_damage,2027-03-17,920,175,11,,1,0,0,Invalid Claim,AX-00935
Laptop,Display fault,2025-06-12,2026-09-23,2026-09-28,2026-01-25,36,None,1,SNFZKSJG9P,SNFZKSJG9P,INV375005477,,,1,1.0,0,fault_after_claim,2028-06-12,468,628,-5,227.0,1,0,1,Manual Review,AX-00936
Laptop,Display fault,2026-06-17,2026-09-23,2026-09-22,,12,None,1,SN4ZM762KY,SN4ZM762KX,INV516923174,,,0,,0,serial_mismatch,2027-06-17,98,267,1,,0,0,0,Manual Review,AX-00937
Phone,Power fault,2026-03-20,2026-09-23,2026-09-20,2026-07-07,12,None,1,SN8K8YNJ4D,SN8K8YNJ4D,INV744633987,,,1,0.0,0,unauthorized_repair,2027-03-20,187,178,3,109.0,1,0,0,Invalid Claim,AX-00938
Laptop,Display fault,2026-05-17,2026-09-23,2026-09-16,2026-07-04,12,Liquid,1,SNFYFWRDCQ,SNFYFWRDCQ,INV384144026,,,1,1.0,0,excluded_damage,2027-05-17,129,236,7,48.0,1,0,0,Invalid Claim,AX-00939
Appliance,Mechanical fault,2026-05-23,2026-09-23,2026-09-14,2026-08-12,12,None,1,SNWF53CDRW,SNWF53CDRX,INV598883739,,,1,1.0,0,serial_mismatch,2027-05-23,123,242,9,81.0,0,0,0,Manual Review,AX-00940
Laptop,Display fault,2026-04-14,2026-09-23,2026-09-11,,12,None,1,SNBEGEEHT8,SNBEGEEHTX,INV004387802,,,0,,0,serial_mismatch,2027-04-14,162,203,12,,0,0,0,Manual Review,AX-00941
Appliance,Mechanical fault,2026-07-14,2026-09-23,2026-10-10,,12,None,1,SNND97QQ2Q,SNND97QQ2Q,INV972453129,,,0,,0,fault_after_claim,2027-07-14,71,294,-17,,1,0,1,Manual Review,AX-00942
Laptop,Battery fault,2026-02-15,2026-09-23,2026-10-02,2026-06-21,36,None,1,SNQHDQJMQP,SNQHDQJMQP,INV683943069,,,1,1.0,0,fault_after_claim,2029-02-15,220,876,-9,126.0,1,0,1,Manual Review,AX-00943
Phone,Display fault,2026-01-20,2026-09-23,2026-09-17,,12,None,1,SNXVYV3FQU,SNXVYV3FQU,INV902330452,,,0,,0,covered_fault,2027-01-20,246,119,6,,1,0,0,Valid Claim,AX-00944
Laptop,Power fault,2025-05-19,2026-09-23,2026-09-15,2026-07-10,36,None,1,SNQKWBH6JJ,SNQKWBH6JJ,INV509434982,,,1,0.0,0,unauthorized_repair,2028-05-19,492,604,8,417.0,1,0,0,Invalid Claim,AX-00945
Appliance,Power fault,2025-02-11,2026-09-23,2026-09-13,2025-08-30,24,Impact,1,SNLU68ETXL,SNLU68ETXL,INV067319657,,,1,1.0,0,excluded_damage,2027-02-11,589,141,10,200.0,1,0,0,Invalid Claim,AX-00946
Phone,Battery fault,2024-05-16,2026-09-23,2026-09-19,2026-06-06,36,None,1,SN5SBRSQJ4,SN5SBRSQJ4,INV222734712,,,1,1.0,0,authorized_repair,2027-05-16,860,235,4,751.0,1,0,0,Valid Claim,AX-00947
Appliance,Mechanical fault,2026-03-16,2026-09-23,2026-09-21,2026-09-05,12,None,1,SNZ4CGSDHN,SNZ4CGSDHN,INV165955775,,,1,1.0,0,authorized_repair,2027-03-16,191,174,2,173.0,1,0,0,Valid Claim,AX-00948
Appliance,Motor fault,2026-03-22,2026-09-23,2026-09-07,,12,None,0,SN2UJGJUD8,SN2UJGJUD8,,,,0,,1,missing_proof,2027-03-22,185,180,16,,1,0,0,Manual Review,AX-00949
Appliance,Motor fault,2023-04-15,2026-09-23,2026-09-07,2025-01-11,24,None,1,SNP8F9B8CL,SNP8F9B8CL,INV422984031,,,1,1.0,0,expired,2025-04-15,1257,-526,16,637.0,1,0,0,Invalid Claim,AX-00950
Laptop,Power fault,2025-11-15,2026-09-23,2026-09-19,2025-12-24,24,None,1,SNE2PBJWYE,SNE2PBJWYE,INV132831663,,,1,1.0,0,authorized_repair,2027-11-15,312,418,4,39.0,1,0,0,Valid Claim,AX-00951
Appliance,Mechanical fault,2026-03-14,2026-09-23,2026-09-15,,24,None,1,SNVM29QXR3,SNVM29QXRX,INV057855458,,,0,,0,serial_mismatch,2028-03-14,193,538,8,,0,0,0,Manual Review,AX-00952
Phone,Display fault,2025-12-15,2026-09-23,2026-09-17,2026-04-07,12,None,1,SNJ5PGTZGK,SNJ5PGTZGK,INV964512352,,,1,1.0,0,authorized_repair,2026-12-15,282,83,6,113.0,1,0,0,Valid Claim,AX-00953
Laptop,Display fault,2026-01-16,2026-09-23,2026-09-15,2026-05-26,36,None,1,SNRXWE46VA,SNRXWE46VA,INV954417332,,,1,1.0,0,authorized_repair,2029-01-16,250,846,8,130.0,1,0,0,Valid Claim,AX-00954
Phone,Display fault,2026-07-20,2026-09-23,2026-09-15,2026-09-07,12,None,1,SNTFQZ2TDD,SNTFQZ2TDD,INV783807591,,,1,1.0,0,covered_fault,2027-07-20,65,300,8,49.0,1,0,0,Valid Claim,AX-00955
Laptop,Battery fault,2026-01-10,2026-09-23,2026-09-20,2026-05-04,36,None,1,SNXSRQKRST,SNXSRQKRST,INV850798148,,,1,1.0,0,authorized_repair,2029-01-10,256,840,3,114.0,1,0,0,Valid Claim,AX-00956
Phone,Power fault,2026-07-16,2026-09-23,2026-09-15,2026-07-20,12,None,0,SNCQDA85TB,SNCQDA85TB,,,,1,1.0,1,missing_proof,2027-07-16,69,296,8,4.0,1,0,0,Manual Review,AX-00957
Phone,Power fault,2025-12-22,2026-09-23,2026-09-15,2026-09-06,36,None,1,SN3CH5EURE,SN3CH5EURE,INV832456351,,,1,0.0,0,unauthorized_repair,2028-12-22,275,821,8,258.0,1,0,0,Invalid Claim,AX-00958
Phone,Battery fault,2024-12-17,2026-09-23,2026-09-07,,24,None,0,SN574NYRBL,SN574NYRBL,,,,0,,2,missing_proof,2026-12-17,645,85,16,,1,0,0,Manual Review,AX-00959
Phone,Battery fault,2026-04-18,2026-09-23,2026-09-22,2026-03-10,12,None,1,SNP35L9EER,SNP35L9EER,INV263764001,,,1,1.0,0,repair_before_purchase,2027-04-18,158,207,1,-39.0,1,0,1,Manual Review,AX-00960
Phone,Battery fault,2025-09-13,2026-09-23,2026-09-19,,36,None,1,SN57FKQSZD,SN57FKQSZD,INV631844728,,,0,,0,covered_fault,2028-09-13,375,721,4,,1,0,0,Valid Claim,AX-00961
Phone,Display fault,2026-02-17,2026-09-23,2026-09-10,2026-04-08,12,None,1,SNHHX3WFVK,SNHHX3WFVK,INV714066063,,,1,0.0,0,unauthorized_repair,2027-02-17,218,147,13,50.0,1,0,0,Invalid Claim,AX-00962
Phone,Battery fault,2024-08-15,2026-09-23,2026-09-19,,36,None,1,SNYSDCFQS4,SNYSDCFQS4,INV098894333,,,0,,0,covered_fault,2027-08-15,769,326,4,,1,0,0,Valid Claim,AX-00963
Laptop,Display fault,2026-04-12,2026-09-23,2026-09-09,2026-07-26,12,Impact,1,SNX7Z8TLXD,SNX7Z8TLXD,INV558079560,,,1,1.0,0,excluded_damage,2027-04-12,164,201,14,105.0,1,0,0,Invalid Claim,AX-00964
Appliance,Mechanical fault,2023-09-11,2026-09-23,2026-09-07,2024-03-10,24,None,1,SNDYCRGEYU,SNDYCRGEYU,INV380196095,,,1,1.0,0,expired,2025-09-11,1108,-377,16,181.0,1,0,0,Invalid Claim,AX-00965
Appliance,Power fault,2025-09-14,2026-09-23,2026-09-20,,24,Impact,1,SN6LGSBDJ5,SN6LGSBDJ5,INV881424888,,,0,,0,excluded_damage,2027-09-14,374,356,3,,1,0,0,Invalid Claim,AX-00966
Laptop,Power fault,2024-11-11,2026-09-23,2026-09-08,2025-11-03,24,None,1,SNR8E6JMF7,SNR8E6JMF7,INV383401482,,,1,1.0,0,authorized_repair,2026-11-11,681,49,15,357.0,1,0,0,Valid Claim,AX-00967
Appliance,Power fault,2026-02-17,2026-09-23,2026-09-07,,12,None,1,SNBU8WYJEW,SNBU8WYJEW,INV623306330,INV623306330,PRIOR-INV623306330,0,,0,duplicate,2027-02-17,218,147,16,,1,1,0,Manual Review,AX-00968
Appliance,Power fault,2026-06-19,2026-09-23,2026-09-17,2026-06-21,12,None,1,SNSJWS2YL7,SNSJWS2YL7,INV497386806,,,1,1.0,0,authorized_repair,2027-06-19,96,269,6,2.0,1,0,0,Valid Claim,AX-00969
Appliance,Power fault,2024-03-18,2026-09-23,2026-09-19,2024-02-14,36,None,1,SNZ62ASL23,SNZ62ASL23,INV450327502,,,1,1.0,0,repair_before_purchase,2027-03-18,919,176,4,-33.0,1,0,1,Manual Review,AX-00970
Laptop,Display fault,2023-11-21,2026-09-23,2026-09-17,2024-07-03,24,None,1,SNNYMN7GDE,SNNYMN7GDE,INV985803556,,,1,1.0,0,expired,2025-11-21,1037,-306,6,225.0,1,0,0,Invalid Claim,AX-00971
Appliance,Power fault,2026-06-15,2026-09-23,2026-09-09,,12,None,1,SNS23HCMG5,SNS23HCMG5,INV341193871,,,0,,0,covered_fault,2027-06-15,100,265,14,,1,0,0,Valid Claim,AX-00972
Laptop,Power fault,2026-01-22,2026-09-23,2026-09-15,2026-02-23,36,None,1,SN3Y4ZYBTU,SN3Y4ZYBTX,INV129070127,,,1,1.0,0,serial_mismatch,2029-01-22,244,852,8,32.0,0,0,0,Manual Review,AX-00973
Phone,Power fault,2025-07-18,2026-09-23,2026-09-16,2025-07-02,36,None,1,SN9W2QWSR9,SN9W2QWSR9,INV926294606,,,1,1.0,0,repair_before_purchase,2028-07-18,432,664,7,-16.0,1,0,1,Manual Review,AX-00974
Phone,Power fault,2025-01-22,2026-09-23,2026-09-11,,12,None,1,SNAXMLZALQ,SNAXMLZALQ,INV105754557,,,0,,0,expired,2026-01-22,609,-244,12,,1,0,0,Invalid Claim,AX-00975
Phone,Battery fault,2024-06-16,2026-09-23,2026-09-14,2025-03-27,36,None,1,SNKNQV444C,SNKNQV444C,INV755154305,INV755154305,PRIOR-INV755154305,1,1.0,0,duplicate,2027-06-16,829,266,9,284.0,1,1,0,Manual Review,AX-00976
Laptop,Display fault,2022-06-21,2026-09-23,2026-09-22,,36,None,1,SNE837BGXZ,SNE837BGXZ,INV745856093,,,0,,0,expired,2025-06-21,1555,-459,1,,1,0,0,Invalid Claim,AX-00977
Appliance,Power fault,2026-03-19,2026-09-23,2026-09-09,,12,None,1,SNMXE2PH3P,SNMXE2PH3P,INV448730108,,,0,,0,covered_fault,2027-03-19,188,177,14,,1,0,0,Valid Claim,AX-00978
Laptop,Power fault,2026-02-22,2026-09-23,2026-09-15,,12,None,1,SNT59PFN4S,SNT59PFN4X,INV767265745,,,0,,0,serial_mismatch,2027-02-22,213,152,8,,0,0,0,Manual Review,AX-00979
Appliance,Mechanical fault,2025-09-14,2026-09-23,2026-09-10,,36,None,0,SN3VD5HRF7,SN3VD5HRF7,,,,0,,2,missing_proof,2028-09-14,374,722,13,,1,0,0,Manual Review,AX-00980
Phone,Power fault,2024-05-19,2026-09-23,2026-09-10,,12,None,1,SN5SVGUW48,SN5SVGUW48,INV548969232,,,0,,0,expired,2025-05-19,857,-492,13,,1,0,0,Invalid Claim,AX-00981
Appliance,Mechanical fault,2025-12-19,2026-09-23,2026-09-22,2026-05-22,12,None,1,SNU5D62G3V,SNU5D62G3V,INV407641559,,,1,1.0,0,authorized_repair,2026-12-19,278,87,1,154.0,1,0,0,Valid Claim,AX-00982
Laptop,Display fault,2026-03-14,2026-09-23,2026-09-08,2026-09-06,12,None,0,SNENE8DLW2,SNENE8DLW2,,,,1,1.0,1,missing_proof,2027-03-14,193,172,15,176.0,1,0,0,Manual Review,AX-00983
Appliance,Motor fault,2025-11-19,2026-09-23,2026-10-13,,12,None,1,SNP54RUGRZ,SNP54RUGRZ,INV690819840,,,0,,0,fault_after_claim,2026-11-19,308,57,-20,,1,0,1,Manual Review,AX-00984
Appliance,Mechanical fault,2026-06-15,2026-09-23,2026-09-22,,24,None,1,SNBNGH7GAA,SNBNGH7GAA,INV086090867,,,0,,0,covered_fault,2028-06-15,100,631,1,,1,0,0,Valid Claim,AX-00985
Laptop,Battery fault,2026-06-20,2026-09-23,2026-09-20,2026-06-30,24,None,1,SN7WWUDQVD,SN7WWUDQVD,INV280438340,,,1,1.0,0,authorized_repair,2028-06-20,95,636,3,10.0,1,0,0,Valid Claim,AX-00986
Appliance,Mechanical fault,2026-03-17,2026-09-23,2026-09-11,,24,Liquid,1,SNHKZ8NJFZ,SNHKZ8NJFZ,INV420488916,,,0,,0,excluded_damage,2028-03-17,190,541,12,,1,0,0,Invalid Claim,AX-00987
Appliance,Mechanical fault,2025-01-22,2026-09-23,2026-09-20,2025-04-05,24,None,1,SNGH9G7PR3,SNGH9G7PR3,INV927285600,,,1,0.0,0,unauthorized_repair,2027-01-22,609,121,3,73.0,1,0,0,Invalid Claim,AX-00988
Appliance,Power fault,2024-05-16,2026-09-23,2026-09-09,,24,None,1,SNZ9XZGS2E,SNZ9XZGS2E,INV675359142,,,0,,0,expired,2026-05-16,860,-130,14,,1,0,0,Invalid Claim,AX-00989
Appliance,Mechanical fault,2026-05-20,2026-09-23,2026-09-18,2026-04-07,24,None,1,SNF27ABWF6,SNF27ABWF6,INV472158584,,,1,1.0,0,repair_before_purchase,2028-05-20,126,605,5,-43.0,1,0,1,Manual Review,AX-00990
Appliance,Power fault,2026-06-17,2026-09-23,2026-09-10,2026-07-02,12,None,0,SN5464FKKH,SN5464FKKH,,,,1,1.0,2,missing_proof,2027-06-17,98,267,13,15.0,1,0,0,Manual Review,AX-00991
Phone,Battery fault,2023-01-12,2026-09-23,2026-09-11,2026-06-14,36,None,1,SNS2USBTTY,SNS2USBTTY,INV911668297,,,1,1.0,0,expired,2026-01-12,1350,-254,12,1249.0,1,0,0,Invalid Claim,AX-00992
Laptop,Battery fault,2025-08-12,2026-09-23,2026-09-14,,24,Liquid,1,SNKZ8BT627,SNKZ8BT627,INV807278575,,,0,,0,excluded_damage,2027-08-12,407,323,9,,1,0,0,Invalid Claim,AX-00993
Phone,Power fault,2024-06-14,2026-09-23,2026-09-11,,36,None,0,SNWGQ6LEKE,SNWGQ6LEKE,,,,0,,2,missing_proof,2027-06-14,831,264,12,,1,0,0,Manual Review,AX-00994
Phone,Battery fault,2026-05-21,2026-09-23,2026-09-17,2026-07-02,24,None,1,SNWLZAQ4VK,SNWLZAQ4VK,INV153105077,,,1,0.0,0,unauthorized_repair,2028-05-21,125,606,6,42.0,1,0,0,Invalid Claim,AX-00995
Laptop,Power fault,2026-01-19,2026-09-23,2026-09-10,2026-03-27,12,None,1,SN43UEW9F6,SN43UEW9F6,INV540856786,,,1,1.0,0,authorized_repair,2027-01-19,247,118,13,67.0,1,0,0,Valid Claim,AX-00996
Appliance,Mechanical fault,2026-07-14,2026-09-23,2026-09-18,2026-08-13,12,None,1,SNXEUJ7WM2,SNXEUJ7WM2,INV644434295,,,1,1.0,0,covered_fault,2027-07-14,71,294,5,30.0,1,0,0,Valid Claim,AX-00997
Laptop,Power fault,2024-12-20,2026-09-23,2026-09-09,,36,None,1,SNTXD53FEA,SNTXD53FEX,INV578049283,,,0,,0,serial_mismatch,2027-12-20,642,453,14,,0,0,0,Manual Review,AX-00998
Phone,Display fault,2026-05-21,2026-09-23,2026-09-20,2026-09-16,24,None,1,SNBLE2XNXC,SNBLE2XNXC,INV828732783,,,1,0.0,0,unauthorized_repair,2028-05-21,125,606,3,118.0,1,0,0,Invalid Claim,AX-00999
Appliance,Power fault,2026-07-21,2026-09-23,2026-09-08,2026-08-24,24,None,1,SN3MT82RAH,SN3MT82RAH,INV273417143,INV273417143,PRIOR-INV273417143,1,1.0,0,duplicate,2028-07-21,64,667,15,34.0,1,1,0,Manual Review,AX-01000
Appliance,Mechanical fault,2025-01-22,2026-09-23,2026-09-15,2026-08-28,36,None,1,SNKK5CHJ3U,SNKK5CHJ3U,INV811212107,,,1,1.0,0,covered_fault,2028-01-22,609,486,8,583.0,1,0,0,Valid Claim,AX-01001
Laptop,Power fault,2025-09-23,2026-09-23,2026-09-20,2025-11-30,36,None,1,SN5CC5N8UU,SN5CC5N8UU,INV006532632,,,1,1.0,0,authorized_repair,2028-09-23,365,731,3,68.0,1,0,0,Valid Claim,AX-01002
Phone,Battery fault,2023-05-14,2026-09-23,2026-09-18,2026-08-31,36,None,1,SNF636M8A5,SNF636M8A5,INV760338993,,,1,1.0,0,expired,2026-05-14,1228,-132,5,1205.0,1,0,0,Invalid Claim,AX-01003
Laptop,Display fault,2026-01-14,2026-09-23,2026-09-12,2025-11-30,12,None,1,SNPTTWT2B2,SNPTTWT2B2,INV362339888,,,1,1.0,0,repair_before_purchase,2027-01-14,252,113,11,-45.0,1,0,1,Manual Review,AX-01004
Laptop,Battery fault,2026-02-14,2026-09-23,2026-09-10,2026-06-01,36,None,1,SNGLV87ME5,SNGLV87ME5,INV332398074,,,1,1.0,0,authorized_repair,2029-02-14,221,875,13,107.0,1,0,0,Valid Claim,AX-01005
Phone,Battery fault,2026-05-16,2026-09-23,2026-09-10,,12,Liquid,1,SNK3VPAJSP,SNK3VPAJSP,INV277534466,,,0,,0,excluded_damage,2027-05-16,130,235,13,,1,0,0,Invalid Claim,AX-01006
Phone,Display fault,2026-06-18,2026-09-23,2026-09-19,2026-07-11,24,None,1,SN8SJ85TC3,SN8SJ85TC3,INV452719827,,,1,1.0,0,authorized_repair,2028-06-18,97,634,4,23.0,1,0,0,Valid Claim,AX-01007
Appliance,Power fault,2025-09-14,2026-09-23,2026-09-16,,24,None,1,SN3LF35BEY,SN3LF35BEY,INV115307653,,,0,,0,covered_fault,2027-09-14,374,356,7,,1,0,0,Valid Claim,AX-01008
Phone,Display fault,2025-04-19,2026-09-23,2026-09-09,,36,None,0,SNZ5S2WV8P,SNZ5S2WV8P,,,,0,,1,missing_proof,2028-04-19,522,574,14,,1,0,0,Manual Review,AX-01009
Laptop,Battery fault,2025-12-21,2026-09-23,2026-09-19,,36,None,1,SNN3L82GSS,SNN3L82GSS,INV013446536,,,0,,0,covered_fault,2028-12-21,276,820,4,,1,0,0,Valid Claim,AX-01010
Phone,Display fault,2025-11-16,2026-09-23,2026-09-07,2025-10-23,24,None,1,SNUA7BK22B,SNUA7BK22B,INV416901769,,,1,1.0,0,repair_before_purchase,2027-11-16,311,419,16,-24.0,1,0,1,Manual Review,AX-01011
Appliance,Mechanical fault,2025-12-22,2026-09-23,2026-10-08,2026-02-15,12,None,1,SNHLY8E5RW,SNHLY8E5RW,INV432344423,,,1,1.0,0,fault_after_claim,2026-12-22,275,90,-15,55.0,1,0,1,Manual Review,AX-01012
Appliance,Power fault,2025-07-15,2026-09-23,2026-09-17,2025-06-08,36,None,1,SNHLZ4RE5L,SNHLZ4RE5L,INV566532382,,,1,1.0,0,repair_before_purchase,2028-07-15,435,661,6,-37.0,1,0,1,Manual Review,AX-01013
Phone,Battery fault,2025-09-23,2026-09-23,2026-09-14,,24,None,1,SN8JQR7VFR,SN8JQR7VFR,INV172697105,,,0,,0,covered_fault,2027-09-23,365,365,9,,1,0,0,Valid Claim,AX-01014
Appliance,Power fault,2024-01-12,2026-09-23,2026-09-07,2024-05-05,36,Impact,1,SN9E5FV8Q3,SN9E5FV8Q3,INV084942180,,,1,1.0,0,excluded_damage,2027-01-12,985,111,16,114.0,1,0,0,Invalid Claim,AX-01015
Phone,Power fault,2025-02-20,2026-09-23,2026-09-19,2026-09-10,36,None,1,SN7XG6UALV,SN7XG6UALV,INV242652581,,,1,0.0,0,unauthorized_repair,2028-02-20,580,515,4,567.0,1,0,0,Invalid Claim,AX-01016
Phone,Battery fault,2026-05-13,2026-09-23,2026-09-25,,24,None,1,SNPXHHWM52,SNPXHHWM52,INV974341688,,,0,,0,fault_after_claim,2028-05-13,133,598,-2,,1,0,1,Manual Review,AX-01017
Appliance,Power fault,2025-08-12,2026-09-23,2026-09-13,2026-06-12,36,None,1,SNA4H5EHEE,SNA4H5EHEE,INV067077017,,,1,1.0,0,covered_fault,2028-08-12,407,689,10,304.0,1,0,0,Valid Claim,AX-01018
Laptop,Battery fault,2026-01-16,2026-09-23,2026-09-07,,12,None,1,SNZVTKRRUV,SNZVTKRRUV,INV684754308,,,0,,0,covered_fault,2027-01-16,250,115,16,,1,0,0,Valid Claim,AX-01019
Phone,Display fault,2025-02-15,2026-09-23,2026-09-21,,24,None,1,SN4KURZH3E,SN4KURZH3E,INV366162196,,,0,,0,covered_fault,2027-02-15,585,145,2,,1,0,0,Valid Claim,AX-01020
Phone,Power fault,2024-07-20,2026-09-23,2026-09-15,,36,None,1,SNAGKUJZZ9,SNAGKUJZZ9,INV461318338,,,0,,0,covered_fault,2027-07-20,795,300,8,,1,0,0,Valid Claim,AX-01021
Appliance,Mechanical fault,2026-05-22,2026-09-23,2026-09-19,2026-07-02,12,None,1,SNRDTPLPSD,SNRDTPLPSD,INV669800288,INV669800288,PRIOR-INV669800288,1,1.0,0,duplicate,2027-05-22,124,241,4,41.0,1,1,0,Manual Review,AX-01022
Laptop,Power fault,2024-12-20,2026-09-23,2026-09-22,,24,Impact,1,SNGK2QCU3E,SNGK2QCU3E,INV075853678,,,0,,0,excluded_damage,2026-12-20,642,88,1,,1,0,0,Invalid Claim,AX-01023
Laptop,Power fault,2025-07-13,2026-09-23,2026-09-12,2025-12-16,24,None,1,SNLJCG2UEF,SNLJCG2UEF,INV445923211,,,1,1.0,0,covered_fault,2027-07-13,437,293,11,156.0,1,0,0,Valid Claim,AX-01024
Laptop,Battery fault,2023-12-20,2026-09-23,2026-09-16,,36,None,1,SNURPCVHTV,SNURPCVHTV,INV580160868,,,0,,0,covered_fault,2026-12-20,1008,88,7,,1,0,0,Valid Claim,AX-01025
Phone,Power fault,2026-06-19,2026-09-23,2026-09-12,2026-07-10,24,None,1,SNDD43H7PQ,SNDD43H7PQ,INV574456618,INV574456618,PRIOR-INV574456618,1,1.0,0,duplicate,2028-06-19,96,635,11,21.0,1,1,0,Manual Review,AX-01026
Laptop,Display fault,2026-03-13,2026-09-23,2026-09-21,2026-06-03,12,None,1,SNQGWSCQX8,SNQGWSCQX8,INV912471057,,,1,0.0,0,unauthorized_repair,2027-03-13,194,171,2,82.0,1,0,0,Invalid Claim,AX-01027
Laptop,Power fault,2024-07-20,2026-09-23,2026-09-20,,36,Liquid,1,SNKBG534L9,SNKBG534L9,INV730729979,,,0,,0,excluded_damage,2027-07-20,795,300,3,,1,0,0,Invalid Claim,AX-01028
Appliance,Motor fault,2025-07-20,2026-09-23,2026-09-07,,36,None,1,SNQKGF43GU,SNQKGF43GU,INV662883450,,,0,,0,covered_fault,2028-07-20,430,666,16,,1,0,0,Valid Claim,AX-01029
Laptop,Power fault,2025-10-11,2026-09-23,2026-09-08,2025-11-23,36,None,1,SNLDRBXDAV,SNLDRBXDAV,INV233615771,,,1,1.0,0,authorized_repair,2028-10-11,347,749,15,43.0,1,0,0,Valid Claim,AX-01030
Appliance,Motor fault,2025-05-23,2026-09-23,2026-09-21,2026-07-07,36,None,1,SNZRA7VHWA,SNZRA7VHWA,INV698068081,,,1,1.0,0,covered_fault,2028-05-23,488,608,2,410.0,1,0,0,Valid Claim,AX-01031
Phone,Battery fault,2025-02-11,2026-09-23,2026-09-18,2026-05-21,24,None,1,SNPGWVDDMY,SNPGWVDDMY,INV085950259,,,1,0.0,0,unauthorized_repair,2027-02-11,589,141,5,464.0,1,0,0,Invalid Claim,AX-01032
Laptop,Battery fault,2026-05-19,2026-09-23,2026-09-13,2026-07-05,12,None,1,SN8YNV8KN3,SN8YNV8KN3,INV868765643,,,1,1.0,0,authorized_repair,2027-05-19,127,238,10,47.0,1,0,0,Valid Claim,AX-01033
Phone,Battery fault,2024-03-14,2026-09-23,2026-09-19,,12,None,1,SNLJ54XWHY,SNLJ54XWHY,INV221694496,,,0,,0,expired,2025-03-14,923,-558,4,,1,0,0,Invalid Claim,AX-01034
Appliance,Motor fault,2026-07-17,2026-09-23,2026-09-22,,36,None,1,SN3YJLQ2BP,SN3YJLQ2BP,INV165495157,INV165495157,PRIOR-INV165495157,0,,0,duplicate,2029-07-17,68,1028,1,,1,1,0,Manual Review,AX-01035
Laptop,Display fault,2024-05-18,2026-09-23,2026-09-11,,36,None,1,SNESKTJ669,SNESKTJ66X,INV410867603,,,0,,0,serial_mismatch,2027-05-18,858,237,12,,0,0,0,Manual Review,AX-01036
Appliance,Motor fault,2026-04-15,2026-09-23,2026-09-18,2026-06-26,24,None,1,SNSLMYEURA,SNSLMYEURA,INV329699694,,,1,0.0,0,unauthorized_repair,2028-04-15,161,570,5,72.0,1,0,0,Invalid Claim,AX-01037
Laptop,Display fault,2026-05-20,2026-09-23,2026-09-20,2026-06-12,24,None,1,SNRSB5FF26,SNRSB5FF26,INV617080039,,,1,1.0,0,authorized_repair,2028-05-20,126,605,3,23.0,1,0,0,Valid Claim,AX-01038
Appliance,Motor fault,2023-04-18,2026-09-23,2026-09-10,,36,None,1,SND7BVBELZ,SND7BVBELZ,INV542972213,,,0,,0,expired,2026-04-18,1254,-158,13,,1,0,0,Invalid Claim,AX-01039
Phone,Power fault,2025-06-13,2026-09-23,2026-09-16,,24,None,1,SNHY4M32P5,SNHY4M32P5,INV280242132,INV280242132,PRIOR-INV280242132,0,,0,duplicate,2027-06-13,467,263,7,,1,1,0,Manual Review,AX-01040
Phone,Battery fault,2022-04-18,2026-09-23,2026-09-21,,36,None,1,SN9U7C2A7X,SN9U7C2A7X,INV291401939,,,0,,0,expired,2025-04-18,1619,-523,2,,1,0,0,Invalid Claim,AX-01041
Phone,Battery fault,2024-09-22,2026-09-23,2026-09-19,2026-06-18,36,None,1,SNP4L28N2A,SNP4L28N2A,INV294394660,,,1,1.0,0,authorized_repair,2027-09-22,731,364,4,634.0,1,0,0,Valid Claim,AX-01042
Laptop,Battery fault,2026-04-21,2026-09-23,2026-09-18,,24,None,1,SNS43TY85Y,SNS43TY85Y,INV784911036,,,0,,0,covered_fault,2028-04-21,155,576,5,,1,0,0,Valid Claim,AX-01043
Phone,Power fault,2025-02-14,2026-09-23,2026-09-11,,36,Impact,1,SNQKR6C9Z4,SNQKR6C9Z4,INV855543565,,,0,,0,excluded_damage,2028-02-14,586,509,12,,1,0,0,Invalid Claim,AX-01044
Phone,Display fault,2023-05-18,2026-09-23,2026-09-08,,24,None,1,SNS53KQCFB,SNS53KQCFB,INV204983599,,,0,,0,expired,2025-05-18,1224,-493,15,,1,0,0,Invalid Claim,AX-01045
Phone,Power fault,2024-06-12,2026-09-23,2026-09-08,2024-08-31,12,None,1,SNQZNVNTJ6,SNQZNVNTJ6,INV475346863,,,1,1.0,0,expired,2025-06-12,833,-468,15,80.0,1,0,0,Invalid Claim,AX-01046
Laptop,Display fault,2025-06-12,2026-09-23,2026-09-09,2025-06-09,24,None,1,SNECTALUC2,SNECTALUC2,INV223713318,,,1,1.0,0,repair_before_purchase,2027-06-12,468,262,14,-3.0,1,0,1,Manual Review,AX-01047
Appliance,Power fault,2025-04-16,2026-09-23,2026-09-16,2025-08-17,24,None,1,SN5A3M2WFB,SN5A3M2WFB,INV704537008,INV704537008,PRIOR-INV704537008,1,1.0,0,duplicate,2027-04-16,525,205,7,123.0,1,1,0,Manual Review,AX-01048
Laptop,Display fault,2023-12-18,2026-09-23,2026-09-09,,24,None,1,SNC9TFLDX4,SNC9TFLDX4,INV614034899,,,0,,0,expired,2025-12-18,1010,-279,14,,1,0,0,Invalid Claim,AX-01049
Phone,Battery fault,2026-02-13,2026-09-23,2026-09-18,,24,None,1,SN2WF2R22Q,SN2WF2R22Q,INV956686104,,,0,,0,covered_fault,2028-02-13,222,508,5,,1,0,0,Valid Claim,AX-01050
Phone,Power fault,2026-02-10,2026-09-23,2026-09-16,2026-04-12,12,None,1,SNVCMGBNBV,SNVCMGBNBV,INV162252510,INV162252510,PRIOR-INV162252510,1,1.0,0,duplicate,2027-02-10,225,140,7,61.0,1,1,0,Manual Review,AX-01051
Phone,Battery fault,2025-10-23,2026-09-23,2026-09-11,,24,None,1,SN28SLNMEX,SN28SLNMEX,INV385570748,,,0,,0,covered_fault,2027-10-23,335,395,12,,1,0,0,Valid Claim,AX-01052
Phone,Battery fault,2025-08-14,2026-09-23,2026-09-13,2026-06-28,24,None,1,SN9K9XJUXZ,SN9K9XJUXZ,INV064927636,,,1,1.0,0,authorized_repair,2027-08-14,405,325,10,318.0,1,0,0,Valid Claim,AX-01053
Appliance,Mechanical fault,2026-02-22,2026-09-23,2026-09-08,2026-08-21,12,Impact,1,SN47YNQLC8,SN47YNQLC8,INV157009930,,,1,1.0,0,excluded_damage,2027-02-22,213,152,15,180.0,1,0,0,Invalid Claim,AX-01054
Appliance,Motor fault,2025-09-15,2026-09-23,2026-09-16,,36,None,1,SNXUXUCECJ,SNXUXUCECJ,INV525716965,,,0,,0,covered_fault,2028-09-15,373,723,7,,1,0,0,Valid Claim,AX-01055
Appliance,Mechanical fault,2026-01-17,2026-09-23,2026-09-10,2025-12-21,12,None,1,SN2TFRSA8Y,SN2TFRSA8Y,INV106569211,,,1,1.0,0,repair_before_purchase,2027-01-17,249,116,13,-27.0,1,0,1,Manual Review,AX-01056
Laptop,Battery fault,2026-05-22,2026-09-23,2026-10-12,2026-07-27,24,None,1,SNDP4CCDZ5,SNDP4CCDZ5,INV778662035,,,1,1.0,0,fault_after_claim,2028-05-22,124,607,-19,66.0,1,0,1,Manual Review,AX-01057
Laptop,Battery fault,2023-07-20,2026-09-23,2026-09-15,,36,None,1,SN85RQT9GF,SN85RQT9GF,INV535932738,,,0,,0,expired,2026-07-20,1161,-65,8,,1,0,0,Invalid Claim,AX-01058
Appliance,Mechanical fault,2025-09-12,2026-09-23,2026-09-13,2025-11-24,24,None,1,SNHW3SPTG5,SNHW3SPTG5,INV352418067,,,1,0.0,0,unauthorized_repair,2027-09-12,376,354,10,73.0,1,0,0,Invalid Claim,AX-01059
Laptop,Power fault,2026-05-19,2026-09-23,2026-09-22,2026-07-04,12,None,0,SNNP7WNXBW,SNNP7WNXBW,,,,1,1.0,1,missing_proof,2027-05-19,127,238,1,46.0,1,0,0,Manual Review,AX-01060
Appliance,Motor fault,2026-05-21,2026-09-23,2026-09-13,,12,Liquid,1,SNS2JQEDLH,SNS2JQEDLH,INV863348501,,,0,,0,excluded_damage,2027-05-21,125,240,10,,1,0,0,Invalid Claim,AX-01061
Laptop,Power fault,2025-09-19,2026-09-23,2026-09-10,2025-08-25,36,None,1,SNSXK8NV9U,SNSXK8NV9U,INV728343160,,,1,1.0,0,repair_before_purchase,2028-09-19,369,727,13,-25.0,1,0,1,Manual Review,AX-01062
Phone,Battery fault,2026-02-18,2026-09-23,2026-09-18,2026-07-22,36,None,1,SNN3ENMC8Q,SNN3ENMC8Q,INV710455105,,,1,1.0,0,covered_fault,2029-02-18,217,879,5,154.0,1,0,0,Valid Claim,AX-01063
Laptop,Display fault,2023-02-16,2026-09-23,2026-09-16,2024-02-28,36,None,1,SNMB43N4Q8,SNMB43N4Q8,INV784877697,,,1,1.0,0,expired,2026-02-16,1315,-219,7,377.0,1,0,0,Invalid Claim,AX-01064
Appliance,Motor fault,2026-07-19,2026-09-23,2026-09-08,2026-08-04,12,None,0,SN9982UN2B,SN9982UN2B,,,,1,1.0,1,missing_proof,2027-07-19,66,299,15,16.0,1,0,0,Manual Review,AX-01065
Appliance,Mechanical fault,2026-05-20,2026-09-23,2026-09-11,2026-05-08,36,None,1,SN5CKEEVHK,SN5CKEEVHK,INV065722133,,,1,1.0,0,repair_before_purchase,2029-05-20,126,970,12,-12.0,1,0,1,Manual Review,AX-01066
Appliance,Mechanical fault,2026-02-13,2026-09-23,2026-09-11,2026-02-14,24,None,1,SNS8N4XC4S,SNS8N4XC4S,INV704215178,,,1,1.0,0,authorized_repair,2028-02-13,222,508,12,1.0,1,0,0,Valid Claim,AX-01067
Phone,Display fault,2024-12-19,2026-09-23,2026-09-30,,24,None,1,SNE7HEKATV,SNE7HEKATV,INV972399253,,,0,,0,fault_after_claim,2026-12-19,643,87,-7,,1,0,1,Manual Review,AX-01068
Appliance,Power fault,2025-12-14,2026-09-23,2026-09-16,2026-07-28,12,None,1,SN6629EXHM,SN6629EXHX,INV603050665,,,1,1.0,0,serial_mismatch,2026-12-14,283,82,7,226.0,0,0,0,Manual Review,AX-01069
Phone,Power fault,2025-01-22,2026-09-23,2026-09-11,,24,Liquid,1,SNLTPPG4MW,SNLTPPG4MW,INV675079083,,,0,,0,excluded_damage,2027-01-22,609,121,12,,1,0,0,Invalid Claim,AX-01070
Laptop,Display fault,2025-11-12,2026-09-23,2026-09-19,,36,None,0,SNRRS8KQH5,SNRRS8KQH5,,,,0,,1,missing_proof,2028-11-12,315,781,4,,1,0,0,Manual Review,AX-01071
Laptop,Display fault,2026-02-17,2026-09-23,2026-09-15,,12,Liquid,1,SN87R4XL2V,SN87R4XL2V,INV924241857,,,0,,0,excluded_damage,2027-02-17,218,147,8,,1,0,0,Invalid Claim,AX-01072
Phone,Power fault,2026-07-16,2026-09-23,2026-09-11,2026-08-08,12,None,1,SNR789MRWU,SNR789MRWU,INV409351429,,,1,1.0,0,covered_fault,2027-07-16,69,296,12,23.0,1,0,0,Valid Claim,AX-01073
Phone,Power fault,2026-01-17,2026-09-23,2026-09-11,,12,None,0,SNPESRSSZN,SNPESRSSZN,,,,0,,1,missing_proof,2027-01-17,249,116,12,,1,0,0,Manual Review,AX-01074
Laptop,Power fault,2025-11-15,2026-09-23,2026-09-09,,12,None,1,SNLL287YUC,SNLL287YUX,INV334419567,,,0,,0,serial_mismatch,2026-11-15,312,53,14,,0,0,0,Manual Review,AX-01075
Appliance,Power fault,2025-10-16,2026-09-23,2026-09-09,,24,None,1,SN8WZUACYR,SN8WZUACYX,INV418469812,,,0,,0,serial_mismatch,2027-10-16,342,388,14,,0,0,0,Manual Review,AX-01076
Phone,Battery fault,2026-05-16,2026-09-23,2026-09-12,,36,Liquid,1,SN3RUWZU92,SN3RUWZU92,INV578096977,,,0,,0,excluded_damage,2029-05-16,130,966,11,,1,0,0,Invalid Claim,AX-01077
Phone,Battery fault,2024-10-13,2026-09-23,2026-09-21,,36,None,1,SNBW4A7FQ9,SNBW4A7FQ9,INV499838803,,,0,,0,covered_fault,2027-10-13,710,385,2,,1,0,0,Valid Claim,AX-01078
Laptop,Battery fault,2025-06-14,2026-09-23,2026-09-14,2026-08-13,24,None,1,SNLMD682LT,SNLMD682LT,INV384484912,,,1,1.0,0,covered_fault,2027-06-14,466,264,9,425.0,1,0,0,Valid Claim,AX-01079
Laptop,Display fault,2026-05-24,2026-09-23,2026-09-20,2026-08-23,12,None,1,SNB6E9EZKL,SNB6E9EZKL,INV324496673,,,1,0.0,0,unauthorized_repair,2027-05-24,122,243,3,91.0,1,0,0,Invalid Claim,AX-01080
Laptop,Battery fault,2026-04-13,2026-09-23,2026-09-09,2026-07-05,12,None,1,SNM33GYS43,SNM33GYS43,INV072401611,,,1,1.0,0,authorized_repair,2027-04-13,163,202,14,83.0,1,0,0,Valid Claim,AX-01081
Appliance,Power fault,2025-12-13,2026-09-23,2026-09-19,2025-12-14,24,None,1,SN7EZH9F6C,SN7EZH9F6C,INV768422021,,,1,1.0,0,authorized_repair,2027-12-13,284,446,4,1.0,1,0,0,Valid Claim,AX-01082
Laptop,Display fault,2025-02-20,2026-09-23,2026-09-11,2025-11-07,24,Liquid,1,SNXMTEZMFN,SNXMTEZMFN,INV432874534,,,1,1.0,0,excluded_damage,2027-02-20,580,150,12,260.0,1,0,0,Invalid Claim,AX-01083
Laptop,Battery fault,2026-06-17,2026-09-23,2026-09-11,2026-07-18,24,None,1,SNYDTRHJ3E,SNYDTRHJ3E,INV433690770,,,1,1.0,0,authorized_repair,2028-06-17,98,633,12,31.0,1,0,0,Valid Claim,AX-01084
Phone,Power fault,2026-05-23,2026-09-23,2026-09-16,2026-06-04,12,None,1,SNJJD3U2L2,SNJJD3U2L2,INV528864179,,,1,1.0,0,authorized_repair,2027-05-23,123,242,7,12.0,1,0,0,Valid Claim,AX-01085
Appliance,Mechanical fault,2025-05-19,2026-09-23,2026-09-10,,24,Liquid,1,SNGMS65FWC,SNGMS65FWC,INV147332846,,,0,,0,excluded_damage,2027-05-19,492,238,13,,1,0,0,Invalid Claim,AX-01086
Phone,Battery fault,2026-06-17,2026-09-23,2026-09-21,,12,None,1,SNKZZDYYF8,SNKZZDYYF8,INV577117287,,,0,,0,covered_fault,2027-06-17,98,267,2,,1,0,0,Valid Claim,AX-01087
Appliance,Motor fault,2026-04-23,2026-09-23,2026-09-15,2026-09-05,12,None,1,SNE66435CA,SNE66435CA,INV302651138,,,1,0.0,0,unauthorized_repair,2027-04-23,153,212,8,135.0,1,0,0,Invalid Claim,AX-01088
Phone,Battery fault,2026-05-14,2026-09-23,2026-09-21,2026-09-13,24,None,1,SNCNTBAFRP,SNCNTBAFRP,INV758050288,,,1,1.0,0,authorized_repair,2028-05-14,132,599,2,122.0,1,0,0,Valid Claim,AX-01089
Laptop,Battery fault,2024-07-20,2026-09-23,2026-09-20,,24,None,1,SN62A97PMF,SN62A97PMF,INV240507948,,,0,,0,expired,2026-07-20,795,-65,3,,1,0,0,Invalid Claim,AX-01090
Phone,Battery fault,2025-12-20,2026-09-23,2026-09-12,,12,None,1,SN2DM699EH,SN2DM699EX,INV074557127,,,0,,0,serial_mismatch,2026-12-20,277,88,11,,0,0,0,Manual Review,AX-01091
Laptop,Display fault,2024-02-19,2026-09-23,2026-09-14,2025-06-12,24,None,1,SNM23SNJU9,SNM23SNJU9,INV187328150,,,1,1.0,0,expired,2026-02-19,947,-216,9,479.0,1,0,0,Invalid Claim,AX-01092
Laptop,Battery fault,2023-03-13,2026-09-23,2026-09-09,,24,None,1,SN5DRTL25E,SN5DRTL25E,INV799302355,,,0,,0,expired,2025-03-13,1290,-559,14,,1,0,0,Invalid Claim,AX-01093
Laptop,Display fault,2024-07-21,2026-09-23,2026-09-10,2025-03-30,36,None,1,SNF9MCADKG,SNF9MCADKG,INV570011873,,,1,1.0,0,covered_fault,2027-07-21,794,301,13,252.0,1,0,0,Valid Claim,AX-01094
Phone,Battery fault,2026-04-21,2026-09-23,2026-09-09,,24,None,1,SN5NHRR6E7,SN5NHRR6E7,INV431769216,,,0,,0,covered_fault,2028-04-21,155,576,14,,1,0,0,Valid Claim,AX-01095
Laptop,Power fault,2025-12-12,2026-09-23,2026-09-14,2026-07-31,12,None,1,SNBNYGP7Y9,SNBNYGP7YX,INV942973388,,,1,1.0,0,serial_mismatch,2026-12-12,285,80,9,231.0,0,0,0,Manual Review,AX-01096
Phone,Battery fault,2023-10-19,2026-09-23,2026-09-11,,24,None,1,SNGF46BZNX,SNGF46BZNX,INV990749664,,,0,,0,expired,2025-10-19,1070,-339,12,,1,0,0,Invalid Claim,AX-01097
Laptop,Battery fault,2026-03-24,2026-09-23,2026-09-20,2026-06-11,24,None,1,SNRMWAVP7P,SNRMWAVP7P,INV347679283,,,1,0.0,0,unauthorized_repair,2028-03-24,183,548,3,79.0,1,0,0,Invalid Claim,AX-01098
Appliance,Motor fault,2023-12-22,2026-09-23,2026-09-08,,36,None,1,SNLDQKNVXV,SNLDQKNVXV,INV836021578,,,0,,0,covered_fault,2026-12-22,1006,90,15,,1,0,0,Valid Claim,AX-01099
Phone,Battery fault,2025-09-12,2026-09-23,2026-09-10,2026-03-27,24,None,1,SNXYYZJDBL,SNXYYZJDBL,INV299995702,,,1,1.0,0,covered_fault,2027-09-12,376,354,13,196.0,1,0,0,Valid Claim,AX-01100
Phone,Power fault,2023-04-14,2026-09-23,2026-09-20,2023-10-09,36,None,1,SNLPZBM85Q,SNLPZBM85Q,INV810485604,,,1,1.0,0,expired,2026-04-14,1258,-162,3,178.0,1,0,0,Invalid Claim,AX-01101
Laptop,Display fault,2025-12-20,2026-09-23,2026-09-29,,12,None,1,SNTUDY7EMC,SNTUDY7EMC,INV182413085,,,0,,0,fault_after_claim,2026-12-20,277,88,-6,,1,0,1,Manual Review,AX-01102
Laptop,Power fault,2026-01-16,2026-09-23,2026-09-20,,12,None,1,SNZT9HSXFJ,SNZT9HSXFJ,INV211227397,,,0,,0,covered_fault,2027-01-16,250,115,3,,1,0,0,Valid Claim,AX-01103
Laptop,Display fault,2026-02-14,2026-09-23,2026-09-14,2026-04-24,24,None,1,SNDQ4FMPM5,SNDQ4FMPM5,INV110379114,,,1,1.0,0,covered_fault,2028-02-14,221,509,9,69.0,1,0,0,Valid Claim,AX-01104
Phone,Display fault,2024-08-15,2026-09-23,2026-09-19,,36,None,0,SNG9EN8QF8,SNG9EN8QF8,,,,0,,1,missing_proof,2027-08-15,769,326,4,,1,0,0,Manual Review,AX-01105
Phone,Battery fault,2025-02-13,2026-09-23,2026-09-18,2026-06-21,36,None,1,SNP6SVK3RV,SNP6SVK3RV,INV789341596,,,1,1.0,0,authorized_repair,2028-02-13,587,508,5,493.0,1,0,0,Valid Claim,AX-01106
Laptop,Battery fault,2026-06-24,2026-09-23,2026-09-17,,24,None,1,SNA2N3HRV6,SNA2N3HRV6,INV733055432,INV733055432,PRIOR-INV733055432,0,,0,duplicate,2028-06-24,91,640,6,,1,1,0,Manual Review,AX-01107
Laptop,Display fault,2026-05-12,2026-09-23,2026-09-20,2026-04-14,24,None,1,SNBW7QEP8S,SNBW7QEP8S,INV664634092,,,1,1.0,0,repair_before_purchase,2028-05-12,134,597,3,-28.0,1,0,1,Manual Review,AX-01108
Appliance,Mechanical fault,2025-09-11,2026-09-23,2026-09-20,2026-06-22,24,None,1,SNAVUDTSEM,SNAVUDTSEM,INV022453985,,,1,1.0,0,covered_fault,2027-09-11,377,353,3,284.0,1,0,0,Valid Claim,AX-01109
Laptop,Display fault,2024-12-14,2026-09-23,2026-09-19,,24,None,1,SNL83QLGDV,SNL83QLGDV,INV071562474,,,0,,0,covered_fault,2026-12-14,648,82,4,,1,0,0,Valid Claim,AX-01110
Phone,Battery fault,2025-11-12,2026-09-23,2026-09-13,,12,None,1,SNU3DMUKJD,SNU3DMUKJD,INV037186758,,,0,,0,covered_fault,2026-11-12,315,50,10,,1,0,0,Valid Claim,AX-01111
Appliance,Power fault,2024-10-13,2026-09-23,2026-09-12,2025-07-04,36,None,1,SNSX4UX32H,SNSX4UX32H,INV842939905,,,1,0.0,0,unauthorized_repair,2027-10-13,710,385,11,264.0,1,0,0,Invalid Claim,AX-01112
Appliance,Motor fault,2025-02-10,2026-09-23,2026-09-17,2025-10-07,24,None,1,SNJDLWN72E,SNJDLWN72E,INV176960094,,,1,1.0,0,covered_fault,2027-02-10,590,140,6,239.0,1,0,0,Valid Claim,AX-01113
Appliance,Power fault,2025-11-11,2026-09-23,2026-09-14,2026-01-22,12,None,1,SN7RLPM694,SN7RLPM694,INV963033146,,,1,1.0,0,covered_fault,2026-11-11,316,49,9,72.0,1,0,0,Valid Claim,AX-01114
Appliance,Power fault,2024-12-14,2026-09-23,2026-09-09,,24,None,1,SNDEUU8DD2,SNDEUU8DD2,INV788826541,,,0,,0,covered_fault,2026-12-14,648,82,14,,1,0,0,Valid Claim,AX-01115
Phone,Display fault,2025-11-13,2026-09-23,2026-09-12,2026-05-28,12,None,1,SNZ22FRCMT,SNZ22FRCMT,INV893390466,,,1,0.0,0,unauthorized_repair,2026-11-13,314,51,11,196.0,1,0,0,Invalid Claim,AX-01116
Appliance,Motor fault,2023-04-23,2026-09-23,2026-09-19,,36,None,1,SNQSNVXE3Y,SNQSNVXE3Y,INV436164693,,,0,,0,expired,2026-04-23,1249,-153,4,,1,0,0,Invalid Claim,AX-01117
Laptop,Battery fault,2026-07-21,2026-09-23,2026-09-08,,36,None,1,SNF7D5MCBJ,SNF7D5MCBX,INV371392610,,,0,,0,serial_mismatch,2029-07-21,64,1032,15,,0,0,0,Manual Review,AX-01118
Appliance,Power fault,2025-03-12,2026-09-23,2026-09-09,,24,Liquid,1,SN35KBCNJD,SN35KBCNJD,INV123056908,,,0,,0,excluded_damage,2027-03-12,560,170,14,,1,0,0,Invalid Claim,AX-01119
Laptop,Display fault,2024-07-15,2026-09-23,2026-09-10,2026-01-02,36,None,1,SNBD4WDD8H,SNBD4WDD8H,INV576870644,,,1,0.0,0,unauthorized_repair,2027-07-15,800,295,13,536.0,1,0,0,Invalid Claim,AX-01120
Phone,Battery fault,2024-11-13,2026-09-23,2026-09-10,2024-11-12,36,None,1,SNRSEGAK7T,SNRSEGAK7T,INV271619507,,,1,1.0,0,repair_before_purchase,2027-11-13,679,416,13,-1.0,1,0,1,Manual Review,AX-01121
Phone,Battery fault,2026-07-24,2026-09-23,2026-10-03,,12,None,1,SNDXSAAR7J,SNDXSAAR7J,INV042220735,,,0,,0,fault_after_claim,2027-07-24,61,304,-10,,1,0,1,Manual Review,AX-01122
Appliance,Mechanical fault,2026-03-19,2026-09-23,2026-09-13,2026-04-07,24,None,1,SNH9AXFQUU,SNH9AXFQUU,INV941718670,,,1,1.0,0,covered_fault,2028-03-19,188,543,10,19.0,1,0,0,Valid Claim,AX-01123
Phone,Display fault,2025-10-20,2026-09-23,2026-09-11,2026-01-17,36,None,1,SNDGLHZ8JR,SNDGLHZ8JR,INV935274531,,,1,1.0,0,authorized_repair,2028-10-20,338,758,12,89.0,1,0,0,Valid Claim,AX-01124
Laptop,Display fault,2025-09-21,2026-09-23,2026-09-21,,24,None,1,SN3B3EW26Q,SN3B3EW26Q,INV075308381,INV075308381,PRIOR-INV075308381,0,,0,duplicate,2027-09-21,367,363,2,,1,1,0,Manual Review,AX-01125
Appliance,Power fault,2025-05-15,2026-09-23,2026-09-17,,36,None,1,SN2ML4V27W,SN2ML4V27W,INV112436423,,,0,,0,covered_fault,2028-05-15,496,600,6,,1,0,0,Valid Claim,AX-01126
Laptop,Display fault,2022-07-23,2026-09-23,2026-09-20,2024-07-19,36,None,1,SN7SR4JFXT,SN7SR4JFXT,INV547599462,,,1,1.0,0,expired,2025-07-23,1523,-427,3,727.0,1,0,0,Invalid Claim,AX-01127
Laptop,Power fault,2025-12-20,2026-09-23,2026-10-08,,12,None,1,SN63YVBBET,SN63YVBBET,INV279231102,,,0,,0,fault_after_claim,2026-12-20,277,88,-15,,1,0,1,Manual Review,AX-01128
Phone,Battery fault,2023-10-18,2026-09-23,2026-09-09,,24,None,1,SN6QE8AJTK,SN6QE8AJTK,INV969041878,,,0,,0,expired,2025-10-18,1071,-340,14,,1,0,0,Invalid Claim,AX-01129
Phone,Battery fault,2026-07-24,2026-09-23,2026-09-07,2026-08-16,24,None,1,SNYE2HRXL9,SNYE2HRXL9,INV703151435,,,1,1.0,0,covered_fault,2028-07-24,61,670,16,23.0,1,0,0,Valid Claim,AX-01130
Appliance,Motor fault,2026-01-21,2026-09-23,2026-09-19,,12,Impact,1,SNLJLBFNFD,SNLJLBFNFD,INV542469136,,,0,,0,excluded_damage,2027-01-21,245,120,4,,1,0,0,Invalid Claim,AX-01131
Laptop,Battery fault,2025-03-13,2026-09-23,2026-09-12,,36,None,1,SNF5GF5TFG,SNF5GF5TFX,INV302371963,,,0,,0,serial_mismatch,2028-03-13,559,537,11,,0,0,0,Manual Review,AX-01132
Phone,Power fault,2023-04-20,2026-09-23,2026-09-15,2025-02-07,36,None,1,SNXB5RUWJV,SNXB5RUWJV,INV162195286,,,1,1.0,0,expired,2026-04-20,1252,-156,8,659.0,1,0,0,Invalid Claim,AX-01133
Laptop,Display fault,2026-01-17,2026-09-23,2026-09-14,2026-02-21,12,None,1,SNZMCHXDU2,SNZMCHXDU2,INV133686941,,,1,1.0,0,authorized_repair,2027-01-17,249,116,9,35.0,1,0,0,Valid Claim,AX-01134
Phone,Battery fault,2025-05-13,2026-09-23,2026-09-07,,36,Liquid,1,SNLPYZ5TQM,SNLPYZ5TQM,INV819911662,,,0,,0,excluded_damage,2028-05-13,498,598,16,,1,0,0,Invalid Claim,AX-01135
Phone,Display fault,2024-08-22,2026-09-23,2026-09-09,,36,None,1,SN5HUSNKLL,SN5HUSNKLL,INV151593788,,,0,,0,covered_fault,2027-08-22,762,333,14,,1,0,0,Valid Claim,AX-01136
Appliance,Power fault,2025-07-13,2026-09-23,2026-09-09,,24,None,1,SNVGEPGJE8,SNVGEPGJEX,INV619548884,,,0,,0,serial_mismatch,2027-07-13,437,293,14,,0,0,0,Manual Review,AX-01137
Appliance,Power fault,2025-08-12,2026-09-23,2026-09-21,2025-08-19,24,None,1,SNW7ZHB4WX,SNW7ZHB4WX,INV662462698,,,1,1.0,0,authorized_repair,2027-08-12,407,323,2,7.0,1,0,0,Valid Claim,AX-01138
Phone,Power fault,2025-10-18,2026-09-23,2026-09-11,2026-01-07,24,None,1,SNA5UNEWAZ,SNA5UNEWAZ,INV243377500,,,1,1.0,0,authorized_repair,2027-10-18,340,390,12,81.0,1,0,0,Valid Claim,AX-01139
Phone,Power fault,2026-04-19,2026-09-23,2026-09-12,2026-08-17,12,Impact,1,SNYRBZ9UV8,SNYRBZ9UV8,INV416616226,,,1,1.0,0,excluded_damage,2027-04-19,157,208,11,120.0,1,0,0,Invalid Claim,AX-01140
Laptop,Display fault,2026-05-23,2026-09-23,2026-10-01,,12,None,1,SNXY9YFEFF,SNXY9YFEFF,INV826577806,,,0,,0,fault_after_claim,2027-05-23,123,242,-8,,1,0,1,Manual Review,AX-01141
Laptop,Display fault,2026-04-13,2026-09-23,2026-09-10,,24,None,1,SNKGESU5SE,SNKGESU5SE,INV736581416,,,0,,0,covered_fault,2028-04-13,163,568,13,,1,0,0,Valid Claim,AX-01142
Phone,Battery fault,2026-01-13,2026-09-23,2026-09-28,,12,None,1,SNXEFPLTD2,SNXEFPLTD2,INV139257309,,,0,,0,fault_after_claim,2027-01-13,253,112,-5,,1,0,1,Manual Review,AX-01143
Laptop,Battery fault,2026-03-13,2026-09-23,2026-09-10,,12,None,1,SN8SRCBPLJ,SN8SRCBPLJ,INV098599620,,,0,,0,covered_fault,2027-03-13,194,171,13,,1,0,0,Valid Claim,AX-01144
Phone,Power fault,2026-06-14,2026-09-23,2026-09-20,2026-08-16,24,None,1,SN7WAPZNZN,SN7WAPZNZX,INV862431877,,,1,1.0,0,serial_mismatch,2028-06-14,101,630,3,63.0,0,0,0,Manual Review,AX-01145
Phone,Power fault,2025-11-19,2026-09-23,2026-09-12,2026-06-21,12,None,1,SNY7WGVKMX,SNY7WGVKMX,INV969563134,,,1,1.0,0,covered_fault,2026-11-19,308,57,11,214.0,1,0,0,Valid Claim,AX-01146
Phone,Power fault,2026-07-18,2026-09-23,2026-09-10,,36,Liquid,1,SNY5V5BUH2,SNY5V5BUH2,INV515829594,,,0,,0,excluded_damage,2029-07-18,67,1029,13,,1,0,0,Invalid Claim,AX-01147
Phone,Display fault,2026-03-13,2026-09-23,2026-09-18,2026-05-30,12,None,1,SNW2DAKRL8,SNW2DAKRL8,INV281045618,,,1,1.0,0,authorized_repair,2027-03-13,194,171,5,78.0,1,0,0,Valid Claim,AX-01148
Appliance,Motor fault,2026-07-13,2026-09-23,2026-09-17,,24,None,1,SNU9PK43UC,SNU9PK43UC,INV705076355,INV705076355,PRIOR-INV705076355,0,,0,duplicate,2028-07-13,72,659,6,,1,1,0,Manual Review,AX-01149
Laptop,Display fault,2025-12-19,2026-09-23,2026-09-09,2026-03-31,12,None,1,SNBGTFNSFQ,SNBGTFNSFQ,INV636275147,,,1,0.0,0,unauthorized_repair,2026-12-19,278,87,14,102.0,1,0,0,Invalid Claim,AX-01150
Laptop,Battery fault,2024-11-18,2026-09-23,2026-09-11,,12,None,1,SNKQZ55CEG,SNKQZ55CEG,INV992577497,,,0,,0,expired,2025-11-18,674,-309,12,,1,0,0,Invalid Claim,AX-01151
Appliance,Motor fault,2024-03-22,2026-09-23,2026-09-08,,36,None,1,SNWUBZGY2V,SNWUBZGY2V,INV221693333,,,0,,0,covered_fault,2027-03-22,915,180,15,,1,0,0,Valid Claim,AX-01152
Appliance,Motor fault,2025-11-22,2026-09-23,2026-09-16,2025-11-11,36,None,1,SN5S5TR32E,SN5S5TR32E,INV275102769,,,1,1.0,0,repair_before_purchase,2028-11-22,305,791,7,-11.0,1,0,1,Manual Review,AX-01153
Appliance,Mechanical fault,2023-12-20,2026-09-23,2026-09-16,2024-08-06,36,None,1,SNURMVTECP,SNURMVTECP,INV300721263,,,1,1.0,0,authorized_repair,2026-12-20,1008,88,7,230.0,1,0,0,Valid Claim,AX-01154
Phone,Power fault,2026-04-22,2026-09-23,2026-09-14,2026-04-23,24,None,1,SN6GS368W9,SN6GS368W9,INV726329391,,,1,1.0,0,authorized_repair,2028-04-22,154,577,9,1.0,1,0,0,Valid Claim,AX-01155
Appliance,Mechanical fault,2025-04-12,2026-09-23,2026-09-10,,36,Liquid,1,SNP4AJEAW2,SNP4AJEAW2,INV049165571,,,0,,0,excluded_damage,2028-04-12,529,567,13,,1,0,0,Invalid Claim,AX-01156
Laptop,Battery fault,2026-06-23,2026-09-23,2026-10-08,2026-07-14,36,None,1,SNBEDPL7R8,SNBEDPL7R8,INV708652993,,,1,1.0,0,fault_after_claim,2029-06-23,92,1004,-15,21.0,1,0,1,Manual Review,AX-01157
Laptop,Power fault,2025-12-13,2026-09-23,2026-09-20,,12,None,1,SNS997E5UM,SNS997E5UM,INV679700200,,,0,,0,covered_fault,2026-12-13,284,81,3,,1,0,0,Valid Claim,AX-01158
Phone,Power fault,2026-04-13,2026-09-23,2026-09-16,2026-08-15,36,None,1,SNFD4AH6AY,SNFD4AH6AY,INV341956658,,,1,0.0,0,unauthorized_repair,2029-04-13,163,933,7,124.0,1,0,0,Invalid Claim,AX-01159
Phone,Battery fault,2025-02-21,2026-09-23,2026-09-22,2025-05-12,36,Liquid,1,SN9ALSL6R8,SN9ALSL6R8,INV132350752,,,1,1.0,0,excluded_damage,2028-02-21,579,516,1,80.0,1,0,0,Invalid Claim,AX-01160
Appliance,Mechanical fault,2023-12-12,2026-09-23,2026-09-08,,36,None,1,SN367BGFX4,SN367BGFX4,INV700945024,INV700945024,PRIOR-INV700945024,0,,0,duplicate,2026-12-12,1016,80,15,,1,1,0,Manual Review,AX-01161
Laptop,Battery fault,2026-04-17,2026-09-23,2026-09-16,,12,None,0,SN7G5GYLRR,SN7G5GYLRR,,,,0,,2,missing_proof,2027-04-17,159,206,7,,1,0,0,Manual Review,AX-01162
Appliance,Power fault,2025-12-23,2026-09-23,2026-09-11,,12,None,1,SNG8UZS4KD,SNG8UZS4KD,INV784428971,,,0,,0,covered_fault,2026-12-23,274,91,12,,1,0,0,Valid Claim,AX-01163
Laptop,Power fault,2024-04-13,2026-09-23,2026-09-14,2024-04-02,36,None,1,SNCW7LX6YV,SNCW7LX6YV,INV797942466,,,1,1.0,0,repair_before_purchase,2027-04-13,893,202,9,-11.0,1,0,1,Manual Review,AX-01164
Laptop,Power fault,2024-11-15,2026-09-23,2026-09-15,2025-05-18,24,None,0,SNJ5BHPHKZ,SNJ5BHPHKZ,,,,1,1.0,1,missing_proof,2026-11-15,677,53,8,184.0,1,0,0,Manual Review,AX-01165
Appliance,Mechanical fault,2025-09-11,2026-09-23,2026-09-10,,36,Liquid,1,SNGLNHKHVR,SNGLNHKHVR,INV092648333,,,0,,0,excluded_damage,2028-09-11,377,719,13,,1,0,0,Invalid Claim,AX-01166
Appliance,Motor fault,2025-02-10,2026-09-23,2026-09-09,,24,None,1,SNYYYW6B3K,SNYYYW6B3K,INV362384741,INV362384741,PRIOR-INV362384741,0,,0,duplicate,2027-02-10,590,140,14,,1,1,0,Manual Review,AX-01167
Laptop,Battery fault,2023-11-16,2026-09-23,2026-09-11,,36,None,0,SN3SE4VG9T,SN3SE4VG9T,,,,0,,2,missing_proof,2026-11-16,1042,54,12,,1,0,0,Manual Review,AX-01168
Laptop,Display fault,2026-05-15,2026-09-23,2026-09-11,2026-04-01,24,None,1,SNPQEMMHHW,SNPQEMMHHW,INV752360973,,,1,1.0,0,repair_before_purchase,2028-05-15,131,600,12,-44.0,1,0,1,Manual Review,AX-01169
Phone,Battery fault,2024-12-17,2026-09-23,2026-09-07,2025-08-23,24,None,1,SNAA3QXRTX,SNAA3QXRTX,INV822916534,,,1,0.0,0,unauthorized_repair,2026-12-17,645,85,16,249.0,1,0,0,Invalid Claim,AX-01170
Phone,Battery fault,2023-03-13,2026-09-23,2026-09-14,,24,None,1,SN6F5YYV5U,SN6F5YYV5U,INV285209768,,,0,,0,expired,2025-03-13,1290,-559,9,,1,0,0,Invalid Claim,AX-01171
Laptop,Display fault,2026-04-20,2026-09-23,2026-09-13,2026-06-28,36,None,1,SNMUGXHD5M,SNMUGXHD5M,INV758898660,,,1,1.0,0,covered_fault,2029-04-20,156,940,10,69.0,1,0,0,Valid Claim,AX-01172
Appliance,Power fault,2025-02-18,2026-09-23,2026-09-09,2025-02-27,24,None,0,SNX6VXZV4C,SNX6VXZV4C,,,,1,1.0,1,missing_proof,2027-02-18,582,148,14,9.0,1,0,0,Manual Review,AX-01173
Appliance,Motor fault,2026-06-17,2026-09-23,2026-09-17,2026-06-19,36,None,1,SNACH5UTJY,SNACH5UTJY,INV471060484,,,1,0.0,0,unauthorized_repair,2029-06-17,98,998,6,2.0,1,0,0,Invalid Claim,AX-01174
Appliance,Motor fault,2026-07-20,2026-09-23,2026-09-11,,24,None,1,SNM3LLEPYP,SNM3LLEPYX,INV445837214,,,0,,0,serial_mismatch,2028-07-20,65,666,12,,0,0,0,Manual Review,AX-01175
Phone,Power fault,2025-11-14,2026-09-23,2026-09-08,,24,None,1,SNXT6WSFRX,SNXT6WSFRX,INV892688997,,,0,,0,covered_fault,2027-11-14,313,417,15,,1,0,0,Valid Claim,AX-01176
Phone,Display fault,2022-11-13,2026-09-23,2026-09-11,2022-12-17,36,None,1,SNGC67ZTJR,SNGC67ZTJR,INV227911209,,,1,1.0,0,expired,2025-11-13,1410,-314,12,34.0,1,0,0,Invalid Claim,AX-01177
Appliance,Motor fault,2025-03-18,2026-09-23,2026-09-16,2026-08-09,24,None,1,SNYVDZW9RY,SNYVDZW9RY,INV992635931,,,1,1.0,0,covered_fault,2027-03-18,554,176,7,509.0,1,0,0,Valid Claim,AX-01178
Appliance,Power fault,2025-06-20,2026-09-23,2026-09-09,2025-05-25,24,None,1,SNJAJLTUU6,SNJAJLTUU6,INV925720546,,,1,1.0,0,repair_before_purchase,2027-06-20,460,270,14,-26.0,1,0,1,Manual Review,AX-01179
Appliance,Motor fault,2024-06-22,2026-09-23,2026-09-13,,36,None,1,SNFGZPQVJL,SNFGZPQVJL,INV131388489,,,0,,0,covered_fault,2027-06-22,823,272,10,,1,0,0,Valid Claim,AX-01180
Phone,Battery fault,2026-01-18,2026-09-23,2026-09-20,,12,Impact,1,SNRPBADZMD,SNRPBADZMD,INV581300541,,,0,,0,excluded_damage,2027-01-18,248,117,3,,1,0,0,Invalid Claim,AX-01181
Appliance,Mechanical fault,2023-04-21,2026-09-23,2026-09-22,,24,None,1,SNBN6DK6X7,SNBN6DK6X7,INV313294156,,,0,,0,expired,2025-04-21,1251,-520,1,,1,0,0,Invalid Claim,AX-01182
Laptop,Power fault,2024-06-18,2026-09-23,2026-09-20,,12,None,1,SN2V3W9Y59,SN2V3W9Y59,INV069153239,,,0,,0,expired,2025-06-18,827,-462,3,,1,0,0,Invalid Claim,AX-01183
Appliance,Motor fault,2025-11-17,2026-09-23,2026-09-09,2026-08-06,36,None,1,SNLAQ666CL,SNLAQ666CL,INV671707607,,,1,1.0,0,authorized_repair,2028-11-17,310,786,14,262.0,1,0,0,Valid Claim,AX-01184
Phone,Battery fault,2026-02-21,2026-09-23,2026-09-08,2026-09-04,12,None,1,SND7AE59C3,SND7AE59C3,INV263036596,,,1,1.0,0,authorized_repair,2027-02-21,214,151,15,195.0,1,0,0,Valid Claim,AX-01185
Phone,Display fault,2023-03-21,2026-09-23,2026-09-21,,24,None,1,SNQPEQ6XE8,SNQPEQ6XE8,INV879259463,,,0,,0,expired,2025-03-21,1282,-551,2,,1,0,0,Invalid Claim,AX-01186
Phone,Display fault,2026-05-17,2026-09-23,2026-09-12,,24,Liquid,1,SNE6HV87ZP,SNE6HV87ZP,INV767830485,,,0,,0,excluded_damage,2028-05-17,129,602,11,,1,0,0,Invalid Claim,AX-01187
Appliance,Motor fault,2026-03-23,2026-09-23,2026-09-19,,12,None,1,SNZEKGLX5S,SNZEKGLX5S,INV290680319,,,0,,0,covered_fault,2027-03-23,184,181,4,,1,0,0,Valid Claim,AX-01188
Laptop,Display fault,2024-10-20,2026-09-23,2026-09-10,2024-11-22,36,None,1,SNZTT9KUAK,SNZTT9KUAK,INV066530918,,,1,0.0,0,unauthorized_repair,2027-10-20,703,392,13,33.0,1,0,0,Invalid Claim,AX-01189
Laptop,Power fault,2026-07-24,2026-09-23,2026-09-21,2026-08-27,12,None,1,SNXLKJVPJR,SNXLKJVPJR,INV316671387,,,1,1.0,0,covered_fault,2027-07-24,61,304,2,34.0,1,0,0,Valid Claim,AX-01190
Appliance,Motor fault,2026-04-13,2026-09-23,2026-09-18,,12,None,1,SNB7WWFJUR,SNB7WWFJUR,INV274996816,INV274996816,PRIOR-INV274996816,0,,0,duplicate,2027-04-13,163,202,5,,1,1,0,Manual Review,AX-01191
Phone,Battery fault,2026-06-13,2026-09-23,2026-09-07,,12,None,1,SN7YYNHLKQ,SN7YYNHLKQ,INV633848773,,,0,,0,covered_fault,2027-06-13,102,263,16,,1,0,0,Valid Claim,AX-01192
Laptop,Display fault,2025-11-22,2026-09-23,2026-09-07,2025-11-26,12,None,1,SN9E6X6U9J,SN9E6X6U9J,INV411324488,,,1,0.0,0,unauthorized_repair,2026-11-22,305,60,16,4.0,1,0,0,Invalid Claim,AX-01193
Appliance,Mechanical fault,2026-07-20,2026-09-23,2026-09-08,2026-09-06,36,Liquid,1,SNAF5VNSMV,SNAF5VNSMV,INV816469362,,,1,1.0,0,excluded_damage,2029-07-20,65,1031,15,48.0,1,0,0,Invalid Claim,AX-01194
Appliance,Power fault,2024-10-15,2026-09-23,2026-09-07,2026-02-19,36,None,1,SNYK4MX9U3,SNYK4MX9U3,INV760497757,,,1,1.0,0,covered_fault,2027-10-15,708,387,16,492.0,1,0,0,Valid Claim,AX-01195
Laptop,Battery fault,2024-11-16,2026-09-23,2026-09-09,2024-12-18,24,None,1,SNLNDAZCZB,SNLNDAZCZB,INV835266293,,,1,1.0,0,covered_fault,2026-11-16,676,54,14,32.0,1,0,0,Valid Claim,AX-01196
Laptop,Display fault,2026-02-10,2026-09-23,2026-09-10,2026-02-14,36,Impact,1,SNFFFM2TM3,SNFFFM2TM3,INV947945178,,,1,1.0,0,excluded_damage,2029-02-10,225,871,13,4.0,1,0,0,Invalid Claim,AX-01197
Phone,Battery fault,2024-08-13,2026-09-23,2026-09-17,2024-07-14,36,None,1,SNYRVLVV3S,SNYRVLVV3S,INV769995335,,,1,1.0,0,repair_before_purchase,2027-08-13,771,324,6,-30.0,1,0,1,Manual Review,AX-01198
Phone,Power fault,2024-02-14,2026-09-23,2026-09-08,2025-11-02,36,None,1,SNZ3TVGUWG,SNZ3TVGUWG,INV243288799,,,1,0.0,0,unauthorized_repair,2027-02-14,952,144,15,627.0,1,0,0,Invalid Claim,AX-01199
Phone,Power fault,2025-01-17,2026-09-23,2026-09-18,2025-01-04,24,None,1,SNXHC5UJPJ,SNXHC5UJPJ,INV936873451,,,1,1.0,0,repair_before_purchase,2027-01-17,614,116,5,-13.0,1,0,1,Manual Review,AX-01200
Laptop,Power fault,2026-01-13,2026-09-23,2026-09-12,,24,None,1,SNGR6WEEZT,SNGR6WEEZT,INV745391478,,,0,,0,covered_fault,2028-01-13,253,477,11,,1,0,0,Valid Claim,AX-01201
Laptop,Battery fault,2026-05-22,2026-09-23,2026-09-10,2026-04-25,12,None,1,SNDULJ7XA5,SNDULJ7XA5,INV138526728,,,1,1.0,0,repair_before_purchase,2027-05-22,124,241,13,-27.0,1,0,1,Manual Review,AX-01202
Appliance,Mechanical fault,2024-04-14,2026-09-23,2026-09-07,,36,None,1,SN727YF4DX,SN727YF4DX,INV638466233,,,0,,0,covered_fault,2027-04-14,892,203,16,,1,0,0,Valid Claim,AX-01203
Laptop,Power fault,2025-08-18,2026-09-23,2026-09-08,,36,Impact,1,SN5U6AVE8E,SN5U6AVE8E,INV873865810,,,0,,0,excluded_damage,2028-08-18,401,695,15,,1,0,0,Invalid Claim,AX-01204
Phone,Power fault,2025-07-18,2026-09-23,2026-09-22,,24,None,1,SNGGSC3FLX,SNGGSC3FLY,INV594249563,,,0,,0,serial_mismatch,2027-07-18,432,298,1,,0,0,0,Manual Review,AX-01205
Appliance,Mechanical fault,2025-12-19,2026-09-23,2026-09-16,2026-03-19,12,None,1,SNAECN3S76,SNAECN3S76,INV457284772,,,1,1.0,0,authorized_repair,2026-12-19,278,87,7,90.0,1,0,0,Valid Claim,AX-01206
Appliance,Power fault,2026-04-16,2026-09-23,2026-10-01,,12,None,1,SN4P7SRC85,SN4P7SRC85,INV044916663,,,0,,0,fault_after_claim,2027-04-16,160,205,-8,,1,0,1,Manual Review,AX-01207
Appliance,Mechanical fault,2023-11-12,2026-09-23,2026-09-10,,36,Impact,1,SN3TAT68LY,SN3TAT68LY,INV183508669,,,0,,0,excluded_damage,2026-11-12,1046,50,13,,1,0,0,Invalid Claim,AX-01208
Appliance,Motor fault,2025-10-21,2026-09-23,2026-09-16,2026-08-12,36,None,1,SNQWWBX9KN,SNQWWBX9KN,INV069175337,,,1,0.0,0,unauthorized_repair,2028-10-21,337,759,7,295.0,1,0,0,Invalid Claim,AX-01209
Appliance,Mechanical fault,2025-05-16,2026-09-23,2026-09-08,2026-09-01,24,None,1,SNMGZYMSFW,SNMGZYMSFW,INV308797223,,,1,0.0,0,unauthorized_repair,2027-05-16,495,235,15,473.0,1,0,0,Invalid Claim,AX-01210
Phone,Battery fault,2026-04-24,2026-09-23,2026-09-09,2026-08-24,12,None,1,SN6SPZX4RP,SN6SPZX4RP,INV409282975,INV409282975,PRIOR-INV409282975,1,1.0,0,duplicate,2027-04-24,152,213,14,122.0,1,1,0,Manual Review,AX-01211
Phone,Power fault,2023-11-14,2026-09-23,2026-09-16,,36,None,1,SNE2T2SALA,SNE2T2SALA,INV988308904,,,0,,0,covered_fault,2026-11-14,1044,52,7,,1,0,0,Valid Claim,AX-01212
Phone,Battery fault,2025-11-11,2026-09-23,2026-09-21,2026-04-15,36,Impact,1,SNGVMKVPNM,SNGVMKVPNM,INV310461877,,,1,1.0,0,excluded_damage,2028-11-11,316,780,2,155.0,1,0,0,Invalid Claim,AX-01213
Phone,Display fault,2026-06-23,2026-09-23,2026-09-07,,12,None,1,SNECSZDJH9,SNECSZDJH9,INV240102837,,,0,,0,covered_fault,2027-06-23,92,273,16,,1,0,0,Valid Claim,AX-01214
Phone,Battery fault,2026-04-15,2026-09-23,2026-09-14,2026-06-30,12,None,1,SNAY72TFZ9,SNAY72TFZ9,INV561820181,,,1,0.0,0,unauthorized_repair,2027-04-15,161,204,9,76.0,1,0,0,Invalid Claim,AX-01215
Phone,Display fault,2026-01-14,2026-09-23,2026-09-08,,12,None,0,SNK3GQKQ8E,SNK3GQKQ8E,,,,0,,1,missing_proof,2027-01-14,252,113,15,,1,0,0,Manual Review,AX-01216
Laptop,Display fault,2026-06-21,2026-09-23,2026-09-11,2026-09-04,12,None,1,SNYB2ECLBJ,SNYB2ECLBJ,INV168372843,,,1,0.0,0,unauthorized_repair,2027-06-21,94,271,12,75.0,1,0,0,Invalid Claim,AX-01217
Phone,Power fault,2024-02-18,2026-09-23,2026-09-17,2026-04-03,36,None,1,SNULABLRE4,SNULABLRE4,INV304316763,,,1,0.0,0,unauthorized_repair,2027-02-18,948,148,6,775.0,1,0,0,Invalid Claim,AX-01218
Appliance,Power fault,2025-09-20,2026-09-23,2026-09-12,2025-10-31,24,None,1,SNWPH875EP,SNWPH875EP,INV969609209,INV969609209,PRIOR-INV969609209,1,1.0,0,duplicate,2027-09-20,368,362,11,41.0,1,1,0,Manual Review,AX-01219
Phone,Display fault,2026-03-14,2026-09-23,2026-09-15,2026-06-23,24,None,1,SNPW3GKQRA,SNPW3GKQRA,INV117948525,,,1,1.0,0,authorized_repair,2028-03-14,193,538,8,101.0,1,0,0,Valid Claim,AX-01220
Appliance,Mechanical fault,2026-07-23,2026-09-23,2026-09-19,2026-07-11,12,None,1,SNGS6GM4TF,SNGS6GM4TF,INV925997177,,,1,1.0,0,repair_before_purchase,2027-07-23,62,303,4,-12.0,1,0,1,Manual Review,AX-01221
Appliance,Mechanical fault,2026-03-13,2026-09-23,2026-09-20,,12,Liquid,1,SNS4ZU8ERY,SNS4ZU8ERY,INV517304850,,,0,,0,excluded_damage,2027-03-13,194,171,3,,1,0,0,Invalid Claim,AX-01222
Phone,Battery fault,2026-04-22,2026-09-23,2026-09-17,,24,Impact,1,SNQXPHCLKS,SNQXPHCLKS,INV887632629,,,0,,0,excluded_damage,2028-04-22,154,577,6,,1,0,0,Invalid Claim,AX-01223
Laptop,Display fault,2024-01-12,2026-09-23,2026-09-12,,36,None,1,SN59DFP25C,SN59DFP25C,INV097256844,,,0,,0,covered_fault,2027-01-12,985,111,11,,1,0,0,Valid Claim,AX-01224
Laptop,Display fault,2024-06-19,2026-09-23,2026-09-09,2024-09-18,24,None,1,SN62T8ELW4,SN62T8ELW4,INV671270368,,,1,1.0,0,expired,2026-06-19,826,-96,14,91.0,1,0,0,Invalid Claim,AX-01225
Phone,Battery fault,2025-12-20,2026-09-23,2026-09-13,,12,Liquid,1,SNVU6FLVXW,SNVU6FLVXW,INV042180247,,,0,,0,excluded_damage,2026-12-20,277,88,10,,1,0,0,Invalid Claim,AX-01226
Laptop,Display fault,2026-03-19,2026-09-23,2026-09-15,,12,None,1,SNH3CN7ZZ3,SNH3CN7ZZ3,INV186595375,,,0,,0,covered_fault,2027-03-19,188,177,8,,1,0,0,Valid Claim,AX-01227
Appliance,Power fault,2025-02-10,2026-09-23,2026-09-07,2025-04-09,24,None,1,SNMULJAVA3,SNMULJAVA3,INV284352122,,,1,1.0,0,covered_fault,2027-02-10,590,140,16,58.0,1,0,0,Valid Claim,AX-01228
Phone,Display fault,2026-06-21,2026-09-23,2026-09-11,2026-08-21,12,None,1,SNN5ZUZQKS,SNN5ZUZQKS,INV610414285,INV610414285,PRIOR-INV610414285,1,1.0,0,duplicate,2027-06-21,94,271,12,61.0,1,1,0,Manual Review,AX-01229
Appliance,Power fault,2026-03-18,2026-09-23,2026-09-08,2026-03-21,24,None,1,SNR3XTPMAM,SNR3XTPMAM,INV467259931,,,1,1.0,0,authorized_repair,2028-03-18,189,542,15,3.0,1,0,0,Valid Claim,AX-01230
Laptop,Power fault,2026-06-17,2026-09-23,2026-09-13,2026-08-04,36,None,1,SNWKH3NQYF,SNWKH3NQYF,INV443183933,,,1,1.0,0,authorized_repair,2029-06-17,98,998,10,48.0,1,0,0,Valid Claim,AX-01231
Appliance,Mechanical fault,2026-02-15,2026-09-23,2026-09-17,2026-04-02,12,None,1,SN646XRWVT,SN646XRWVT,INV229874424,,,1,1.0,0,authorized_repair,2027-02-15,220,145,6,46.0,1,0,0,Valid Claim,AX-01232
Appliance,Motor fault,2025-06-17,2026-09-23,2026-09-21,2025-08-10,24,None,1,SNW5JZJJSP,SNW5JZJJSP,INV890182456,,,1,0.0,0,unauthorized_repair,2027-06-17,463,267,2,54.0,1,0,0,Invalid Claim,AX-01233
Appliance,Power fault,2025-12-18,2026-09-23,2026-09-15,,12,None,1,SNF77LK6GQ,SNF77LK6GQ,INV269795163,,,0,,0,covered_fault,2026-12-18,279,86,8,,1,0,0,Valid Claim,AX-01234
Laptop,Display fault,2026-05-12,2026-09-23,2026-09-20,2026-07-19,12,None,1,SNXUTFDEY8,SNXUTFDEY8,INV772079583,,,1,0.0,0,unauthorized_repair,2027-05-12,134,231,3,68.0,1,0,0,Invalid Claim,AX-01235
Laptop,Battery fault,2026-01-12,2026-09-23,2026-09-11,2026-01-11,36,None,1,SNZTUYF3UF,SNZTUYF3UF,INV886125921,,,1,1.0,0,repair_before_purchase,2029-01-12,254,842,12,-1.0,1,0,1,Manual Review,AX-01236
Phone,Power fault,2024-09-19,2026-09-23,2026-09-09,2025-04-10,36,None,1,SN65EFVJDX,SN65EFVJDX,INV507956062,,,1,1.0,0,authorized_repair,2027-09-19,734,361,14,203.0,1,0,0,Valid Claim,AX-01237
Laptop,Battery fault,2025-10-17,2026-09-23,2026-10-12,,24,None,1,SN4TVA8XWL,SN4TVA8XWL,INV482721697,,,0,,0,fault_after_claim,2027-10-17,341,389,-19,,1,0,1,Manual Review,AX-01238
Phone,Power fault,2022-11-12,2026-09-23,2026-09-10,,36,None,1,SN3TZJDSFQ,SN3TZJDSFQ,INV806469042,,,0,,0,expired,2025-11-12,1411,-315,13,,1,0,0,Invalid Claim,AX-01239
Laptop,Battery fault,2024-03-16,2026-09-23,2026-09-07,,36,None,1,SNMQBHAEGD,SNMQBHAEGX,INV716058025,,,0,,0,serial_mismatch,2027-03-16,921,174,16,,0,0,0,Manual Review,AX-01240
Appliance,Mechanical fault,2024-06-16,2026-09-23,2026-09-15,2024-07-27,36,Liquid,1,SNZEV36W2F,SNZEV36W2F,INV527400081,,,1,1.0,0,excluded_damage,2027-06-16,829,266,8,41.0,1,0,0,Invalid Claim,AX-01241
Appliance,Power fault,2025-11-13,2026-09-23,2026-10-07,,36,None,1,SN7B9V5YQW,SN7B9V5YQW,INV839945029,,,0,,0,fault_after_claim,2028-11-13,314,782,-14,,1,0,1,Manual Review,AX-01242
Laptop,Display fault,2024-04-11,2026-09-23,2026-09-10,2025-12-30,36,None,1,SNC9RNS7YT,SNC9RNS7YT,INV738560763,,,1,1.0,0,covered_fault,2027-04-11,895,200,13,628.0,1,0,0,Valid Claim,AX-01243
Laptop,Display fault,2026-03-17,2026-09-23,2026-09-21,2026-04-13,24,None,1,SNXLKW9KGG,SNXLKW9KGG,INV981558178,,,1,0.0,0,unauthorized_repair,2028-03-17,190,541,2,27.0,1,0,0,Invalid Claim,AX-01244
Phone,Display fault,2024-06-22,2026-09-23,2026-09-08,,12,None,1,SNVKT9XJMY,SNVKT9XJMY,INV533116395,,,0,,0,expired,2025-06-22,823,-458,15,,1,0,0,Invalid Claim,AX-01245
Laptop,Battery fault,2025-11-13,2026-09-23,2026-09-16,,36,None,1,SNJPGKK7QF,SNJPGKK7QF,INV780565633,,,0,,0,covered_fault,2028-11-13,314,782,7,,1,0,0,Valid Claim,AX-01246
Laptop,Power fault,2026-06-15,2026-09-23,2026-09-11,2026-07-04,24,None,1,SNJLK4TFMA,SNJLK4TFMA,INV365307200,,,1,1.0,0,covered_fault,2028-06-15,100,631,12,19.0,1,0,0,Valid Claim,AX-01247
Phone,Battery fault,2026-01-13,2026-09-23,2026-09-15,2026-04-28,12,None,1,SN2N7KUPUB,SN2N7KUPUB,INV907620251,,,1,1.0,0,authorized_repair,2027-01-13,253,112,8,105.0,1,0,0,Valid Claim,AX-01248
Appliance,Power fault,2025-04-17,2026-09-23,2026-09-17,2025-09-22,36,None,0,SNVZM2SLP8,SNVZM2SLP8,,,,1,1.0,2,missing_proof,2028-04-17,524,572,6,158.0,1,0,0,Manual Review,AX-01249
Phone,Display fault,2025-09-16,2026-09-23,2026-09-09,2025-12-12,24,None,1,SNCAW7ATUD,SNCAW7ATUD,INV761548571,,,1,1.0,0,covered_fault,2027-09-16,372,358,14,87.0,1,0,0,Valid Claim,AX-01250
Phone,Battery fault,2025-04-21,2026-09-23,2026-09-22,2026-04-21,24,None,1,SNKTFXLDYP,SNKTFXLDYP,INV823287058,,,1,0.0,0,unauthorized_repair,2027-04-21,520,210,1,365.0,1,0,0,Invalid Claim,AX-01251
Phone,Display fault,2026-03-19,2026-09-23,2026-09-16,2026-05-13,36,None,1,SNXY9VLU8V,SNXY9VLU8V,INV414702022,,,1,1.0,0,covered_fault,2029-03-19,188,908,7,55.0,1,0,0,Valid Claim,AX-01252
Laptop,Display fault,2023-09-22,2026-09-23,2026-09-14,,24,None,1,SNLUED5PH5,SNLUED5PH5,INV518203851,,,0,,0,expired,2025-09-22,1097,-366,9,,1,0,0,Invalid Claim,AX-01253
Phone,Display fault,2025-11-17,2026-09-23,2026-09-21,2026-01-14,12,None,1,SNTSWBKNK4,SNTSWBKNK4,INV446051847,,,1,1.0,0,authorized_repair,2026-11-17,310,55,2,58.0,1,0,0,Valid Claim,AX-01254
Phone,Display fault,2026-07-12,2026-09-23,2026-09-22,,36,None,1,SN9QZPNHQE,SN9QZPNHQE,INV187066982,,,0,,0,covered_fault,2029-07-12,73,1023,1,,1,0,0,Valid Claim,AX-01255
Appliance,Mechanical fault,2022-09-12,2026-09-23,2026-09-22,2025-03-11,36,None,1,SNN6RDB2Z4,SNN6RDB2Z4,INV169588201,,,1,1.0,0,expired,2025-09-12,1472,-376,1,911.0,1,0,0,Invalid Claim,AX-01256
Laptop,Display fault,2026-04-17,2026-09-23,2026-09-07,2026-05-26,12,Impact,1,SN7NGPHH3L,SN7NGPHH3L,INV558107148,,,1,1.0,0,excluded_damage,2027-04-17,159,206,16,39.0,1,0,0,Invalid Claim,AX-01257
Phone,Battery fault,2024-11-17,2026-09-23,2026-09-12,2024-11-01,24,None,1,SN3C43WCV9,SN3C43WCV9,INV948461731,,,1,1.0,0,repair_before_purchase,2026-11-17,675,55,11,-16.0,1,0,1,Manual Review,AX-01258
Phone,Display fault,2024-02-16,2026-09-23,2026-09-21,2024-05-22,36,None,1,SNGM2W2GT7,SNGM2W2GT7,INV461962155,,,1,1.0,0,authorized_repair,2027-02-16,950,146,2,96.0,1,0,0,Valid Claim,AX-01259
Appliance,Power fault,2026-03-14,2026-09-23,2026-09-13,,12,None,1,SNWD2FA6SR,SNWD2FA6SR,INV176083681,,,0,,0,covered_fault,2027-03-14,193,172,10,,1,0,0,Valid Claim,AX-01260
Laptop,Battery fault,2026-07-15,2026-09-23,2026-09-22,,24,None,0,SN6LRTPVYG,SN6LRTPVYG,,,,0,,2,missing_proof,2028-07-15,70,661,1,,1,0,0,Manual Review,AX-01261
Phone,Display fault,2022-03-16,2026-09-23,2026-09-12,2025-09-27,36,None,1,SN25DCH9RT,SN25DCH9RT,INV295807688,,,1,1.0,0,expired,2025-03-16,1652,-556,11,1291.0,1,0,0,Invalid Claim,AX-01262
Appliance,Motor fault,2025-07-20,2026-09-23,2026-09-08,2026-06-01,36,None,1,SNFXFFSNPT,SNFXFFSNPT,INV152371130,,,1,1.0,0,covered_fault,2028-07-20,430,666,15,316.0,1,0,0,Valid Claim,AX-01263
Laptop,Power fault,2025-08-23,2026-09-23,2026-09-11,2025-11-16,36,None,1,SNMWZ2XJ75,SNMWZ2XJ75,INV495544985,INV495544985,PRIOR-INV495544985,1,1.0,0,duplicate,2028-08-23,396,700,12,85.0,1,1,0,Manual Review,AX-01264
Laptop,Power fault,2025-04-15,2026-09-23,2026-09-11,2025-06-08,36,None,1,SNTYLLFXF4,SNTYLLFXF4,INV181154640,,,1,0.0,0,unauthorized_repair,2028-04-15,526,570,12,54.0,1,0,0,Invalid Claim,AX-01265
Phone,Display fault,2026-06-21,2026-09-23,2026-09-15,,24,None,1,SNCAP23TB3,SNCAP23TB3,INV820042368,,,0,,0,covered_fault,2028-06-21,94,637,8,,1,0,0,Valid Claim,AX-01266
Laptop,Power fault,2024-12-14,2026-09-23,2026-09-22,,12,None,1,SNK28C7JZY,SNK28C7JZY,INV345131655,,,0,,0,expired,2025-12-14,648,-283,1,,1,0,0,Invalid Claim,AX-01267
Appliance,Motor fault,2026-06-13,2026-09-23,2026-09-21,2026-07-19,36,None,1,SNDTTRUTH7,SNDTTRUTH7,INV717545912,,,1,0.0,0,unauthorized_repair,2029-06-13,102,994,2,36.0,1,0,0,Invalid Claim,AX-01268
Phone,Power fault,2026-05-16,2026-09-23,2026-09-19,,12,Liquid,1,SN2TMFTF3L,SN2TMFTF3L,INV128583148,,,0,,0,excluded_damage,2027-05-16,130,235,4,,1,0,0,Invalid Claim,AX-01269
Phone,Battery fault,2026-01-17,2026-09-23,2026-09-11,,24,None,1,SNYRBEQZXE,SNYRBEQZXE,INV588907707,INV588907707,PRIOR-INV588907707,0,,0,duplicate,2028-01-17,249,481,12,,1,1,0,Manual Review,AX-01270
Phone,Power fault,2026-04-15,2026-09-23,2026-09-13,2026-06-09,24,None,0,SNCWANTLHB,SNCWANTLHB,,,,1,1.0,1,missing_proof,2028-04-15,161,570,10,55.0,1,0,0,Manual Review,AX-01271
Appliance,Motor fault,2024-09-18,2026-09-23,2026-09-18,2026-07-24,36,None,1,SNZPTJWFQ8,SNZPTJWFQ8,INV691262667,,,1,1.0,0,covered_fault,2027-09-18,735,360,5,674.0,1,0,0,Valid Claim,AX-01272
Phone,Display fault,2023-03-14,2026-09-23,2026-09-16,2024-06-21,24,None,1,SN9VEEAACK,SN9VEEAACK,INV664387993,,,1,1.0,0,expired,2025-03-14,1289,-558,7,465.0,1,0,0,Invalid Claim,AX-01273
Appliance,Power fault,2026-04-17,2026-09-23,2026-09-18,,24,None,1,SNBT5NBKS4,SNBT5NBKSX,INV228186724,,,0,,0,serial_mismatch,2028-04-17,159,572,5,,0,0,0,Manual Review,AX-01274
Laptop,Power fault,2025-02-21,2026-09-23,2026-09-12,2025-07-30,24,None,1,SNUQ9FYNSY,SNUQ9FYNSY,INV779476809,,,1,0.0,0,unauthorized_repair,2027-02-21,579,151,11,159.0,1,0,0,Invalid Claim,AX-01275
Appliance,Power fault,2026-03-18,2026-09-23,2026-09-08,,12,None,1,SNWV5FKNJL,SNWV5FKNJL,INV546107059,,,0,,0,covered_fault,2027-03-18,189,176,15,,1,0,0,Valid Claim,AX-01276
Appliance,Mechanical fault,2025-06-18,2026-09-23,2026-09-13,,24,None,1,SNTEAECQAK,SNTEAECQAX,INV526474672,,,0,,0,serial_mismatch,2027-06-18,462,268,10,,0,0,0,Manual Review,AX-01277
Appliance,Mechanical fault,2025-05-23,2026-09-23,2026-09-18,2025-09-20,24,None,1,SN2HXXN5TC,SN2HXXN5TC,INV321372363,,,1,1.0,0,covered_fault,2027-05-23,488,242,5,120.0,1,0,0,Valid Claim,AX-01278
Appliance,Motor fault,2025-12-11,2026-09-23,2026-09-15,,24,None,1,SND6ZN97BJ,SND6ZN97BJ,INV074360114,,,0,,0,covered_fault,2027-12-11,286,444,8,,1,0,0,Valid Claim,AX-01279
Appliance,Power fault,2024-11-11,2026-09-23,2026-09-10,,24,None,1,SNHDNKVFZ2,SNHDNKVFZ2,INV960483640,,,0,,0,covered_fault,2026-11-11,681,49,13,,1,0,0,Valid Claim,AX-01280
Laptop,Battery fault,2026-06-14,2026-09-23,2026-09-21,,24,None,0,SND8WQ52VJ,SND8WQ52VJ,,,,0,,1,missing_proof,2028-06-14,101,630,2,,1,0,0,Manual Review,AX-01281
Laptop,Display fault,2025-08-22,2026-09-23,2026-10-01,2026-05-09,24,None,1,SNVMKC22WG,SNVMKC22WG,INV600752043,,,1,1.0,0,fault_after_claim,2027-08-22,397,333,-8,260.0,1,0,1,Manual Review,AX-01282
Laptop,Battery fault,2025-07-14,2026-09-23,2026-09-17,,24,None,1,SNFXNZ6QPA,SNFXNZ6QPA,INV227757531,,,0,,0,covered_fault,2027-07-14,436,294,6,,1,0,0,Valid Claim,AX-01283
Phone,Power fault,2026-04-24,2026-09-23,2026-09-08,2026-05-16,36,None,1,SNNYFQPHH5,SNNYFQPHH5,INV928637924,,,1,0.0,0,unauthorized_repair,2029-04-24,152,944,15,22.0,1,0,0,Invalid Claim,AX-01284
Phone,Display fault,2026-07-20,2026-09-23,2026-09-17,2026-09-01,12,None,1,SNVNFPVAPC,SNVNFPVAPC,INV495183999,,,1,0.0,0,unauthorized_repair,2027-07-20,65,300,6,43.0,1,0,0,Invalid Claim,AX-01285
Laptop,Display fault,2026-03-14,2026-09-23,2026-09-14,2026-05-23,12,None,1,SNP6GFD7KT,SNP6GFD7KT,INV509880277,,,1,0.0,0,unauthorized_repair,2027-03-14,193,172,9,70.0,1,0,0,Invalid Claim,AX-01286
Appliance,Mechanical fault,2026-05-14,2026-09-23,2026-09-07,,24,None,1,SNNRXU72SE,SNNRXU72SE,INV393640810,,,0,,0,covered_fault,2028-05-14,132,599,16,,1,0,0,Valid Claim,AX-01287
Laptop,Battery fault,2026-06-22,2026-09-23,2026-09-21,,12,None,0,SN43AD3286,SN43AD3286,,,,0,,1,missing_proof,2027-06-22,93,272,2,,1,0,0,Manual Review,AX-01288
Phone,Power fault,2025-01-18,2026-09-23,2026-09-16,2025-10-10,24,None,1,SNAC5JRCQ9,SNAC5JRCQ9,INV940486989,,,1,0.0,0,unauthorized_repair,2027-01-18,613,117,7,265.0,1,0,0,Invalid Claim,AX-01289
Appliance,Motor fault,2023-06-24,2026-09-23,2026-09-11,,36,None,1,SN7ZTGN5AW,SN7ZTGN5AW,INV312527951,,,0,,0,expired,2026-06-24,1187,-91,12,,1,0,0,Invalid Claim,AX-01290
Phone,Battery fault,2022-03-22,2026-09-23,2026-09-20,,36,None,1,SNHJLCJBZZ,SNHJLCJBZZ,INV159030729,,,0,,0,expired,2025-03-22,1646,-550,3,,1,0,0,Invalid Claim,AX-01291
Appliance,Mechanical fault,2023-11-18,2026-09-23,2026-09-21,,36,None,1,SNFC6ML634,SNFC6ML63X,INV220433193,,,0,,0,serial_mismatch,2026-11-18,1040,56,2,,0,0,0,Manual Review,AX-01292
Appliance,Power fault,2025-04-23,2026-09-23,2026-09-15,,12,None,1,SN8CD6LXTM,SN8CD6LXTM,INV257939128,,,0,,0,expired,2026-04-23,518,-153,8,,1,0,0,Invalid Claim,AX-01293
Laptop,Display fault,2023-12-12,2026-09-23,2026-09-25,2025-11-06,36,None,1,SN9DMLLBYR,SN9DMLLBYR,INV274106304,,,1,1.0,0,fault_after_claim,2026-12-12,1016,80,-2,695.0,1,0,1,Manual Review,AX-01294
Phone,Display fault,2024-07-13,2026-09-23,2026-09-10,,36,None,1,SNW38PHJKD,SNW38PHJKD,INV351951337,,,0,,0,covered_fault,2027-07-13,802,293,13,,1,0,0,Valid Claim,AX-01295
Phone,Battery fault,2026-03-23,2026-09-23,2026-09-20,,12,None,1,SND46WAADZ,SND46WAADZ,INV627310626,INV627310626,PRIOR-INV627310626,0,,0,duplicate,2027-03-23,184,181,3,,1,1,0,Manual Review,AX-01296
Phone,Power fault,2024-12-14,2026-09-23,2026-09-11,,36,None,1,SN4CV2SUNL,SN4CV2SUNX,INV056329724,,,0,,0,serial_mismatch,2027-12-14,648,447,12,,0,0,0,Manual Review,AX-01297
Appliance,Power fault,2025-06-18,2026-09-23,2026-09-18,,36,None,1,SNCHMSXJ9A,SNCHMSXJ9A,INV447248108,,,0,,0,covered_fault,2028-06-18,462,634,5,,1,0,0,Valid Claim,AX-01298
Laptop,Power fault,2026-02-13,2026-09-23,2026-09-07,2026-05-03,12,Impact,1,SN9JNZ2N3P,SN9JNZ2N3P,INV911206038,,,1,1.0,0,excluded_damage,2027-02-13,222,143,16,79.0,1,0,0,Invalid Claim,AX-01299
Appliance,Motor fault,2026-01-15,2026-09-23,2026-09-16,2026-05-26,12,None,1,SN6VVQM3W2,SN6VVQM3W2,INV805378552,,,1,1.0,0,authorized_repair,2027-01-15,251,114,7,131.0,1,0,0,Valid Claim,AX-01300
Laptop,Battery fault,2025-01-16,2026-09-23,2026-09-22,2026-03-09,24,None,1,SNT6GZUEX4,SNT6GZUEX4,INV787089437,,,1,1.0,0,authorized_repair,2027-01-16,615,115,1,417.0,1,0,0,Valid Claim,AX-01301
Laptop,Battery fault,2026-07-16,2026-09-23,2026-09-11,,36,None,1,SNG6PHYW4H,SNG6PHYW4H,INV065766265,,,0,,0,covered_fault,2029-07-16,69,1027,12,,1,0,0,Valid Claim,AX-01302
Laptop,Battery fault,2026-07-22,2026-09-23,2026-09-19,2026-08-13,24,None,1,SN4LJNYFXU,SN4LJNYFXX,INV080462399,,,1,1.0,0,serial_mismatch,2028-07-22,63,668,4,22.0,0,0,0,Manual Review,AX-01303
Phone,Power fault,2024-10-11,2026-09-23,2026-09-18,,12,None,1,SNKXMPAC78,SNKXMPAC78,INV421954872,,,0,,0,expired,2025-10-11,712,-347,5,,1,0,0,Invalid Claim,AX-01304
Phone,Battery fault,2024-12-18,2026-09-23,2026-09-27,,24,None,1,SNUYLMQ97E,SNUYLMQ97E,INV012192932,,,0,,0,fault_after_claim,2026-12-18,644,86,-4,,1,0,1,Manual Review,AX-01305
Appliance,Motor fault,2026-05-18,2026-09-23,2026-09-11,,12,None,1,SNFQJT4NFX,SNFQJT4NFX,INV103217329,INV103217329,PRIOR-INV103217329,0,,0,duplicate,2027-05-18,128,237,12,,1,1,0,Manual Review,AX-01306
Laptop,Power fault,2026-02-12,2026-09-23,2026-09-11,2026-04-09,12,None,1,SNZS4T9LP3,SNZS4T9LP3,INV170531513,,,1,0.0,0,unauthorized_repair,2027-02-12,223,142,12,56.0,1,0,0,Invalid Claim,AX-01307
Phone,Display fault,2024-12-19,2026-09-23,2026-09-21,,24,None,1,SNQ8CXX7MD,SNQ8CXX7MD,INV283957945,,,0,,0,covered_fault,2026-12-19,643,87,2,,1,0,0,Valid Claim,AX-01308
Phone,Battery fault,2024-11-18,2026-09-23,2026-09-19,2026-06-09,36,Liquid,1,SNT99H7YEC,SNT99H7YEC,INV565319723,,,1,1.0,0,excluded_damage,2027-11-18,674,421,4,568.0,1,0,0,Invalid Claim,AX-01309
Phone,Battery fault,2025-11-15,2026-09-23,2026-09-09,2026-08-21,12,None,1,SNSHE6CNHE,SNSHE6CNHE,INV926994795,,,1,0.0,0,unauthorized_repair,2026-11-15,312,53,14,279.0,1,0,0,Invalid Claim,AX-01310
Laptop,Battery fault,2023-03-21,2026-09-23,2026-09-21,2024-03-30,36,None,1,SN6B4Z7J6Q,SN6B4Z7J6Q,INV719663217,,,1,1.0,0,expired,2026-03-21,1282,-186,2,375.0,1,0,0,Invalid Claim,AX-01311
Laptop,Power fault,2026-07-21,2026-09-23,2026-10-02,,12,None,1,SNMS76KE7Y,SNMS76KE7Y,INV003526532,,,0,,0,fault_after_claim,2027-07-21,64,301,-9,,1,0,1,Manual Review,AX-01312
Laptop,Display fault,2025-08-16,2026-09-23,2026-10-03,2026-03-26,36,None,1,SNYTFBCQTA,SNYTFBCQTA,INV229857074,,,1,1.0,0,fault_after_claim,2028-08-16,403,693,-10,222.0,1,0,1,Manual Review,AX-01313
Appliance,Mechanical fault,2026-02-11,2026-09-23,2026-09-16,,24,Liquid,1,SN2QMQVHDW,SN2QMQVHDW,INV130741938,,,0,,0,excluded_damage,2028-02-11,224,506,7,,1,0,0,Invalid Claim,AX-01314
Phone,Battery fault,2024-02-20,2026-09-23,2026-09-14,2025-12-15,36,Impact,1,SN9LBAAXA3,SN9LBAAXA3,INV037850190,,,1,1.0,0,excluded_damage,2027-02-20,946,150,9,664.0,1,0,0,Invalid Claim,AX-01315
Phone,Power fault,2025-11-17,2026-09-23,2026-09-17,,36,None,1,SNXN4KDA35,SNXN4KDA35,INV325962421,INV325962421,PRIOR-INV325962421,0,,0,duplicate,2028-11-17,310,786,6,,1,1,0,Manual Review,AX-01316
Laptop,Display fault,2025-01-22,2026-09-23,2026-09-09,2025-01-09,24,None,1,SNXPATMZG9,SNXPATMZG9,INV863037611,,,1,1.0,0,repair_before_purchase,2027-01-22,609,121,14,-13.0,1,0,1,Manual Review,AX-01317
Appliance,Motor fault,2024-08-20,2026-09-23,2026-09-15,2024-10-26,12,None,1,SNR8PJPF34,SNR8PJPF34,INV752122174,,,1,1.0,0,expired,2025-08-20,764,-399,8,67.0,1,0,0,Invalid Claim,AX-01318
Laptop,Power fault,2024-03-16,2026-09-23,2026-09-11,2025-02-25,12,None,1,SNN67T72P8,SNN67T72P8,INV854752817,,,1,1.0,0,expired,2025-03-16,921,-556,12,346.0,1,0,0,Invalid Claim,AX-01319
Laptop,Display fault,2026-06-23,2026-09-23,2026-09-20,,12,None,1,SNM2LHFDGA,SNM2LHFDGA,INV912920509,,,0,,0,covered_fault,2027-06-23,92,273,3,,1,0,0,Valid Claim,AX-01320
Phone,Display fault,2022-12-19,2026-09-23,2026-09-18,2023-07-12,36,None,1,SND5GSZLT6,SND5GSZLT6,INV921465649,,,1,1.0,0,expired,2025-12-19,1374,-278,5,205.0,1,0,0,Invalid Claim,AX-01321
Phone,Display fault,2024-11-12,2026-09-23,2026-09-09,2025-12-15,24,Liquid,1,SNZKQ8SJQN,SNZKQ8SJQN,INV354688244,,,1,1.0,0,excluded_damage,2026-11-12,680,50,14,398.0,1,0,0,Invalid Claim,AX-01322
Phone,Display fault,2026-05-22,2026-09-23,2026-10-08,,12,None,1,SNDVGWE6XV,SNDVGWE6XV,INV160769331,,,0,,0,fault_after_claim,2027-05-22,124,241,-15,,1,0,1,Manual Review,AX-01323
Laptop,Battery fault,2026-04-15,2026-09-23,2026-09-12,,12,None,0,SN8PRBLYZ4,SN8PRBLYZ4,,,,0,,1,missing_proof,2027-04-15,161,204,11,,1,0,0,Manual Review,AX-01324
Phone,Display fault,2026-03-23,2026-09-23,2026-09-22,,12,None,1,SN4EW6LGQM,SN4EW6LGQM,INV315764718,,,0,,0,covered_fault,2027-03-23,184,181,1,,1,0,0,Valid Claim,AX-01325
Laptop,Display fault,2025-09-12,2026-09-23,2026-09-14,2026-03-09,36,None,0,SNA4HSXGVS,SNA4HSXGVS,,,,1,1.0,1,missing_proof,2028-09-12,376,720,9,178.0,1,0,0,Manual Review,AX-01326
Phone,Display fault,2025-12-20,2026-09-23,2026-09-15,2026-08-02,12,None,1,SN9EK3STZS,SN9EK3STZS,INV686511669,,,1,1.0,0,covered_fault,2026-12-20,277,88,8,225.0,1,0,0,Valid Claim,AX-01327
Appliance,Power fault,2025-06-15,2026-09-23,2026-09-22,2026-06-16,24,None,1,SNKQD9UNPH,SNKQD9UNPH,INV422753979,,,1,1.0,0,covered_fault,2027-06-15,465,265,1,366.0,1,0,0,Valid Claim,AX-01328
Phone,Display fault,2025-12-12,2026-09-23,2026-09-14,2026-08-13,12,None,1,SNDGJ9HTCV,SNDGJ9HTCV,INV739912907,,,1,0.0,0,unauthorized_repair,2026-12-12,285,80,9,244.0,1,0,0,Invalid Claim,AX-01329
Laptop,Display fault,2023-10-14,2026-09-23,2026-09-17,2024-11-16,24,None,1,SNRA5TNFCR,SNRA5TNFCR,INV760863203,,,1,1.0,0,expired,2025-10-14,1075,-344,6,399.0,1,0,0,Invalid Claim,AX-01330
Phone,Display fault,2025-07-15,2026-09-23,2026-09-17,2026-02-18,24,None,1,SNFMUCJH8E,SNFMUCJH8X,INV257042165,,,1,1.0,0,serial_mismatch,2027-07-15,435,295,6,218.0,0,0,0,Manual Review,AX-01331
Appliance,Motor fault,2024-11-17,2026-09-23,2026-09-10,2025-04-08,24,None,1,SNVUM5V4YK,SNVUM5V4YK,INV601131654,,,1,1.0,0,authorized_repair,2026-11-17,675,55,13,142.0,1,0,0,Valid Claim,AX-01332
Phone,Power fault,2026-04-21,2026-09-23,2026-09-20,2026-05-05,36,None,1,SN65CHXGE7,SN65CHXGE7,INV547810444,,,1,1.0,0,authorized_repair,2029-04-21,155,941,3,14.0,1,0,0,Valid Claim,AX-01333
Appliance,Power fault,2024-10-14,2026-09-23,2026-09-17,,12,None,1,SNWZTBKG8B,SNWZTBKG8B,INV887513690,,,0,,0,expired,2025-10-14,709,-344,6,,1,0,0,Invalid Claim,AX-01334
Laptop,Battery fault,2025-03-20,2026-09-23,2026-09-09,2025-11-11,36,None,1,SNUV9NGTTF,SNUV9NGTTF,INV549573181,,,1,1.0,0,authorized_repair,2028-03-20,552,544,14,236.0,1,0,0,Valid Claim,AX-01335
Laptop,Power fault,2026-01-16,2026-09-23,2026-09-09,2026-04-26,36,None,1,SN9PWVEV9V,SN9PWVEV9V,INV793254037,,,1,1.0,0,covered_fault,2029-01-16,250,846,14,100.0,1,0,0,Valid Claim,AX-01336
Laptop,Power fault,2026-05-13,2026-09-23,2026-09-22,2026-04-21,24,None,1,SNAUE3W7WR,SNAUE3W7WR,INV754710969,,,1,1.0,0,repair_before_purchase,2028-05-13,133,598,1,-22.0,1,0,1,Manual Review,AX-01337
Phone,Battery fault,2024-11-11,2026-09-23,2026-09-07,2026-07-17,24,None,1,SNKNLWQVLH,SNKNLWQVLH,INV133586593,INV133586593,PRIOR-INV133586593,1,1.0,0,duplicate,2026-11-11,681,49,16,613.0,1,1,0,Manual Review,AX-01338
Appliance,Power fault,2026-05-24,2026-09-23,2026-09-19,,24,Liquid,1,SN42SCX4L9,SN42SCX4L9,INV800562268,,,0,,0,excluded_damage,2028-05-24,122,609,4,,1,0,0,Invalid Claim,AX-01339
Appliance,Mechanical fault,2025-04-20,2026-09-23,2026-09-17,2025-08-04,24,None,1,SNFADKTNC2,SNFADKTNC2,INV613206268,,,1,1.0,0,covered_fault,2027-04-20,521,209,6,106.0,1,0,0,Valid Claim,AX-01340
Appliance,Mechanical fault,2026-07-12,2026-09-23,2026-10-10,2026-08-12,36,None,1,SNQ3R2SSZ7,SNQ3R2SSZ7,INV748514870,,,1,1.0,0,fault_after_claim,2029-07-12,73,1023,-17,31.0,1,0,1,Manual Review,AX-01341
Laptop,Power fault,2026-04-14,2026-09-23,2026-09-09,2026-04-07,24,None,1,SNNE6S7WDG,SNNE6S7WDG,INV127764342,,,1,1.0,0,repair_before_purchase,2028-04-14,162,569,14,-7.0,1,0,1,Manual Review,AX-01342
Appliance,Mechanical fault,2025-12-12,2026-09-23,2026-09-22,,12,None,1,SNPWVPBL9P,SNPWVPBL9P,INV595620354,,,0,,0,covered_fault,2026-12-12,285,80,1,,1,0,0,Valid Claim,AX-01343
Phone,Power fault,2022-10-12,2026-09-23,2026-09-07,,36,None,1,SNGJX8GY39,SNGJX8GY39,INV058577772,,,0,,0,expired,2025-10-12,1442,-346,16,,1,0,0,Invalid Claim,AX-01344
Appliance,Motor fault,2026-02-14,2026-09-23,2026-09-14,2026-02-21,36,Liquid,1,SNLG4XZF6S,SNLG4XZF6S,INV426841198,,,1,1.0,0,excluded_damage,2029-02-14,221,875,9,7.0,1,0,0,Invalid Claim,AX-01345
Appliance,Mechanical fault,2026-05-21,2026-09-23,2026-09-09,,12,Impact,1,SNDGZ6L9BJ,SNDGZ6L9BJ,INV503801923,,,0,,0,excluded_damage,2027-05-21,125,240,14,,1,0,0,Invalid Claim,AX-01346
Phone,Battery fault,2022-04-23,2026-09-23,2026-09-20,,36,None,1,SNEDFYCMMC,SNEDFYCMMC,INV304047650,,,0,,0,expired,2025-04-23,1614,-518,3,,1,0,0,Invalid Claim,AX-01347
Laptop,Display fault,2023-02-13,2026-09-23,2026-09-09,,36,None,1,SNKNH4P3FA,SNKNH4P3FA,INV643129861,,,0,,0,expired,2026-02-13,1318,-222,14,,1,0,0,Invalid Claim,AX-01348
Appliance,Motor fault,2025-06-16,2026-09-23,2026-09-16,,24,None,1,SNPNKLE53R,SNPNKLE53X,INV505627676,,,0,,0,serial_mismatch,2027-06-16,464,266,7,,0,0,0,Manual Review,AX-01349
Appliance,Mechanical fault,2026-01-17,2026-09-23,2026-09-18,2026-04-21,12,None,1,SNJBYTTRUT,SNJBYTTRUT,INV348581548,,,1,1.0,0,covered_fault,2027-01-17,249,116,5,94.0,1,0,0,Valid Claim,AX-01350
Appliance,Motor fault,2025-11-21,2026-09-23,2026-09-29,,12,None,1,SNBD5U5KB3,SNBD5U5KB3,INV133230269,,,0,,0,fault_after_claim,2026-11-21,306,59,-6,,1,0,1,Manual Review,AX-01351
Appliance,Motor fault,2025-01-19,2026-09-23,2026-09-21,2026-01-15,24,None,1,SNKKBPNTSE,SNKKBPNTSE,INV249633242,INV249633242,PRIOR-INV249633242,1,1.0,0,duplicate,2027-01-19,612,118,2,361.0,1,1,0,Manual Review,AX-01352
Laptop,Battery fault,2024-03-18,2026-09-23,2026-09-19,2026-05-03,36,None,1,SND52U3ZMX,SND52U3ZMX,INV124236477,,,1,1.0,0,authorized_repair,2027-03-18,919,176,4,776.0,1,0,0,Valid Claim,AX-01353
Laptop,Display fault,2025-03-16,2026-09-23,2026-09-10,2026-04-06,36,None,1,SN3UPUSE6Y,SN3UPUSE6Y,INV093514241,,,1,0.0,0,unauthorized_repair,2028-03-16,556,540,13,386.0,1,0,0,Invalid Claim,AX-01354
Appliance,Power fault,2025-05-19,2026-09-23,2026-09-13,2025-05-12,36,None,1,SNXZ5LE4CF,SNXZ5LE4CF,INV794748038,,,1,1.0,0,repair_before_purchase,2028-05-19,492,604,10,-7.0,1,0,1,Manual Review,AX-01355
Phone,Battery fault,2026-07-19,2026-09-23,2026-09-15,2026-08-03,12,None,1,SNGWXQARRN,SNGWXQARRN,INV563563082,,,1,0.0,0,unauthorized_repair,2027-07-19,66,299,8,15.0,1,0,0,Invalid Claim,AX-01356
Laptop,Display fault,2026-03-21,2026-09-23,2026-09-12,,24,None,1,SNDNMMJBQD,SNDNMMJBQD,INV902683106,,,0,,0,covered_fault,2028-03-21,186,545,11,,1,0,0,Valid Claim,AX-01357
Appliance,Power fault,2026-03-14,2026-09-23,2026-09-10,2026-05-12,12,None,1,SN8K36FPZA,SN8K36FPZX,INV918402611,,,1,1.0,0,serial_mismatch,2027-03-14,193,172,13,59.0,0,0,0,Manual Review,AX-01358
Appliance,Mechanical fault,2026-05-21,2026-09-23,2026-09-21,,36,None,1,SN7S9Q3JMV,SN7S9Q3JMX,INV928204518,,,0,,0,serial_mismatch,2029-05-21,125,971,2,,0,0,0,Manual Review,AX-01359
Laptop,Battery fault,2024-09-11,2026-09-23,2026-09-10,,36,None,1,SNY2R3RPHK,SNY2R3RPHK,INV587072334,,,0,,0,covered_fault,2027-09-11,742,353,13,,1,0,0,Valid Claim,AX-01360
Phone,Power fault,2025-03-21,2026-09-23,2026-09-22,2026-04-29,24,None,1,SNU9RYDUN9,SNU9RYDUN9,INV721378547,,,1,1.0,0,authorized_repair,2027-03-21,551,179,1,404.0,1,0,0,Valid Claim,AX-01361
Laptop,Display fault,2025-01-22,2026-09-23,2026-09-10,2026-07-28,24,None,1,SNDFGJ4DZJ,SNDFGJ4DZJ,INV358343665,,,1,1.0,0,authorized_repair,2027-01-22,609,121,13,552.0,1,0,0,Valid Claim,AX-01362
Laptop,Display fault,2023-06-15,2026-09-23,2026-09-07,,24,None,1,SNWUX9RMJR,SNWUX9RMJR,INV777458969,,,0,,0,expired,2025-06-15,1196,-465,16,,1,0,0,Invalid Claim,AX-01363
Appliance,Power fault,2026-02-20,2026-09-23,2026-09-20,2026-01-07,36,None,1,SN5AXTE2SK,SN5AXTE2SK,INV986768754,,,1,1.0,0,repair_before_purchase,2029-02-20,215,881,3,-44.0,1,0,1,Manual Review,AX-01364
Appliance,Motor fault,2026-01-10,2026-09-23,2026-09-12,2026-08-26,12,None,1,SN5WCHCUCK,SN5WCHCUCK,INV980969146,,,1,1.0,0,covered_fault,2027-01-10,256,109,11,228.0,1,0,0,Valid Claim,AX-01365
Appliance,Motor fault,2025-06-13,2026-09-23,2026-09-21,,24,None,1,SN5L5PDSRS,SN5L5PDSRS,INV070953338,,,0,,0,covered_fault,2027-06-13,467,263,2,,1,0,0,Valid Claim,AX-01366
Phone,Battery fault,2025-10-15,2026-09-23,2026-09-13,2025-09-02,24,None,1,SNC7KW653L,SNC7KW653L,INV319856468,,,1,1.0,0,repair_before_purchase,2027-10-15,343,387,10,-43.0,1,0,1,Manual Review,AX-01367
Phone,Battery fault,2025-06-21,2026-09-23,2026-09-12,2025-08-23,36,None,1,SNHDR8U8GZ,SNHDR8U8GZ,INV232620345,,,1,1.0,0,authorized_repair,2028-06-21,459,637,11,63.0,1,0,0,Valid Claim,AX-01368
Appliance,Power fault,2026-01-19,2026-09-23,2026-09-21,,24,None,1,SNZDYEZYPB,SNZDYEZYPB,INV154511120,,,0,,0,covered_fault,2028-01-19,247,483,2,,1,0,0,Valid Claim,AX-01369
Phone,Power fault,2025-12-19,2026-09-23,2026-09-16,,24,None,0,SN36RVQBAM,SN36RVQBAM,,,,0,,1,missing_proof,2027-12-19,278,452,7,,1,0,0,Manual Review,AX-01370
Phone,Battery fault,2026-06-17,2026-09-23,2026-09-16,2026-08-10,12,None,1,SNDU4XSYJM,SNDU4XSYJM,INV609248080,,,1,1.0,0,covered_fault,2027-06-17,98,267,7,54.0,1,0,0,Valid Claim,AX-01371
Laptop,Battery fault,2024-09-21,2026-09-23,2026-09-09,,36,None,1,SNP75RDCGM,SNP75RDCGX,INV511519975,,,0,,0,serial_mismatch,2027-09-21,732,363,14,,0,0,0,Manual Review,AX-01372
Appliance,Mechanical fault,2024-07-24,2026-09-23,2026-09-21,2026-07-01,36,None,1,SNGBYDQ4V7,SNGBYDQ4V7,INV002929411,,,1,0.0,0,unauthorized_repair,2027-07-24,791,304,2,707.0,1,0,0,Invalid Claim,AX-01373
Phone,Battery fault,2025-10-18,2026-09-23,2026-09-21,2026-02-01,24,None,1,SNWAMZJJAX,SNWAMZJJAX,INV895769266,,,1,1.0,0,authorized_repair,2027-10-18,340,390,2,106.0,1,0,0,Valid Claim,AX-01374
Laptop,Display fault,2025-11-23,2026-09-23,2026-09-09,2026-01-10,12,None,1,SNRS8T9BF9,SNRS8T9BF9,INV756576822,,,1,0.0,0,unauthorized_repair,2026-11-23,304,61,14,48.0,1,0,0,Invalid Claim,AX-01375
Laptop,Power fault,2026-02-13,2026-09-23,2026-09-10,,12,None,0,SNSMWVQCGG,SNSMWVQCGG,,,,0,,1,missing_proof,2027-02-13,222,143,13,,1,0,0,Manual Review,AX-01376
Phone,Display fault,2024-04-17,2026-09-23,2026-09-07,,36,None,1,SNCP8EP2K8,SNCP8EP2K8,INV465408954,INV465408954,PRIOR-INV465408954,0,,0,duplicate,2027-04-17,889,206,16,,1,1,0,Manual Review,AX-01377
Appliance,Motor fault,2026-05-23,2026-09-23,2026-09-20,,12,None,1,SNPX9B7NWX,SNPX9B7NWX,INV507812222,INV507812222,PRIOR-INV507812222,0,,0,duplicate,2027-05-23,123,242,3,,1,1,0,Manual Review,AX-01378
Laptop,Battery fault,2025-11-11,2026-09-23,2026-09-14,,24,None,1,SNFBE9SQQD,SNFBE9SQQX,INV303609390,,,0,,0,serial_mismatch,2027-11-11,316,414,9,,0,0,0,Manual Review,AX-01379
Phone,Power fault,2025-07-20,2026-09-23,2026-09-09,,24,None,1,SNWL6LYD7H,SNWL6LYD7X,INV541199536,,,0,,0,serial_mismatch,2027-07-20,430,300,14,,0,0,0,Manual Review,AX-01380
Phone,Battery fault,2025-11-14,2026-09-23,2026-09-15,,36,None,1,SNGLSZQKFT,SNGLSZQKFT,INV277766944,INV277766944,PRIOR-INV277766944,0,,0,duplicate,2028-11-14,313,783,8,,1,1,0,Manual Review,AX-01381
Phone,Power fault,2025-08-21,2026-09-23,2026-09-15,,36,None,1,SNFZTRKX8R,SNFZTRKX8R,INV636144045,,,0,,0,covered_fault,2028-08-21,398,698,8,,1,0,0,Valid Claim,AX-01382
Phone,Battery fault,2025-02-15,2026-09-23,2026-09-09,,36,None,1,SNRQJ2DPKX,SNRQJ2DPKX,INV460350321,,,0,,0,covered_fault,2028-02-15,585,510,14,,1,0,0,Valid Claim,AX-01383
Laptop,Battery fault,2024-07-23,2026-09-23,2026-09-21,2025-05-10,24,None,1,SN5DGTGUGW,SN5DGTGUGW,INV359122538,,,1,1.0,0,expired,2026-07-23,792,-62,2,291.0,1,0,0,Invalid Claim,AX-01384
Phone,Display fault,2024-12-12,2026-09-23,2026-09-16,2025-05-20,36,None,0,SN3TKR5JQH,SN3TKR5JQH,,,,1,1.0,1,missing_proof,2027-12-12,650,445,7,159.0,1,0,0,Manual Review,AX-01385
Laptop,Battery fault,2024-04-17,2026-09-23,2026-09-21,2026-03-17,36,None,1,SN3T87K9TP,SN3T87K9TP,INV772949292,,,1,1.0,0,authorized_repair,2027-04-17,889,206,2,699.0,1,0,0,Valid Claim,AX-01386
Phone,Display fault,2025-03-19,2026-09-23,2026-09-21,2026-08-29,24,None,1,SNPNMD7HT2,SNPNMD7HT2,INV122275239,,,1,1.0,0,covered_fault,2027-03-19,553,177,2,528.0,1,0,0,Valid Claim,AX-01387
Laptop,Battery fault,2026-07-12,2026-09-23,2026-09-08,,12,Liquid,1,SNFZAKK24M,SNFZAKK24M,INV274001405,,,0,,0,excluded_damage,2027-07-12,73,292,15,,1,0,0,Invalid Claim,AX-01388
Laptop,Display fault,2026-04-22,2026-09-23,2026-09-11,2026-06-09,36,None,1,SNHAJRNVW5,SNHAJRNVW5,INV237493802,,,1,0.0,0,unauthorized_repair,2029-04-22,154,942,12,48.0,1,0,0,Invalid Claim,AX-01389
Laptop,Display fault,2026-04-21,2026-09-23,2026-09-15,2026-05-04,24,None,1,SNJZKYQUS9,SNJZKYQUS9,INV283317877,,,1,0.0,0,unauthorized_repair,2028-04-21,155,576,8,13.0,1,0,0,Invalid Claim,AX-01390
Phone,Battery fault,2026-03-12,2026-09-23,2026-09-14,2026-05-07,12,None,1,SNMSJ9UK79,SNMSJ9UK79,INV848980213,,,1,0.0,0,unauthorized_repair,2027-03-12,195,170,9,56.0,1,0,0,Invalid Claim,AX-01391
Phone,Display fault,2026-04-19,2026-09-23,2026-09-12,2026-04-17,12,None,1,SN82XM6BZM,SN82XM6BZM,INV434681145,,,1,1.0,0,repair_before_purchase,2027-04-19,157,208,11,-2.0,1,0,1,Manual Review,AX-01392
Laptop,Display fault,2026-04-21,2026-09-23,2026-09-20,2026-07-03,12,None,1,SN4376SQMQ,SN4376SQMX,INV461185578,,,1,1.0,0,serial_mismatch,2027-04-21,155,210,3,73.0,0,0,0,Manual Review,AX-01393
Phone,Battery fault,2025-01-20,2026-09-23,2026-09-07,2024-12-22,24,None,1,SNVGP7SRK5,SNVGP7SRK5,INV921126208,,,1,1.0,0,repair_before_purchase,2027-01-20,611,119,16,-29.0,1,0,1,Manual Review,AX-01394
Appliance,Power fault,2026-02-13,2026-09-23,2026-09-17,2026-06-09,12,None,0,SNZE89VXF7,SNZE89VXF7,,,,1,1.0,1,missing_proof,2027-02-13,222,143,6,116.0,1,0,0,Manual Review,AX-01395
Laptop,Display fault,2025-07-15,2026-09-23,2026-09-22,2026-02-14,24,None,1,SNRS2ENHZR,SNRS2ENHZR,INV577747317,,,1,1.0,0,covered_fault,2027-07-15,435,295,1,214.0,1,0,0,Valid Claim,AX-01396
Laptop,Display fault,2026-07-18,2026-09-23,2026-09-10,2026-08-23,12,Liquid,1,SNKVB4FTJS,SNKVB4FTJS,INV708516046,,,1,1.0,0,excluded_damage,2027-07-18,67,298,13,36.0,1,0,0,Invalid Claim,AX-01397
Appliance,Power fault,2026-06-13,2026-09-23,2026-09-14,2026-06-30,12,None,1,SNACBS9CWR,SNACBS9CWR,INV471726490,INV471726490,PRIOR-INV471726490,1,1.0,0,duplicate,2027-06-13,102,263,9,17.0,1,1,0,Manual Review,AX-01398
Laptop,Power fault,2025-06-22,2026-09-23,2026-10-13,,24,None,1,SNSXJQUNW3,SNSXJQUNW3,INV387031495,,,0,,0,fault_after_claim,2027-06-22,458,272,-20,,1,0,1,Manual Review,AX-01399
Phone,Power fault,2026-02-11,2026-09-23,2026-09-10,2026-01-09,12,None,1,SN6UUKFLAD,SN6UUKFLAD,INV171300967,,,1,1.0,0,repair_before_purchase,2027-02-11,224,141,13,-33.0,1,0,1,Manual Review,AX-01400
Appliance,Power fault,2026-06-18,2026-09-23,2026-09-19,2026-07-19,12,None,1,SNLW3TNPVT,SNLW3TNPVT,INV933857475,,,1,1.0,0,authorized_repair,2027-06-18,97,268,4,31.0,1,0,0,Valid Claim,AX-01401
Laptop,Power fault,2025-12-22,2026-09-23,2026-09-20,,24,Liquid,1,SNHTM6KF4F,SNHTM6KF4F,INV618141460,,,0,,0,excluded_damage,2027-12-22,275,455,3,,1,0,0,Invalid Claim,AX-01402
Phone,Power fault,2025-12-14,2026-09-23,2026-09-22,2026-08-16,12,None,1,SN2TBRVR96,SN2TBRVR96,INV849922507,,,1,1.0,0,authorized_repair,2026-12-14,283,82,1,245.0,1,0,0,Valid Claim,AX-01403
Appliance,Motor fault,2024-12-22,2026-09-23,2026-09-09,,24,Liquid,1,SNCAAFFSDU,SNCAAFFSDU,INV082927863,,,0,,0,excluded_damage,2026-12-22,640,90,14,,1,0,0,Invalid Claim,AX-01404
Phone,Battery fault,2025-01-11,2026-09-23,2026-09-20,,36,None,1,SNXEGVDP9K,SNXEGVDP9K,INV200831880,,,0,,0,covered_fault,2028-01-11,620,475,3,,1,0,0,Valid Claim,AX-01405
Phone,Display fault,2024-12-22,2026-09-23,2026-09-07,2025-05-30,24,None,1,SNBHH2JZE6,SNBHH2JZE6,INV840896210,INV840896210,PRIOR-INV840896210,1,1.0,0,duplicate,2026-12-22,640,90,16,159.0,1,1,0,Manual Review,AX-01406
Appliance,Motor fault,2026-02-13,2026-09-23,2026-09-20,2026-02-26,12,None,1,SNEW5Q53DD,SNEW5Q53DD,INV717009072,,,1,0.0,0,unauthorized_repair,2027-02-13,222,143,3,13.0,1,0,0,Invalid Claim,AX-01407
Appliance,Motor fault,2025-05-24,2026-09-23,2026-09-19,,36,None,1,SNKZ2VBMKE,SNKZ2VBMKE,INV209597326,,,0,,0,covered_fault,2028-05-24,487,609,4,,1,0,0,Valid Claim,AX-01408
Phone,Display fault,2026-07-14,2026-09-23,2026-10-09,,24,None,1,SNHRH57C9U,SNHRH57C9U,INV178775434,,,0,,0,fault_after_claim,2028-07-14,71,660,-16,,1,0,1,Manual Review,AX-01409
Phone,Battery fault,2025-12-17,2026-09-23,2026-09-21,,12,None,1,SNRTXVDKSU,SNRTXVDKSX,INV454598002,,,0,,0,serial_mismatch,2026-12-17,280,85,2,,0,0,0,Manual Review,AX-01410
Phone,Display fault,2024-06-18,2026-09-23,2026-09-14,2025-11-24,36,None,1,SN58JWN9T8,SN58JWN9T8,INV191921473,,,1,1.0,0,covered_fault,2027-06-18,827,268,9,524.0,1,0,0,Valid Claim,AX-01411
Appliance,Motor fault,2026-07-21,2026-09-23,2026-09-26,2026-08-21,12,None,1,SNS6NK7BU9,SNS6NK7BU9,INV641573734,,,1,1.0,0,fault_after_claim,2027-07-21,64,301,-3,31.0,1,0,1,Manual Review,AX-01412
Phone,Display fault,2026-05-20,2026-09-23,2026-09-22,2026-04-12,36,None,1,SN3GKA4LHZ,SN3GKA4LHZ,INV383949328,,,1,1.0,0,repair_before_purchase,2029-05-20,126,970,1,-38.0,1,0,1,Manual Review,AX-01413
Appliance,Power fault,2026-01-13,2026-09-23,2026-09-20,,24,None,1,SN8U9DA2K5,SN8U9DA2K5,INV784412053,,,0,,0,covered_fault,2028-01-13,253,477,3,,1,0,0,Valid Claim,AX-01414
Appliance,Motor fault,2025-01-16,2026-09-23,2026-09-16,,24,Liquid,1,SNFM943FA4,SNFM943FA4,INV661056035,,,0,,0,excluded_damage,2027-01-16,615,115,7,,1,0,0,Invalid Claim,AX-01415
Phone,Battery fault,2025-01-18,2026-09-23,2026-09-21,2026-07-25,36,None,1,SNKU3V8YUU,SNKU3V8YUU,INV255430852,,,1,1.0,0,covered_fault,2028-01-18,613,482,2,553.0,1,0,0,Valid Claim,AX-01416
Appliance,Motor fault,2026-02-12,2026-09-23,2026-09-15,,12,None,1,SNJQJLBWJ2,SNJQJLBWJ2,INV246076763,INV246076763,PRIOR-INV246076763,0,,0,duplicate,2027-02-12,223,142,8,,1,1,0,Manual Review,AX-01417
Appliance,Power fault,2025-11-11,2026-09-23,2026-09-16,,24,None,1,SNT8EMKFYB,SNT8EMKFYX,INV659671650,,,0,,0,serial_mismatch,2027-11-11,316,414,7,,0,0,0,Manual Review,AX-01418
Phone,Battery fault,2025-05-19,2026-09-23,2026-09-10,,36,Impact,1,SN4CY99N4U,SN4CY99N4U,INV048932609,,,0,,0,excluded_damage,2028-05-19,492,604,13,,1,0,0,Invalid Claim,AX-01419
Appliance,Motor fault,2024-06-23,2026-09-23,2026-09-14,2025-04-24,24,None,1,SNUT8CY25W,SNUT8CY25W,INV202907065,,,1,1.0,0,expired,2026-06-23,822,-92,9,305.0,1,0,0,Invalid Claim,AX-01420
Phone,Power fault,2025-08-12,2026-09-23,2026-09-16,,36,Impact,1,SNK8ZSHXVM,SNK8ZSHXVM,INV291878988,,,0,,0,excluded_damage,2028-08-12,407,689,7,,1,0,0,Invalid Claim,AX-01421
Appliance,Power fault,2024-04-11,2026-09-23,2026-09-22,2025-11-08,36,None,1,SNSAEXG2FK,SNSAEXG2FK,INV286270818,,,1,1.0,0,covered_fault,2027-04-11,895,200,1,576.0,1,0,0,Valid Claim,AX-01422
Appliance,Power fault,2025-10-15,2026-09-23,2026-09-18,2025-12-02,24,Impact,1,SNFD86SZH9,SNFD86SZH9,INV939500543,,,1,1.0,0,excluded_damage,2027-10-15,343,387,5,48.0,1,0,0,Invalid Claim,AX-01423
Phone,Power fault,2025-11-12,2026-09-23,2026-09-11,2026-08-20,24,None,1,SNQRU55C9W,SNQRU55C9W,INV687398432,,,1,1.0,0,authorized_repair,2027-11-12,315,415,12,281.0,1,0,0,Valid Claim,AX-01424
Appliance,Mechanical fault,2025-12-17,2026-09-23,2026-09-18,,12,Liquid,1,SNM74PF4HN,SNM74PF4HN,INV863884924,,,0,,0,excluded_damage,2026-12-17,280,85,5,,1,0,0,Invalid Claim,AX-01425
Phone,Display fault,2026-05-16,2026-09-23,2026-09-12,2026-07-22,12,None,1,SNPLUQZRYT,SNPLUQZRYT,INV649140849,,,1,0.0,0,unauthorized_repair,2027-05-16,130,235,11,67.0,1,0,0,Invalid Claim,AX-01426
Laptop,Power fault,2024-03-12,2026-09-23,2026-09-17,2024-04-24,36,Impact,1,SN6L79ELWZ,SN6L79ELWZ,INV859783889,,,1,1.0,0,excluded_damage,2027-03-12,925,170,6,43.0,1,0,0,Invalid Claim,AX-01427
Laptop,Display fault,2026-04-21,2026-09-23,2026-09-14,,12,None,1,SNKRE5V9KX,SNKRE5V9KX,INV441226936,,,0,,0,covered_fault,2027-04-21,155,210,9,,1,0,0,Valid Claim,AX-01428
Laptop,Battery fault,2024-02-18,2026-09-23,2026-09-19,,24,None,1,SNQJUWXU2H,SNQJUWXU2H,INV230075688,,,0,,0,expired,2026-02-18,948,-217,4,,1,0,0,Invalid Claim,AX-01429
Laptop,Display fault,2025-03-16,2026-09-23,2026-09-11,,24,None,1,SNNYJANC78,SNNYJANC78,INV149102039,INV149102039,PRIOR-INV149102039,0,,0,duplicate,2027-03-16,556,174,12,,1,1,0,Manual Review,AX-01430
Appliance,Motor fault,2025-04-19,2026-09-23,2026-09-19,,12,None,1,SNDJL6FG3H,SNDJL6FG3H,INV285588556,,,0,,0,expired,2026-04-19,522,-157,4,,1,0,0,Invalid Claim,AX-01431
Phone,Battery fault,2025-10-18,2026-09-23,2026-09-07,2026-03-02,24,None,1,SNDKVUEF23,SNDKVUEF23,INV861996772,,,1,0.0,0,unauthorized_repair,2027-10-18,340,390,16,135.0,1,0,0,Invalid Claim,AX-01432
Laptop,Power fault,2024-03-13,2026-09-23,2026-09-14,,36,None,1,SNW5YU3YTD,SNW5YU3YTD,INV516505148,,,0,,0,covered_fault,2027-03-13,924,171,9,,1,0,0,Valid Claim,AX-01433
Laptop,Battery fault,2024-12-23,2026-09-23,2026-10-03,,36,None,1,SNGAM7CADN,SNGAM7CADN,INV506273036,,,0,,0,fault_after_claim,2027-12-23,639,456,-10,,1,0,1,Manual Review,AX-01434
Phone,Power fault,2025-07-17,2026-09-23,2026-09-14,,24,None,0,SNURPV8LXN,SNURPV8LXN,,,,0,,1,missing_proof,2027-07-17,433,297,9,,1,0,0,Manual Review,AX-01435
Laptop,Power fault,2026-03-12,2026-09-23,2026-09-18,,12,None,1,SN8YEZP7KB,SN8YEZP7KB,INV926339895,,,0,,0,covered_fault,2027-03-12,195,170,5,,1,0,0,Valid Claim,AX-01436
Laptop,Display fault,2025-05-19,2026-09-23,2026-09-08,2026-05-10,24,None,1,SNYUV2EKHM,SNYUV2EKHM,INV329164427,,,1,1.0,0,authorized_repair,2027-05-19,492,238,15,356.0,1,0,0,Valid Claim,AX-01437
Appliance,Mechanical fault,2024-03-13,2026-09-23,2026-09-08,2024-02-29,36,None,1,SN4ARBBR8D,SN4ARBBR8D,INV228002576,,,1,1.0,0,repair_before_purchase,2027-03-13,924,171,15,-13.0,1,0,1,Manual Review,AX-01438
Laptop,Display fault,2025-10-15,2026-09-23,2026-09-19,,36,None,1,SN7HM95S2G,SN7HM95S2G,INV213861872,,,0,,0,covered_fault,2028-10-15,343,753,4,,1,0,0,Valid Claim,AX-01439
Laptop,Display fault,2025-03-19,2026-09-23,2026-09-16,,24,Liquid,1,SNKYPL3E2B,SNKYPL3E2B,INV035830720,,,0,,0,excluded_damage,2027-03-19,553,177,7,,1,0,0,Invalid Claim,AX-01440
Laptop,Power fault,2025-11-11,2026-09-23,2026-09-09,,24,Impact,1,SNPPLPF47L,SNPPLPF47L,INV844504979,,,0,,0,excluded_damage,2027-11-11,316,414,14,,1,0,0,Invalid Claim,AX-01441
Laptop,Power fault,2026-06-19,2026-09-23,2026-09-10,,36,Liquid,1,SN3P32NFVR,SN3P32NFVR,INV569789754,,,0,,0,excluded_damage,2029-06-19,96,1000,13,,1,0,0,Invalid Claim,AX-01442
Appliance,Motor fault,2026-01-13,2026-09-23,2026-09-12,2026-06-26,12,None,1,SNJUM4AX5L,SNJUM4AX5L,INV954192352,INV954192352,PRIOR-INV954192352,1,1.0,0,duplicate,2027-01-13,253,112,11,164.0,1,1,0,Manual Review,AX-01443
Phone,Power fault,2024-01-19,2026-09-23,2026-09-19,,36,Liquid,1,SN8ANP8DMK,SN8ANP8DMK,INV096276880,,,0,,0,excluded_damage,2027-01-19,978,118,4,,1,0,0,Invalid Claim,AX-01444
Laptop,Power fault,2025-04-14,2026-09-23,2026-09-17,,24,None,1,SNTRELQBMA,SNTRELQBMA,INV189546484,,,0,,0,covered_fault,2027-04-14,527,203,6,,1,0,0,Valid Claim,AX-01445
Laptop,Battery fault,2024-06-16,2026-09-23,2026-09-09,,24,None,1,SN5NGS8AUH,SN5NGS8AUH,INV120868628,,,0,,0,expired,2026-06-16,829,-99,14,,1,0,0,Invalid Claim,AX-01446
Appliance,Power fault,2026-04-13,2026-09-23,2026-10-11,2026-07-16,12,None,1,SNVQSYWPFB,SNVQSYWPFB,INV306004012,,,1,1.0,0,fault_after_claim,2027-04-13,163,202,-18,94.0,1,0,1,Manual Review,AX-01447
Appliance,Motor fault,2024-12-19,2026-09-23,2026-09-21,,36,Liquid,1,SNZFUB5KB4,SNZFUB5KB4,INV420468359,,,0,,0,excluded_damage,2027-12-19,643,452,2,,1,0,0,Invalid Claim,AX-01448
Laptop,Display fault,2025-06-18,2026-09-23,2026-09-15,,36,Impact,1,SNEGRTUCE4,SNEGRTUCE4,INV525490213,,,0,,0,excluded_damage,2028-06-18,462,634,8,,1,0,0,Invalid Claim,AX-01449
Appliance,Mechanical fault,2024-05-22,2026-09-23,2026-09-12,,36,None,1,SN9PAVCDDT,SN9PAVCDDT,INV063328203,,,0,,0,covered_fault,2027-05-22,854,241,11,,1,0,0,Valid Claim,AX-01450
Appliance,Mechanical fault,2026-05-15,2026-09-23,2026-09-13,2026-07-03,12,None,1,SNPKZZABMA,SNPKZZABMA,INV728054445,INV728054445,PRIOR-INV728054445,1,1.0,0,duplicate,2027-05-15,131,234,10,49.0,1,1,0,Manual Review,AX-01451
Appliance,Mechanical fault,2026-07-23,2026-09-23,2026-09-17,2026-07-22,36,None,1,SNF3CGSMAW,SNF3CGSMAW,INV201018372,,,1,1.0,0,repair_before_purchase,2029-07-23,62,1034,6,-1.0,1,0,1,Manual Review,AX-01452
Laptop,Power fault,2022-03-24,2026-09-23,2026-09-10,,36,None,1,SNWX3MY6X5,SNWX3MY6X5,INV737340618,,,0,,0,expired,2025-03-24,1644,-548,13,,1,0,0,Invalid Claim,AX-01453
Laptop,Power fault,2025-09-23,2026-09-23,2026-09-16,,36,Impact,1,SNYUXX9C28,SNYUXX9C28,INV396027640,,,0,,0,excluded_damage,2028-09-23,365,731,7,,1,0,0,Invalid Claim,AX-01454
Phone,Power fault,2025-12-12,2026-09-23,2026-09-19,2026-06-10,12,None,1,SNLDNYX3NR,SNLDNYX3NR,INV813142022,,,1,0.0,0,unauthorized_repair,2026-12-12,285,80,4,180.0,1,0,0,Invalid Claim,AX-01455
Phone,Power fault,2025-12-18,2026-09-23,2026-09-21,2026-01-20,24,None,1,SNKPUFGW8V,SNKPUFGW8V,INV360780797,,,1,1.0,0,covered_fault,2027-12-18,279,451,2,33.0,1,0,0,Valid Claim,AX-01456
Appliance,Mechanical fault,2026-04-17,2026-09-23,2026-09-09,,36,None,1,SNM5Q27RP9,SNM5Q27RP9,INV535923086,INV535923086,PRIOR-INV535923086,0,,0,duplicate,2029-04-17,159,937,14,,1,1,0,Manual Review,AX-01457
Phone,Display fault,2025-08-12,2026-09-23,2026-09-16,,24,None,1,SNJ4SWDAMV,SNJ4SWDAMV,INV185318762,,,0,,0,covered_fault,2027-08-12,407,323,7,,1,0,0,Valid Claim,AX-01458
Laptop,Battery fault,2025-12-23,2026-09-23,2026-09-11,2026-03-05,12,None,1,SN8QZJ9M5S,SN8QZJ9M5S,INV373063737,,,1,1.0,0,authorized_repair,2026-12-23,274,91,12,72.0,1,0,0,Valid Claim,AX-01459
Laptop,Display fault,2026-06-15,2026-09-23,2026-09-15,2026-06-06,12,None,1,SNLCX7MM2H,SNLCX7MM2H,INV407118414,,,1,1.0,0,repair_before_purchase,2027-06-15,100,265,8,-9.0,1,0,1,Manual Review,AX-01460
Laptop,Battery fault,2025-05-23,2026-09-23,2026-09-14,2026-02-11,36,None,1,SN2YM4HW5Y,SN2YM4HW5Y,INV042643438,,,1,1.0,0,covered_fault,2028-05-23,488,608,9,264.0,1,0,0,Valid Claim,AX-01461
Appliance,Motor fault,2024-06-23,2026-09-23,2026-09-12,2025-09-28,36,None,0,SNYXHXN73U,SNYXHXN73U,,,,1,1.0,1,missing_proof,2027-06-23,822,273,11,462.0,1,0,0,Manual Review,AX-01462
Appliance,Motor fault,2026-02-12,2026-09-23,2026-09-08,2026-01-02,12,None,1,SNA3GAYUP7,SNA3GAYUP7,INV350462870,,,1,1.0,0,repair_before_purchase,2027-02-12,223,142,15,-41.0,1,0,1,Manual Review,AX-01463
Phone,Display fault,2026-03-21,2026-09-23,2026-09-16,2026-05-17,12,None,1,SNEB9V2Q6U,SNEB9V2Q6U,INV733168887,,,1,1.0,0,authorized_repair,2027-03-21,186,179,7,57.0,1,0,0,Valid Claim,AX-01464
Phone,Power fault,2025-11-17,2026-09-23,2026-09-22,2026-03-23,12,None,1,SN7RUXQ62V,SN7RUXQ62X,INV203778577,,,1,1.0,0,serial_mismatch,2026-11-17,310,55,1,126.0,0,0,0,Manual Review,AX-01465
Appliance,Mechanical fault,2025-12-11,2026-09-23,2026-09-09,2026-09-06,12,None,1,SNBZ626E9M,SNBZ626E9M,INV799725294,,,1,0.0,0,unauthorized_repair,2026-12-11,286,79,14,269.0,1,0,0,Invalid Claim,AX-01466
Phone,Power fault,2025-11-21,2026-09-23,2026-09-15,,36,None,1,SNCWSL73UJ,SNCWSL73UX,INV783763964,,,0,,0,serial_mismatch,2028-11-21,306,790,8,,0,0,0,Manual Review,AX-01467
Phone,Battery fault,2024-11-12,2026-09-23,2026-09-20,,24,None,1,SNUJ4AC6QE,SNUJ4AC6QE,INV983041583,,,0,,0,covered_fault,2026-11-12,680,50,3,,1,0,0,Valid Claim,AX-01468
Laptop,Power fault,2022-05-17,2026-09-23,2026-09-08,,36,None,1,SNEPXPGAJB,SNEPXPGAJB,INV896314509,,,0,,0,expired,2025-05-17,1590,-494,15,,1,0,0,Invalid Claim,AX-01469
Phone,Battery fault,2024-04-19,2026-09-23,2026-10-03,2025-08-18,36,None,1,SNJZPJAQT2,SNJZPJAQT2,INV775425656,,,1,1.0,0,fault_after_claim,2027-04-19,887,208,-10,486.0,1,0,1,Manual Review,AX-01470
Appliance,Mechanical fault,2024-07-22,2026-09-23,2026-09-15,2026-01-12,36,None,1,SNB8DALEYP,SNB8DALEYP,INV798701236,,,1,1.0,0,authorized_repair,2027-07-22,793,302,8,539.0,1,0,0,Valid Claim,AX-01471
Phone,Power fault,2024-11-13,2026-09-23,2026-09-30,,24,None,1,SNC8BYBN4E,SNC8BYBN4E,INV051352243,,,0,,0,fault_after_claim,2026-11-13,679,51,-7,,1,0,1,Manual Review,AX-01472
Laptop,Battery fault,2025-05-24,2026-09-23,2026-09-11,,36,Impact,1,SNFDPUG5FA,SNFDPUG5FA,INV149550926,,,0,,0,excluded_damage,2028-05-24,487,609,12,,1,0,0,Invalid Claim,AX-01473
Laptop,Battery fault,2025-01-14,2026-09-23,2026-09-22,2026-02-14,12,None,1,SN8CZ9JRD5,SN8CZ9JRD5,INV241121235,,,1,1.0,0,expired,2026-01-14,617,-252,1,396.0,1,0,0,Invalid Claim,AX-01474
Phone,Battery fault,2023-06-13,2026-09-23,2026-09-20,,36,None,1,SNUH2TFF4C,SNUH2TFF4C,INV928640546,,,0,,0,expired,2026-06-13,1198,-102,3,,1,0,0,Invalid Claim,AX-01475
Laptop,Power fault,2022-03-23,2026-09-23,2026-09-11,,36,None,1,SNULVTKSVY,SNULVTKSVY,INV345554201,,,0,,0,expired,2025-03-23,1645,-549,12,,1,0,0,Invalid Claim,AX-01476
Laptop,Battery fault,2025-11-22,2026-09-23,2026-09-08,,12,Impact,1,SNA56FDVAD,SNA56FDVAD,INV725614531,,,0,,0,excluded_damage,2026-11-22,305,60,15,,1,0,0,Invalid Claim,AX-01477
Appliance,Motor fault,2024-06-20,2026-09-23,2026-09-20,,36,None,1,SNQ3Q5QDRW,SNQ3Q5QDRW,INV145006635,,,0,,0,covered_fault,2027-06-20,825,270,3,,1,0,0,Valid Claim,AX-01478
Laptop,Display fault,2024-11-10,2026-09-23,2026-09-10,,12,None,1,SN635FPYBN,SN635FPYBN,INV362066111,,,0,,0,expired,2025-11-10,682,-317,13,,1,0,0,Invalid Claim,AX-01479
Appliance,Power fault,2024-03-13,2026-09-23,2026-09-09,,36,None,1,SNS2T658JX,SNS2T658JY,INV192513981,,,0,,0,serial_mismatch,2027-03-13,924,171,14,,0,0,0,Manual Review,AX-01480
Appliance,Mechanical fault,2025-01-22,2026-09-23,2026-09-12,2026-03-07,24,None,1,SNYW5APLWD,SNYW5APLWD,INV934108454,,,1,1.0,0,authorized_repair,2027-01-22,609,121,11,409.0,1,0,0,Valid Claim,AX-01481
Laptop,Display fault,2026-01-12,2026-09-23,2026-09-11,,12,Liquid,1,SN7JL3L6B5,SN7JL3L6B5,INV903551080,,,0,,0,excluded_damage,2027-01-12,254,111,12,,1,0,0,Invalid Claim,AX-01482
Phone,Display fault,2025-12-11,2026-09-23,2026-09-13,,36,Liquid,1,SNFWDKBYCL,SNFWDKBYCL,INV346910583,,,0,,0,excluded_damage,2028-12-11,286,810,10,,1,0,0,Invalid Claim,AX-01483
Laptop,Display fault,2026-03-15,2026-09-23,2026-09-18,2026-09-05,12,None,1,SNEDQJ5PYC,SNEDQJ5PYC,INV864428741,,,1,0.0,0,unauthorized_repair,2027-03-15,192,173,5,174.0,1,0,0,Invalid Claim,AX-01484
Laptop,Battery fault,2026-06-18,2026-09-23,2026-09-17,,24,Liquid,1,SNPDWR2WEG,SNPDWR2WEG,INV527028054,,,0,,0,excluded_damage,2028-06-18,97,634,6,,1,0,0,Invalid Claim,AX-01485
Phone,Power fault,2025-10-12,2026-09-23,2026-09-07,,36,None,1,SNX9EE356Y,SNX9EE356Y,INV964483240,,,0,,0,covered_fault,2028-10-12,346,750,16,,1,0,0,Valid Claim,AX-01486
Appliance,Mechanical fault,2026-06-22,2026-09-23,2026-09-08,,12,None,1,SN5RLQHNBZ,SN5RLQHNBZ,INV336755875,,,0,,0,covered_fault,2027-06-22,93,272,15,,1,0,0,Valid Claim,AX-01487
Phone,Battery fault,2025-07-24,2026-09-23,2026-09-17,2026-03-16,24,None,1,SN7UXE5FYP,SN7UXE5FYP,INV374611262,,,1,1.0,0,authorized_repair,2027-07-24,426,304,6,235.0,1,0,0,Valid Claim,AX-01488
Appliance,Motor fault,2026-05-14,2026-09-23,2026-09-10,2026-08-26,24,None,1,SNJGLHE898,SNJGLHE898,INV913052228,,,1,0.0,0,unauthorized_repair,2028-05-14,132,599,13,104.0,1,0,0,Invalid Claim,AX-01489
Phone,Display fault,2026-07-14,2026-09-23,2026-09-12,,24,None,1,SN3PY3HLB4,SN3PY3HLB4,INV721508513,INV721508513,PRIOR-INV721508513,0,,0,duplicate,2028-07-14,71,660,11,,1,1,0,Manual Review,AX-01490
Phone,Power fault,2025-02-16,2026-09-23,2026-09-11,2025-05-07,36,None,1,SNBBRMU8CZ,SNBBRMU8CZ,INV587255626,,,1,1.0,0,authorized_repair,2028-02-16,584,511,12,80.0,1,0,0,Valid Claim,AX-01491
Phone,Battery fault,2026-07-20,2026-09-23,2026-09-13,2026-07-11,24,None,1,SNTCH9SU7D,SNTCH9SU7D,INV788347449,,,1,1.0,0,repair_before_purchase,2028-07-20,65,666,10,-9.0,1,0,1,Manual Review,AX-01492
Appliance,Power fault,2026-01-18,2026-09-23,2026-09-10,,12,None,1,SNM7G9F2AZ,SNM7G9F2AZ,INV927808761,,,0,,0,covered_fault,2027-01-18,248,117,13,,1,0,0,Valid Claim,AX-01493
Phone,Battery fault,2026-06-13,2026-09-23,2026-09-15,,12,None,1,SNX9E6E633,SNX9E6E63X,INV918256638,,,0,,0,serial_mismatch,2027-06-13,102,263,8,,0,0,0,Manual Review,AX-01494
Appliance,Mechanical fault,2026-06-20,2026-09-23,2026-10-02,,24,None,1,SN7C5GTUV6,SN7C5GTUV6,INV740802217,,,0,,0,fault_after_claim,2028-06-20,95,636,-9,,1,0,1,Manual Review,AX-01495
Appliance,Motor fault,2025-06-14,2026-09-23,2026-09-22,,24,None,0,SNL829CS5Q,SNL829CS5Q,,,,0,,2,missing_proof,2027-06-14,466,264,1,,1,0,0,Manual Review,AX-01496
Appliance,Mechanical fault,2025-03-17,2026-09-23,2026-09-21,2025-08-13,24,None,1,SNPXAJ7SNX,SNPXAJ7SNX,INV167723058,,,1,0.0,0,unauthorized_repair,2027-03-17,555,175,2,149.0,1,0,0,Invalid Claim,AX-01497
Appliance,Motor fault,2023-12-14,2026-09-23,2026-09-26,,36,None,1,SN2DXN8ZV2,SN2DXN8ZV2,INV416301507,,,0,,0,fault_after_claim,2026-12-14,1014,82,-3,,1,0,1,Manual Review,AX-01498
Laptop,Power fault,2025-11-15,2026-09-23,2026-09-21,,36,None,1,SNUJS76ELS,SNUJS76ELS,INV110188792,,,0,,0,covered_fault,2028-11-15,312,784,2,,1,0,0,Valid Claim,AX-01499
Laptop,Battery fault,2025-04-21,2026-09-23,2026-09-17,,24,Impact,1,SNAVJ28CW9,SNAVJ28CW9,INV453169571,,,0,,0,excluded_damage,2027-04-21,520,210,6,,1,0,0,Invalid Claim,AX-01500
